english,name,type,dosage,disposition
TETRACYCLINE HYDROCHLORIDE,تتراکیم,کپسول,250 mg,خوراکی 
IBUPROFEN,ایبوپروفن,سوسپانسیون,100 mg/5mL 120 mL,خوراکی 
METHOCARBAMOL,رباکسول,قرص,500 mg,خوراکی 
HYOSCINE-N-BUTYL BROMIDE,هیوسین-ان-بوتیل بروماید,قرص,10 mg,خوراکی 
DIPHENHYDRAMINE HYDROCHLORIDE,دیفن هیدرامین,محلول,12.5 mg/5mL 60 mL,خوراکی 
OFLOXACIN,افلوکسیر,قرص,300 mg,خوراکی 
ACETAMINOPHEN,مینوفن,کپسول,500 mg,با روکش ژلاتین خوراکی 
VITAMIN B6,ویتامین ب6,تزریقی,100 mg/1mL 3 mL,پرنترال 
NITRAZEPAM,زیپکس,قرص,5 mg,خوراکی 
GLYCERIN,لاکساتور,شیاف,2 g,مقعدی 
BETAMETHASONE LA (BETAMETHASONE AS DISODIUM PHOSPHATE / BETAMETHASONE ACETATE),بتامتازون ال آ,سوسپانسیون,3 mg/3 mg/1mL mL,تزریقی پیوسته رهش پرنترال  
CLOZAPINE,کلوزاپین,قرص,25 mg,خوراکی 
VITAMIN D3,سان ویت,تزریقی,300000 [iU]/1mL mL,پرنترال 
SODIUM CHLORIDE,سدیم کلراید (بگ),محلول,0.9 % 500 L,تزریقی پرنترال 
RIVASTIGMINE (AS HYDROGEN TARTRATE),ریواستیگمین سها,کپسول,1.5 mg,خوراکی 
FLUOROURACIL,افودیکس,کرم,5 % 20 g,موضعی 
MEGESTROL ACETATE,مژکس-آی,سوسپانسیون,40 mg/1mL 240 g,خوراکی 
ERYTHROMYCIN,اریتروماکس,پودر,200 mg/5mL 100 mL,برای تهیه سوسپانسیون خوراکی 
CALCITRIOL,کلسیتریول,کپسول,0.25 ug,حاوی مایع خوراکی 
LATANOPROST,زالابایوست,"محلول،",50 ug/1mL 2.5 mL,قطره چشمی 
METOCLOPRAMIDE (AS HYDROCHLORIDE),اسوه-متوکلوپرامید,تزریقی,5 mg/1mL 2 mL,پرنترال 
AZITHROMYCIN,آزیترومایسین,پودر,200 mg/5mL 30 mL,برای تهیه سوسپانسیون خوراکی 
METOCLOPRAMIDE (AS HYDROCHLORIDE),دمتیک,تزریقی,5 mg/1mL 2 mL,پرنترال 
SALBUTAMOL (AS SULFATE),سالبوتامول,شربت,2 mg/5mL 120 mL,خوراکی 
IOHEXOL,امنی پک,تزریقی,350 mg/1mL 100 mL,پرنترال 
LATANOPROST / TIMOLOL (AS MALEATE),کوپروست,"محلول،",50 ug/5 mg/1mL 2.5 mL,قطره چشمی 
BETAMETHASONE (AS DISODIUM PHOSPHATE),بتازون,تزریقی,4 mg/1mL mL,پرنترال 
NAPROXEN,ناپروکسن,قرص,500 mg,انتریک کوتد خوراکی 
VITAMIN B1 (THIAMINE),تیاماکس,قرص,300 mg,خوراکی 
LITHIUM CARBONATE,لیتمون,قرص,300 mg,خوراکی 
MEFENAMIC ACID,مفنامیک اسید-حکیم,کپسول,250 mg,خوراکی 
KETOCONAZOLE,کتوکونازول,شامپو,2 % 100 mL,موضعی 
SODIUM BICARBONATE,سدیم بیکربنات (بگ),تزریقی,7.5 % 50 mL,پرنترال 
VITAMIN B1 (THIAMINE),ویتامین ب1,قرص,100 mg,خوراکی 
CLINDAMYCIN (AS PHOSPHATE),کلیندامایسین-سپیداج,محلول,10 mg/1mL 60 mL,موضعی 
HEPARIN SODIUM,هپارین,تزریقی,5000 [iU]/1mL 1 mL,پرنترال 
VITAMIN A,آ- ویژل,کپسول,50000 [iU],حاوی مایع خوراکی 
BOTULINUM A TOXIN,دیسپورت,پودر,500 [iU] [iU],لئوفیلیزه برای تهیه محلول تزریقی پرنترال 
MENTHOL SALICYLATE,منتودیک,پماد,10 %/15 % 30 g,موضعی 
POTASSIUM AMINOBENZOIC ACID (POTABA),پابا-کا,قرص,500 mg,خوراکی 
CETIRIZINE HYDROCHLORIDE,آپو-ستیریزین,قرص,10 mg,خوراکی 
MESALAZINE,کولیوا,شیاف,500 mg,مقعدی 
LEVOTHYROXINE SODIUM,یوتیروکس,قرص,100 ug,خوراکی 
BUPROPION HYDROCHLORIDE,زیبوترین,قرص,150 mg,پیوسته رهش خوراکی 
OXYTOCIN,اکسی توسین,تزریقی,10 [iU]/1mL mL,پرنترال 
TRIAMCINOLONE ACETONIDE,کورتیران,تزریقی,40 mg/1mL 1 mL,پرنترال 
ESCITALOPRAM (AS OXALATE),ازیپم,قرص,10 mg,خوراکی 
DICLOFENAC SODIUM,دیکلوفناک-سبحان,قرص,25 mg,انتریک کوتد خوراکی 
TADALAFIL,تاداگرا,قرص,20 mg,خوراکی 
VENLAFAXINE,آلوینتا,کپسول,x 75 mg,پیوسته کوتد خوراکی 
CHLORAMPHENICOL,کلوبیوتیک,"محلول،",0.5 % 10 mL,قطره چشمی 
PREGABALIN,پرگابالین,کپسول,75 mg,خوراکی 
THEOPHYLLINE / GUAIFENESIN,تئوکال-جی,,50 mg/30 mg/5mL 120 mL,محلول خوراکی 
CALAMINE,کالامکس,کرم,8 % 30 g,موضعی 
CO-AMOXICLAV,کلاموکس,پودر,250 mg/62.5 mg/5mL 100 mL,برای تهیه سوسپانسیون خوراکی 
IMIPRAMINE HYDROCHLORIDE,ایمی پرامین,قرص,10 mg,خوراکی 
CLINDAMYCIN (AS PHOSPHATE),آفیندامایسین,محلول,10 mg/1mL 60 mL,موضعی 
GLICLAZIDE,گلی کلازید,قرص,80 mg,خوراکی 
AMOXICILLIN,آفاموکس,پودر,250 mg/5mL 100 mg,برای تهیه سوسپانسیون خوراکی 
MEROPENEM,مروپنم,پودر,1 g g,برای تهیه محلول تزریقی پرنترال 
PSEUDOEPHEDRINE HYDROCHLORIDE,سودوافدرین,شربت,30 mg/5mL 60 mm,خوراکی 
AZITHROMYCIN,آزیروسین,قرص,250 mg,خوراکی 
GADOTERATE MEGLUMINE,دوتارم,تزریقی,376.9 mg/1mL 15 mL,پرنترال 
ANTIHEMORRHOID,ایپروئید,شیاف,60 mg/5 mg/50 mg/400 mg,مقعدی 
LOVASTATIN,لواسترول,قرص,20 mg,خوراکی 
BETAMETHASONE (AS DISODIUM PHOSPHATE),بتامتازون,تزریقی,4 mg/1mL mL,پرنترال 
NITROGLYCERIN,سوستاک,قرص,6.4 mg,پیوسته رهش خوراکی 
VITAMIN A,زیروویت,پماد,250 [iU]/1g 5 g,چشمی 
CLOTRIMAZOLE,کلوتریمازول بهسا,کرم,2 % 50 g,واژینال 
IRON (AS SUCROSE),فرینمیا,تزریقی,20 mg/1mL 5 mg,داخل وریدی 
ACETAMINOPHEN / CAFFEINE / IBUPROFEN,فارژزیک,کپسول,325 mg/40 mg/200 mg,خوراکی 
AZITHROMYCIN,آزیترومایسین سها,قرص,250 mg,خوراکی 
CLARITHROMYCIN,کلاریترومایسین,قرص,500 mg,خوراکی 
ESOMEPRAZOLE,اس و-کپ,کپسول,20 mg,انتریک کوتد خوراکی 
MAGNESIUM HYDROXIDE,لاکسی ژل,سوسپانسیون,8 % 240 mL,خوراکی 
AMIODARONE HYDROCHLORIDE,آمیودارون بایو اینداستریا ال.آی.ام,تزریقی,50 mg/1 mL 3 mg,پرنترال 
PANCURONIUM BROMIDE,کورپان,تزریقی,2 mg/1mL 2 mL,پرنترال 
FEXOFENADINE HYDROCHLORIDE,فکسوفنادین,قرص,120 mg,خوراکی 
MEFENAMIC ACID,مفنامیک اسید-الحاوی,کپسول,250 mg,خوراکی 
CLOXACILLIN (AS SODIUM),کلوگزاسیلین,کپسول,500 mg,خوراکی 
MEBEVERINE HYDROCHLORIDE,مبورین,کپسول,200 mg,پیوسته رهش خوراکی 
CHLORPHENIRAMINE MALEATE,کلرفنیرامین,تزریقی,10 mg/1mL mL,پرنترال 
VALSARTAN,والسارتان,قرص,80 mg,خوراکی 
CO-AMOXICLAV,فارمنتین بی دی,پودر,400 mg/57 mg/5 mL 100 mL,برای تهیه سوسپانسیون خوراکی 
CLOMIPRAMINE HYDROCHLORIDE,کلومیپرامین,قرص,25 mg,خوراکی 
MEMANTINE HYDROCHLORIDE,ممانتین,قرص,10 mg,خوراکی 
FOLLITROPIN ALFA,سینال اف,پودر,x 75 [iU] [iU],برای تهیه سوسپانسیون خوراکی 
PILOCARPINE HYDROCHLORIDE,بایوکارپین,"محلول،",4 % 10 mL,قطره چشمی 
ALPRAZOLAM,آلپرازولام,قرص,0.5 mg,خوراکی 
SALBUTAMOL (AS SULFATE),سالبوترکس,اسپری,100 ug/1{dose} 200 ug,با دوز اندازه گیری شده استنشاقی 
"CALCITONIN, SALMON",نازوکلسین,اسپری,100 [iU]/1 {dose} 16 mL,از راه بینی 
CIPROFLOXACIN (AS HYDROCHLORIDE),سیپروکیم,قرص,500 mg,خوراکی 
GENTAMICIN,جنتامایسین-اکسیر,تزریقی,10 mg/1mL 2 mL,پرنترال 
PNEUMOCOCCAL VACCINE 13-VALENT,واکسن پرونار 13,تزریقی,0.5 mL,پرنترال 
NYSTATIN,نیستاتین,قرص,100000 [iU],واژینال 
OXALIPLATIN,الوکسال,محلول,5 mg/1mL 20 mg,غلیظ تزریقی پرنترال 
DICLOFENAC SODIUM,دیکلوکیم,قرص,100 mg,پیوسته رهش خوراکی 
TETRACYCLINE HYDROCHLORIDE,آفی تترین,پماد,3 % 15 g,موضعی 
ERYTHROMYCIN,اریترومایسین-سپیداج,محلول,2 % 60 mL,موضعی 
KETOCONAZOLE,کتوکونازول- ناژو,کرم,2 % 30 g,موضعی 
ATORVASTATIN (AS CALCIUM),آتوکیم,قرص,10 mg,خوراکی 
ACETAMINOPHEN,استامینوفن,قرص,500 mg,خوراکی 
TRANEXAMIC ACID,ترانگزیپ,تزریقی,100 mg/1mL 5 mL,پرنترال 
IBUPROFEN,ایبوپروفن,تزریقی,100 mg/1mL 4 mL,پرنترال 
CALCITRIOL,زاویترول,کپسول,0.25 ug,حاوی مایع خوراکی 
PENICILLIN V (AS POTASSIUM),پنی سیلین وی,قرص,500 mg,خوراکی 
OCTREOTIDE (AS ACETATE),ساندوستاتین لار,پودر,20 mg mg,برای تهیه سوسپانسیون تزریقی پیوسته رهش پرنترال 
GENTAMICIN,جنتکس,"محلول،",3 mg/1mL 5 mL,قطره چشمی
DIPYRIDAMOLE,دی پیریدامول,قرص,75 mg,خوراکی 
DILTIAZEM HYDROCHLORIDE,دیلتیازم,قرص,60 mg,خوراکی 
NEOSTIGMINE METHYLSULFATE,ایپوستیگمین,تزریقی,0.5 mg/1mL 1 mL,پرنترال 
BARIUM SULFATE,بارکس,پودر,135 g g,برای تهیه سوسپانسیون خوراکی
ANTITHYMOCYTE IMMUNOGLOBULIN,آتگام,تزریقی,50 mg/1mL 5 mL,پرنترال 
LEVOFLOXACIN,لووفلوکساسین,قرص,500 mg,خوراکی 
DICLOFENAC SODIUM,دیکلوفناک بهسا,شیاف,50 mg,مقعدی 
CEFIXIME,زاکسیم,پودر,100 mg/5 mL 50 mL,برای تهیه سوسپانسیون خوراکی
CLINDAMYCIN (AS PHOSPHATE),دالاواگ,کرم,2 % 40 g,واژینال 
COAGULATION FACTOR VIII (HUMAN PLASMA DERIVED),هماکتین,پودر,500 [iU] [iU],لئوفیلیزه برای تهیه محلول تزریقی پرنترال
TRIAMCINOLONE ACETONIDE,تریامسیکورت,پماد,0.1 % 15 g,موضعی 
CLINDAMYCIN (AS PHOSPHATE),کلیندامایسین پاک دارو,محلول,10 mg/1mL 60 mL,موضعی 
DIPHENHYDRAMINE HYDROCHLORIDE,دیفن هیدرامین-حکیم,,12.5 mg/5mL 60 mL,محلول خوراکی
SILDENAFIL (AS CITRATE),ویزارسین,قرص,100 mg,خوراکی 
INDOMETHACIN,ایندومت,قرص,75 mg,پیوسته رهش خوراکی
DIAZEPAM,دیازپام,قرص,2 mg,خوراکی 
DULOXETINE,دلوکستین,کپسول,20 mg,انتریک کوتد خوراکی
DEXTROMETHORPHAN HYDROBROMIDE,دکسترومتورفان,شربت,15 mg/5mL 60 mL,خوراکی 
ETOPOSIDE,اتوپوزاید مایلن,محلول,20 mg/1mL 5 mg,تزریقی داخل وریدی
HYDROCORTISONE ACETATE,کورتینیل,پماد,1 % 15 g,موضعی 
TOPIRAMATE,توپیرامات سها,قرص,50 mg,خوراکی 
SITAGLIPTIN (AS PHOSPHATE),ژانووکس,قرص,50 mg,خوراکی 
DICLOFENAC SODIUM,آفیکلوناک,شیاف,100 mg,مقعدی 
SURFACTANT (BOVINE LIPID EXTRACT),بلس,سوسپانسیون,27 mg/1mL 5 mL,تزریقی از راه تراشه
RIBAVIRIN,ریبابایوویر,کپسول,200 mg,خوراکی 
CO-TRIMOXAZOLE,کوتریموکسازول,محلول,80 mg/16 mg/1mL 5 mL,تزریقی داخل وریدی
MAGNESIUM HYDROXIDE,لاکس-مل,سوسپانسیون,8 % 240 mL,خوراکی 
LOPERAMIDE HYDROCHLORIDE,لوپرامید-حکیم,قرص,2 mg,خوراکی 
LANSOPRAZOLE,لانسوپرازول-حکیم,کپسول,30 mg,انتریک کوتد خوراکی
CONTRACEPTIVE LD,اووستاپ-ال,قرص,30 ug/0.15 mg,خوراکی 
PROPRANOLOL HYDROCHLORIDE,پرانول,قرص,10 mg,خوراکی 
FLUTICASONE PROPIONATE,فلوتیزوکس,اینهالر,50 ug/1{dose} 120 ug,استنشاقی 
TAMSULOSIN HYDROCHLORIDE,تامسولوسین آریا,کپسول,0.4 mg,پیوسته رهش خوراکی
IOPAMIDOL,اسکن لوکس,تزریقی,370 mg/1mL 50 g,پرنترال 
PRAMIPEXOLE (AS DIHYDROCHLORIDE),سیفرول,قرص,0.52 mg,پیوسته رهش خوراکی
ATORVASTATIN (AS CALCIUM),آتورواستاتین,قرص,40 mg,خوراکی 
CROMOLYN SODIUM,کرومونیز,اسپری,20 mg/1mL 13 mL,از راه بینی
"CALCITONIN, SALMON",کلتونیکس,اسپری,200 [iU]/1{Puff} 14 [iU],از راه بینی
NORTRIPTYLINE (AS HYDROCHLORIDE),نورتریپتیلین,قرص,10 mg,خوراکی 
GUAIFENESIN,گایافنزین,شربت,100 mg/5mL 60 mL,خوراکی 
DICLOFENAC SODIUM,دیکلوفناک-جالینوس,قرص,25 mg,انتریک کوتد خوراکی
CO-TRIMOXAZOLE,کوتریموکسازول,سوسپانسیون,200 mg/40 mg/5mL 100 mL,خوراکی 
LANSOPRAZOLE,رهازل,کپسول,30 mg,انتریک کوتد خوراکی
ORLISTAT,ارلیستات,کپسول,120 mg,خوراکی 
CELECOXIB,سلکسوسد,کپسول,200 mg,خوراکی 
DEXTROSE,دکستروز,محلول,20 % 50 mL,تزریقی داخل وریدی
AMOXICILLIN,آموکسی سیلین,کپسول,500 mg,خوراکی 
DESMOPRESSIN ACETATE,دزمکس,اسپری,100 ug/1mL 5 mL,از راه بینی
FAMOTIDINE,فاموتد,قرص,40 mg,خوراکی 
GENTAMICIN,جنتامایسین,تزریقی,40 mg/1mL 1 mL,پرنترال 
TRIAMTERENE / HYDROCHLOROTHIAZIDE,تریامترن-اچ-تدافارم,قرص,50 mg/25 mg,خوراکی 
PEDIATRIC GRIPPE,کیدی کلد,شربت,0.67 mg/10 mg/5mL 60 mL,خوراکی 
MEGESTROL ACETATE,جستیران,قرص,40 mg,خوراکی 
CLONAZEPAM,کلونازپام-سبحان,قرص,2 mg,خوراکی 
MYCOPHENOLATE MOFETIL,سیتوگان,قرص,500 mg,خوراکی 
DICLOFENAC SODIUM,دیکلوفناک-بهوزان,شیاف,100 mg,مقعدی 
VITAMIN C,ویتامین سی,تزریقی,100 mg/1mL 5 mL,پرنترال 
PROPOFOL,پوفول,امولسیون,10 mg/1mL 20 mg,تزریقی پرنترال
ACETAMINOPHEN / CODEINE PHOSPHATE,استاژل-سی,کپسول,300 mg/20 mg,حاوی مایع خوراکی
CEFTIZOXIME,آفازوکس,پودر,500 mg mg,برای تهیه محلول تزریقی پرنترال
FLUCONAZOLE,فلوکونازول,کپسول,100 mg,خوراکی 
VALSARTAN,والسارتان-شفا,قرص,80 mg,خوراکی 
SUMATRIPTAN (AS SUCCINATE),سوماتریپتان,قرص,50 mg,خوراکی 
CIPROFLOXACIN (AS LACTATE),سیپروفلوکساسین در دکستروز,محلول,2 mg/1mL 100 mL,تزریقی داخل وریدی
DIAZEPAM,دیازپام,قرص,10 mg,خوراکی 
OFLOXACIN,افلوفکت,قرص,200 mg,خوراکی 
ETHINYLESTRADIOL,اتینیل استرادیول,قرص,0.5 mg,خوراکی 
CARVEDILOL,کارودیلول,قرص,25 mg,خوراکی 
PHENYLEPHRINE / ZINC,فنیل افرین زینک,"محلول،",0.12 %/0.25 % 10 mL,قطره چشمی
ETHERIFIED STARCH,والوون,محلول,6 % 500 %,تزریقی پرنترال
SERTRALINE (AS HYDROCHLORIDE),سرترالین-سبحان,قرص,50 mg,خوراکی 
TAMSULOSIN HYDROCHLORIDE,پروترال,کپسول,0.4 mg,پیوسته رهش خوراکی
ARTIFICIAL TEARS,بایوتیر,"محلول،",14 mg/1mL 10 mL,قطره چشمی
OXYTOCIN,اکسی تیپ,تزریقی,10 [iU]/1mL mL,پرنترال 
NITROFURANTOIN,نیتروفورانتوئین,قرص,100 mg,خوراکی 
MANNITOL,مانیتول,محلول,20 % 500 L,تزریقی داخل وریدی
VERAPAMIL HYDROCHLORIDE,وراپامیل,قرص,40 mg,خوراکی 
ARTIFICIAL TEARS,آیاوت,محلول,3.2 mg/1mL 10 mL,چشمی 
HYDROCORTISONE (AS SODIUM SUCCINATE),هیدروکورتال,پودر,100 mg mg,برای تهیه محلول تزریقی پرنترال
PENICILLIN G BENZATHIN,بنزا-پن,پودر,1200000 [iU] [iU],برای تهیه فرآورده تزریقی پرنترال
BECLOMETHASONE DIPROPIONATE,بکلکس,آئروسل,250 ug/1{dose} 200 {Puff},با دوز اندازه گیری شده استنشاقی
GABAPENTIN,گاباپنتین آریا,کپسول,300 mg,خوراکی 
FENTANYL (AS CITRATE),فنتانیل,تزریقی,50 ug/1mL 2 mL,پرنترال 
TAMSULOSIN HYDROCHLORIDE,تامسوور,کپسول,0.4 mg,پیوسته رهش خوراکی
FLUOROURACIL,ابفلورو,تزریقی,50 mg/1mL 20 mg,پرنترال 
SPIRONOLACTONE,اسپیرونولاکتون,قرص,100 mg,خوراکی 
ATROPINE SULFATE,آتروپین,تزریقی,0.5 mg/1mL mL,پرنترال 
OSELTAMIVIR (AS PHOSPHATE),فلوبایوویر,کپسول,75 mg,خوراکی 
SORBITOL,سوربیتول,پودر,5 g g,خوراکی 
FLUOXETINE (AS HYDROCHLORIDE),فلوکستین آریا,کپسول,20 mg,خوراکی 
MELOXICAM,ملوکسیفار,قرص,7.5 mg,خوراکی 
DOXORUBICIN HYDROCHLORIDE,آدریامایسین,محلول,2 mg/1mL 5 mg,غلیظ تزریقی پرنترال
EXPECTORANT CODEINE,اکسپکتورانت کدئین,,100 mg/30 mg/10 mg/5 mL 60 mL,شربت خوراکی
FACTOR IX,هموناین,پودر,500 [iU] [iU],لئوفیلیزه برای تهیه محلول تزریقی پرنترال
RIZATRIPTAN (AS BENZOATE),میگریتان,قرص,10 mg,خوراکی 
PERITONEAL DIALYSIS III,دیالیز صفاقی III,محلول,38.6 g/5.67 g/0.257 g/0.152 g/3.922 g/1000 mL 2 L,داخل صفاقی
CITALOPRAM,سیتالوتد,قرص,40 mg,خوراکی 
LOSARTAN POTASSIUM / HYDROCHLOROTHIAZIDE,لوزامیکس-اچ,قرص,50 mg/12.5 mg,خوراکی 
TRAMADOL HYDROCHLORIDE,آلاپین,قرص,100 mg,خوراکی 
LENALIDOMIDE,لنوما,کپسول,15 mg,خوراکی 
ADULT COLD PREPARATIONS (4-3),سرماخوردگی بزرگسالان,قرص,325 mg/5 mg/2 mg,خوراکی 
CARVEDILOL,کارویدال,قرص,12.5 mg,خوراکی 
METFORMIN HYDROCHLORIDE / LINAGLIPTIN,جاریگلو-ام,قرص,1000 mg/2.5 mg,خوراکی 
ADULT COLD PREPARATIONS (4-11),کلد-ژل,کپسول,325 mg/2 mg/5 mg,حاوی مایع خوراکی
RIVAROXABAN,آکسابین,قرص,15 mg,خوراکی 
DEXMEDETOMIDINE (AS HYDROCHLORIDE),دکسمدتومیدین,تزریقی,4 ug/1mL 100 mL,پرنترال 
ALBUMIN (HUMAN),آلبوسل,محلول,20 % 50 g,تزریقی پرنترال
GEMCITABINE HYDROCHLORIDE,جم سی مکس,محلول,100 mg/1mL 2 mg,غلیظ تزریقی پرنترال
AZITHROMYCIN,آزیترومایسین,کپسول,500 mg,خوراکی 
LATANOPROST,زالاتان,"محلول،",50 ug/1mL 2.5 ug,قطره چشمی
CLOBETASOL PROPIONATE,کلوبتازول,پماد,0.05 % 15 g,موضعی 
TRIAMCINOLONE ACETONIDE,تریامسینولون استوناید,پماد,0.1 % 15 g,موضعی 
VILANTEROL (AS TRIFENATATE) / FLUTICASONE FUROATE,ویلکا,کپسول,0.1 mg/0.025 mg,استنشاقی 
VALSARTAN / HYDROCHLOROTHIAZIDE,والزودک-اچ سی تی,قرص,160 mg/25 mg,خوراکی 
OSELTAMIVIR (AS PHOSPHATE),فلو-بان,کپسول,75 mg,خوراکی 
OSIMERTINIB (AS MESYLATE),اسیمرتینیب,قرص,80 mg,خوراکی 
CHLORDIAZEPOXIDE,کلردیازپوکساید,قرص,10 mg,خوراکی 
NILOTINIB,لوتیگنا,کپسول,200 mg,خوراکی 
LABETALOL HYDROCHLORIDE,لابتالول- آرنگ,تزریقی,5 mg/1mL 20 mg,پرنترال 
LEVODOPA / BENSERAZIDE,لپارسید,قرص,100 mg/25 mg,خوراکی 
METRONIDAZOLE,مترونیدازول,قرص,500 mg,خوراکی 
CLOTRIMAZOLE,کلوتریمازول-بهوزان,کرم,2 % 50 g,واژینال 
SERTRALINE (AS HYDROCHLORIDE),سرترالین,قرص,100 mg,خوراکی 
PRAMIPEXOLE (AS DIHYDROCHLORIDE),پراکسول,قرص,0.7 mg,خوراکی 
CYCLOPHOSPHAMIDE,ادسیکلو,قرص,50 mg,خوراکی 
LEVODOPA / BENSERAZIDE,مادوپار,قرص,100 mg/25 mg,خوراکی 
GADOTERATE MEGLUMINE,سیکلولوکس,تزریقی,376.9 mg/1mL 15 mL,پرنترال 
CEFEPIME (AS HYDROCHLORIDE),آفاکساپیم,پودر,1 g g,برای تهیه محلول تزریقی پرنترال
BERACTANT,برکسورف,سوسپانسیون,25 mg/1mL 8 mg,تزریقی داخل تراشه ای
SODIUM CHLORIDE,سالتی نوز-پی بی ای,اسپری,0.65 % 20 mL,از راه بینی
HOMATROPINE,هومیدرین,"محلول،",2 % 10 mL,قطره چشمی
AMLODIPINE (AS BESILATE),آملودیپین,قرص,5 mg,خوراکی 
BORTEZOMIB,الوکید,پودر,2.5 mg mg,برای تهیه فرآورده تزریقی پرنترال
SERTRALINE (AS HYDROCHLORIDE),سرمنتا,قرص,100 mg,خوراکی 
VILANTEROL (AS TRIFENATATE) / FLUTICASONE FUROATE,ویلکا,کپسول,0.2 mg/0.025 mg,استنشاقی 
BISOPROLOL FUMARATE,روبتا,قرص,5 mg,خوراکی 
IBUPROFEN,ایبوپروفن,قرص,400 mg,خوراکی 
PRILOCAINE / FELYPRESSIN,پریلوکائین/ فلی پرسین,تزریقی,30 mg/0.54 ug/1mL 1.8 mL,پرنترال 
MEBEVERINE HYDROCHLORIDE,ایریمب,کپسول,200 mg,پیوسته رهش خوراکی
DONEPEZIL HYDROCHLORIDE,آلپزیل,قرص,5 mg,خوراکی 
PREGABALIN,پرگابالین,کپسول,100 mg,خوراکی 
EMPAGLIFLOZIN,امپاگلیبت,قرص,10 mg,خوراکی 
CALCIUM DOBESILATE,دوبسیکا,کپسول,500 mg,خوراکی 
ESOMEPRAZOLE (AS MAGNESIUM) / NAPROXEN,ناپسیوو,قرص,20 mg/500 mg,انتریک کوتد خوراکی
CEFIXIME,سفیکسیم,قرص,400 mg,خوراکی 
ANTIHISTAMINE DECONGESTANT (2),آنتی هیستامین دکونژستانت,قرص,4 mg/10 mg,خوراکی 
WARFARIN SODIUM,وارفارین,قرص,5 mg,خوراکی 
CEFTRIAXONE (AS SODIUM),سفتریانا,پودر,500 mg mg,برای تهیه محلول تزریقی پرنترال
GLICLAZIDE,گلی زیداس,قرص,30 mg,پیوسته رهش خوراکی
ATORVASTATIN (AS CALCIUM),آتورواستاتین,قرص,10 mg,خوراکی 
AZITHROMYCIN,آنی زیت,کپسول,250 mg,خوراکی 
EMPAGLIFLOZIN / METFORMIN HYDROCHLORIDE,امت-دو,قرص,12.5 mg/1000 mg,خوراکی 
INSULIN ASPART,نوومیکس فلکس پن,سوسپانسیون,100 [iU]/1mL 3 [iU],تزریقی پرنترال
CINNARIZINE,اسوه-سیناریزین,قرص,25 mg,خوراکی 
TETRACOSACTIDE ACETATE,سیناکران,سوسپانسیون,1 mg/1mL mL,تزریقی پرنترال
INDOMETHACIN,ایندوساپ,شیاف,100 mg,مقعدی 
ALENDRONATE (AS SODIUM),درسونیت,محلول,70 mg/75 mL mg,خوراکی 
DIAZEPAM,دیازپام-سبحان,قرص,10 mg,خوراکی 
KETOTIFEN (AS FUMARATE),آمیتن,شربت,1 mg/5mL 60 mL,خوراکی 
FENOFIBRATE,آنی لیپ,کپسول,200 mg,خوراکی 
BETAHISTINE DIHYDROCHLORIDE,اکتوسرک,قرص,8 mg,خوراکی 
SODIUM BICARBONATE,سدیم بی کربنات,تزریقی,4.2 % 50 mL,پرنترال 
INDAPAMIDE,زادورل,قرص,1.5 mg,پیوسته رهش خوراکی
CONTRACEPTIVE HD,اوسپت-اچ دی,قرص,0.25 mg/50 ug,خوراکی 
ESOMEPRAZOLE (AS MAGNESIUM),اموزکت,گرانول,5 mg mg,انتریک کوتد خوراکی
VITAMIN B1 (THIAMINE),ویتامین ب 1,قرص,300 mg,خوراکی 
SODIUM TETRADECYL SULFATE,فیبرووین,تزریقی,1 % 2 mg,پرنترال 
EMPAGLIFLOZIN / METFORMIN HYDROCHLORIDE,امت-دو,قرص,12.5 mg/500 mg,خوراکی 
DAPOXETINE (AS HYDROCHLORIDE),داکسوپیل,قرص,30 mg,خوراکی 
BIPERIDEN HYDROCHLORIDE,آکینکس,قرص,2 mg,خوراکی 
PROGESTERONE,اندومترین,قرص,100 mg,واژینال 
VITAMIN B1 (THIAMINE),تیامیرن,قرص,300 mg,خوراکی 
OMEPRAZOLE,اکسی پرازول,کپسول,) 20 mg,(پلت های انتریک کوتد خوراکی
CARGLUMIC ACID,کارباگلو,قرص,200 mg,برای تهیه سوسپانسیون خوراکی
ACETAMINOPHEN,آنی ژزیک,قرص,500 mg,جوشان خوراکی
TRIAMCINOLONE NN,تریامسینولون ان ان,پماد,1 mg/2.5 mg/100000 [iU]/1g 15,موضعی 
PANTOPRAZOLE (AS SODIUM SESQUIHYDRATE),پنزول,قرص,20 mg,انتریک کوتد خوراکی
ABIRATERONE ACETATE,بیتروزیگا,قرص,250 mg,خوراکی 
EVEROLIMUS,سرتیکان,قرص,0.25 mg,خوراکی 
POLYETHYLENE GLYCOL,پیدرولاکس,پودر,70 g,خوراکی 
DOXORUBICIN HYDROCHLORIDE,آدریابین,محلول,2 mg/1mL 25 mL,غلیظ تزریقی پرنترال
METFORMIN HYDROCHLORIDE,متفورمین-حکیم,قرص,1000 mg,خوراکی 
MOMETASONE FUROATE,مگاکورت,پماد,0.1 % 15 g,موضعی 
MEGESTROL ACETATE,مژکس-آی,سوسپانسیون,40 mg/1mL 20 mg,خوراکی 
SODIUM CHLORIDE,سدیم کلراید,محلول,0.9 % 500 mL,تزریقی پرنترال
CYPROHEPTADINE HYDROCHLORIDE,سیپروهپتادین,قرص,4 mg,خوراکی 
FENOFIBRATE,آنی لیپ,کپسول,100 mg,خوراکی 
VALSARTAN,والزودک,قرص,80 mg,خوراکی 
PANTOPRAZOLE (AS SODIUM SESQUIHYDRATE),پنتوپرازول,کپسول,20 mg,انتریک کوتد خوراکی
BISOPROLOL FUMARATE,بیسوتا,قرص,2.5 mg,خوراکی 
ROSUVASTATIN (AS CALCIUM),رزورکسین,قرص,20 mg,خوراکی 
MEFENAMIC ACID,مفنامیک اسید,کپسول,250 mg,خوراکی 
EMPAGLIFLOZIN / METFORMIN HYDROCHLORIDE,جارینومت,قرص,12.5 mg/1000 mg,خوراکی 
OFLOXACIN,افلوکساسین,قرص,200 mg,خوراکی 
RASBURICASE,فستورتک,پودر,1.5 mg mg,برای تهیه محلول تزریقی پرنترال
AMANTADINE HYDROCHLORIDE,آمانتادین,کپسول,100 mg,خوراکی 
LEVODOPA / CARBIDOPA / ENTACAPONE,ناکسیمت,قرص,100 mg/25 mg/200 mg,خوراکی 
LEVOFLOXACIN,لویلوکس,قرص,500 mg,خوراکی 
CLINDAMYCIN (AS HYDROCHLORIDE),کلیندامایسین-حکیم,کپسول,150 mg,خوراکی 
RIVAROXABAN,کلاتوور,قرص,15 mg,خوراکی 
IRINOTECAN HYDROCHLORIDE,الوینوتک,محلول,20 mg/1mL 5 mg,غلیظ تزریقی پرنترال
HYOSCINE-N-BUTYL BROMIDE,هیوسین- ان- بوتیل بروماید,قرص,10 mg,خوراکی 
ASA (ACETYLSALICYLIC ACID),آ.اس.آ,قرص,80 mg,انتریک کوتد خوراکی
DIPHENHYDRAMINE / AMMONIUM CHLORIDE,دیفن هیدرامین کامپاند,شربت,12.5 mg/125 mg/5mL 60 mL,خوراکی 
AMOXICILLIN,آموراکس,پودر,250 mg/5mL 100 mL,برای تهیه سوسپانسیون خوراکی
DAPOXETINE (AS HYDROCHLORIDE),داپوکستین,قرص,60 mg,خوراکی 
SITAGLIPTIN (AS PHOSPHATE) / METFORMIN HYDROCHLORIDE,سیتافورمین,قرص,50 mg/500 mg,خوراکی 
GENTAMICIN,جنتامایسین,تزریقی,40 mg/1mL 2 mL,پرنترال 
NAPROXEN,ناپروکسن,قرص,250 mg,خوراکی 
IMATINIB (AS MESYLATE),ایماتینیب,قرص,100 mg,خوراکی 
CALCIPOTRIOL,کلسی پوتکس,پماد,50 ug/1g 30 g,موضعی 
SULFASALAZINE,آزوکولیت,قرص,500 mg,خوراکی 
BISOPROLOL FUMARATE,پرولی زکس,قرص,5 mg,خوراکی 
KETAMINE (AS HYDROCHLORIDE),کتامین روتکس مدیکا,تزریقی,50 mg/1mL 10 mg,پرنترال 
DILTIAZEM HYDROCHLORIDE,دیلتیازم,ژل,2 % 30 g,موضعی 
VITAMIN B1 (THIAMINE),ویتامین ب1-شفا,قرص,300 mg,خوراکی 
CELECOXIB,سلبرین,کپسول,100 mg,خوراکی 
ESOMEPRAZOLE,نکسیوم,قرص,40 mg,انتریک کوتد خوراکی
DESLORATADINE,نئوتادین,شربت,2.5 mg/5 mL 120 mL,خوراکی 
IPRATROPIUM BROMIDE,ایپراتروپیوم بروماید آلدویونیون,محلول,250 ug/1mL 2 mL,استنشاقی 
ACETYLCYSTEINE / ASCORBIC ACID,موکوسیل,پودر,600 mg/75 mg g,خوراکی 
VINBLASTINE SULFATE,وینب اسپال,محلول,1 mg/1mL 10 mg,تزریقی پرنترال
PHOSPHATE (ORGANIC),گلیکوفوس,تزریقی,216 mg/1mL 20 mL,پرنترال 
ATRACURIUM BESYLATE,آتراکورین,تزریقی,10 mg/1mL 5 mL,پرنترال 
EMPAGLIFLOZIN / LINAGLIPTIN,لیجاردین,قرص,25 mg/5 mg,خوراکی 
AZITHROMYCIN,آزیترومایسین,قرص,500 mg,خوراکی 
LEVOFLOXACIN,تاکسوکین,قرص,500 mg,خوراکی 
SALMETEROL (AS XINAFOATE) / FLUTICASONE PROPIONATE,سریتول,کپسول,50 ug/250 ug/1{dose},استنشاقی 
BENZOYL PEROXIDE,پنوکساید,ژل,10 % 30 g,موضعی 
KETOTIFEN (AS FUMARATE),کترام,شربت,1 mg/5mL 120 mL,خوراکی 
PALBOCICLIB,پادنزا,کپسول,75 mg,خوراکی 
CHLORPHENIRAMINE MALEATE,کلرفنیرآمین,شربت,2 mg/5 mL 60 mL,خوراکی 
DULOXETINE,لوکستا,کپسول,60 mg,انتریک کوتد خوراکی
DIENOGEST / ETHINYLESTRADIOL,فمیکا,قرص,2 mg/0.03 mg,خوراکی 
COAGULATION FACTOR VIII (RECOMBINANT),کوآگیت,پودر,2000 [iU] [iU],لئوفیلیزه برای تهیه محلول تزریقی پرنترال
FILGRASTIM,نئوپوژن,تزریقی,600 ug/1mL 0.5 ug,پرنترال 
IMATINIB (AS MESYLATE),ایماکو,کپسول,400 mg,خوراکی 
METFORMIN HYDROCHLORIDE / LINAGLIPTIN,تاگلیدا-دو,قرص,500 mg/2.5 mg,خوراکی 
METRONIDAZOLE,مترونیدازول,محلول,5 mg/1mL 100 mL,تزریقی پرنترال
MELOXICAM,ملوکسیکام,قرص,15 mg,خوراکی 
ATORVASTATIN (AS CALCIUM),آتورواستاتین,قرص,40 mg,خوراکی 
LEVOFLOXACIN,لویلوکس,قرص,500 mg,خوراکی 
COPPER SULFATE / ZINC SULFATE,آب آلیبور,لوسیون,1 g/1.5 g/100mL mL,موضعی 
SODIUM CHLORIDE,سدیم کلراید(بگ),محلول,0.9 % 3 L,جهت شستشو
RISPERIDONE,ریسپریدون,قرص,1 mg,خوراکی 
FLUTICASONE PROPIONATE,فلوتیکازون,اینهالر,50 ug/1{dose} 120 {Puff},استنشاقی 
SODIUM CHLORIDE,سدیم کلراید,محلول,0.45 % 1000 mL,تزریقی پرنترال
LOSARTAN POTASSIUM,لوزارتان,قرص,25 mg,خوراکی 
METFORMIN HYDROCHLORIDE,متفورمین,قرص,500 mg,پیوسته رهش خوراکی
CARBAMAZEPINE,تگرتول,قرص,200 mg,خوراکی 
BIOTIN,بیوتین,محلول,5 mg/1mL 1 mL,تزریقی عضلانی
ACETAMINOPHEN / CAFFEINE,استامین اکسترا,قرص,500 mg/65 mg,خوراکی 
ROSUVASTATIN (AS CALCIUM),رزوواستاتین-سبحان,قرص,5 mg,خوراکی 
BETAMETHASONE,بتازونکس,قرص,0.5 mg,خوراکی 
EMPAGLIFLOZIN / METFORMIN HYDROCHLORIDE,پگلیمت,قرص,12.5 mg/1000 mg,خوراکی 
HYOSCINE-N-BUTYL BROMIDE,هیوسیدیک,تزریقی,20 mg/1mL mL,پرنترال 
PREDNISOLONE ACETATE,پرکورد,"سوسپانسیون،",1 % 10 mL,قطره چشمی
FOLLITROPIN ALFA / LUTROPIN ALFA,پرگووریس,پودر,150 [iU]/75 [iU] ug,برای تهیه محلول تزریقی پرنترال
ACETAMINOPHEN / DIPHENHYDRAMINE / PHENYLEPHRINE,بیبی کلد,شربت,160 mg/12.5 mg/2.5 mg/5mL 60 mL,خوراکی 
PROPOFOL,آروفول,امولسیون,10 mg/1mL 20 mg,تزریقی پرنترال
CEFIXIME,آفاکسیم,قرص,200 mg,خوراکی 
SOMATROPIN,اکسی تروپین,پودر,4 [iU] mg,برای تهیه محلول تزریقی پرنترال
TELMISARTAN / HYDROCHLOROTHIAZIDE,تلمیک- اچ,قرص,80 mg/25 mg,خوراکی 
FLUOXETINE (AS HYDROCHLORIDE),فلوکستین,قرص,10 mg,خوراکی 
GABAPENTIN,گاباکس,کپسول,300 mg,خوراکی 
METHOXSALEN,ملادینین,قرص,10 mg,خوراکی 
METRONIDAZOLE,مترونیدازول,قرص,500 mg,خوراکی 
METHADONE HYDROCHLORIDE,متادون,قرص,40 mg,خوراکی 
PERTUZUMAB,پکتونا,محلول,30 mg/1mL 14 mg,غلیظ تزریقی پرنترال
MEMANTINE HYDROCHLORIDE,آلزیکسا ای آر,کپسول,7 mg,پیوسته رهش خوراکی
OXCARBAZEPINE,ایکتاز,قرص,300 mg,خوراکی 
ACETAMINOPHEN,تایلانول,"محلول،",100 mg/1mL 15 mL,قطره خوراکی
BENZOYL PEROXIDE,پنوکساید,ژل,5 % 30 g,موضعی 
ONDANSETRON (AS HYDROCHLORIDE),دمیدور,قرص,4 mg,خوراکی 
MEFENAMIC ACID,مفنافورت,قرص,500 mg,خوراکی 
LACTULOSE,لاکتولوز,شربت,10 g/15mL 240 mL,خوراکی 
PIPERACILLIN (AS SODIUM) / TAZOBACTAM (AS SODIUM),پیپراتاز,پودر,2 g/0.25 g g,برای تهیه محلول تزریقی پرنترال
ACETAMINOPHEN,استامینوفن-حکیم,قرص,500 mg,خوراکی 
ACETAMINOPHEN / GUAIFENESIN / PHENYLEPHRINE,نوریزموکو,شربت,125 mg/50 mg/2.5 mg/5mL 60 mL,خوراکی 
TENECTEPLASE,متالایز,پودر,50 mg mg,برای تهیه محلول تزریقی پرنترال
TADALAFIL,جیالیکسو,قرص,20 mg,خوراکی 
MESNA,اورمیکسان,تزریقی,100 mg/1mL 4 mL,پرنترال 
METFORMIN HYDROCHLORIDE / LINAGLIPTIN,لیناگلیپتین/ متفورمین,قرص,500 mg/2.5 mg,خوراکی 
AZITHROMYCIN,آزیترومایسین آریا,کپسول,250 mg,خوراکی 
DICLOFENAC SODIUM,دیکلوفناک سدیم,قرص,50 mg,انتریک کوتد خوراکی
ZOLEDRONIC ACID,زولوار,تزریقی,4 mg/5mL mL,پرنترال 
PERMETHRIN,لایسترین,کرم,5 % 30 g,موضعی 
POLYETHYLENE GLYCOL - ELECTROLYTE,پلی اتیلن گلایکول+الکترولیت,محلول,13.125 g/0.3508 g/0.1786 g/0.0502 g/25mL 200 mL,خوراکی 
EXPECTORANT CODEINE,اکسپکتورانت کدئین-عماد,شربت,100 mg/30 mg/10 mg/5 mL 60 mL,خوراکی 
TRACE METAL COMBINATION (2-1),آدامل ان,تزریقی,5.33 ug/0.34 mg/0.54 mg/99 ug/16.6 ug/0.21 mg/4.85 ug/6.9 ug/1.36 mg/1mL 10 mL,پرنترال 
SOTALOL HYDROCHLORIDE,سوتاکیم,قرص,80 mg,خوراکی 
BACLOFEN,باکلوول,قرص,25 mg,خوراکی 
LORATADINE,لوراتادین,شربت,5 mg/5 mL 60 mL,خوراکی 
OXYMETHOLONE,ماکساندولین,قرص,50 mg,خوراکی 
CLOBETASOL PROPIONATE,کلوبتازول-گیلارانکو,پماد,0.05 % 15 g,موضعی 
TRIAMCINOLONE NN,تریامسینولون ان ان,پماد,1 mg/2.5 mg/100000 [iU]/1g 15,موضعی 
EXPECTORANT CODEINE,اکسپکتورانت کدئین پاک دارو,شربت,100 mg/30 mg/10 mg/5 mL 60 mL,خوراکی 
POVIDONE IODINE,پوویدون آیداین-بهوزان,ژل,10 % 80 g,واژینال 
MOMETASONE FUROATE,مومتازون بهسا,لوسیون,0.1 % 20 mL,موضعی 
SUNITINIB (AS MALATE),سوتنت,کپسول,12.5 mg,خوراکی 
METFORMIN HYDROCHLORIDE / LINAGLIPTIN,لیروپریم,قرص,1000 mg/2.5 mg,خوراکی 
METHOTREXATE,ترگستا,محلول,50 mg/1mL 0.6 mg,تزریقی پرنترال
GALSULFASE,ناگلازایم,تزریقی,1 mg/1mL 5 mg,پرنترال 
TRAMADOL HYDROCHLORIDE,ترامادل آریا,قرص,50 mg,خوراکی 
GABAPENTIN,گاباپنتین-جالینوس,کپسول,300 mg,خوراکی 
CEFIXIME,سفیکسان,قرص,400 mg,خوراکی 
EXPECTORANT,اکسپکتورانت,شربت,100 mg/2 mg/30 mg/5mL 60 mL,خوراکی 
DEFERASIROX,اسورال,قرص,250 mg,برای تهیه سوسپانسیون خوراکی
EPLERENONE,پلرون,قرص,25 mg,خوراکی 
CHLORPROMAZINE HYDROCHLORIDE,سایکونورم,قرص,100 mg,خوراکی 
HYDROCORTISONE ACETATE,هیدروکورتیزون,پماد,1 % 15 g,موضعی 
PREGABALIN,پرگابالین,کپسول,150 mg {dose},خوراکی 
CHLORDIAZEPOXIDE,لیبراول,قرص,10 mg,خوراکی 
CITALOPRAM,سیتالوپرام-شفا,قرص,20 mg,خوراکی 
MONTELUKAST (AS SODIUM),سینکاست,گرانول,4 mg g,خوراکی 
PREGABALIN,گاباپرل,کپسول,100 mg,خوراکی 
THIORIDAZINE HYDROCHLORIDE,تایریکس,قرص,25 mg,خوراکی 
DULOXETINE,دلوکستین,کپسول,30 mg,انتریک کوتد خوراکی
POLYETHYLENE GLYCOL - ELECTROLYTE,پیدرولاکس پلاس,محلول,13.125 g/0.3508 g/0.1786 g/0.0502 g/25mL 200 mL,خوراکی 
ADAPALENE / BENZOYL PEROXIDE,ای سی کیور ام ال ایی,ژل,0.1 %/2.5 % 15 g,موضعی 
FLUTICASONE PROPIONATE,فلوتیکازون,اینهالر,125 ug/1{dose} 120 {Puff},استنشاقی 
OFLOXACIN,افلوکساسین,قرص,300 mg,خوراکی 
EMPAGLIFLOZIN / METFORMIN HYDROCHLORIDE,گلایسنمین,قرص,12.5 mg/1000 mg,خوراکی 
AMANTADINE HYDROCHLORIDE,آمورل,کپسول,100 mg,خوراکی 
ADULT COLD PREPARATIONS (4-3),سرماخوردگی,قرص,325 mg/5 mg/2 mg,خوراکی 
DIAZEPAM,دیازپام-سبحان,قرص,2 mg,خوراکی 
DULOXETINE,دلوکسی کپ,کپسول,20 mg,انتریک کوتد خوراکی
PRAMIPEXOLE (AS DIHYDROCHLORIDE),سیفرول,قرص,1.05 mg,پیوسته رهش خوراکی
CEFAZOLIN,آفازول,پودر,1 g g,برای تهیه محلول تزریقی پرنترال
HYOSCINE-N-BUTYL BROMIDE,هیوسیبان,قرص,10 mg,خوراکی 
DIAZOXIDE,یوداکسن,قرص,50 mg,خوراکی 
CLOBETASOL PROPIONATE,کلوبتازول-ناژو,کرم,0.05 % 15 g,موضعی 
SITAGLIPTIN (AS PHOSPHATE),سیتاگلیپتین-شفا,قرص,100 mg,خوراکی 
TEICOPLANIN,تیکومیکس,پودر,400 mg mg,برای تهیه محلول تزریقی پرنترال
LACTULOSE,سیرولاکت,شربت,10 g/15mL 240 mL,خوراکی 
ADAPALENE,آداپالن,محلول,0.1 % 30 mL,موضعی 
LINAGLIPTIN,لیناگلیپتین,قرص,5 mg,خوراکی 
DIGESTIVE,دایجستیو,قرص,40 mg/6000 [iU]/10500 [iU]/600 [iU],انتریک کوتد خوراکی
SERTRALINE (AS HYDROCHLORIDE),زولامین,قرص,50 mg,خوراکی 
IMIPENEM / CILASTATIN,سیلاویل,پودر,500 mg/500 mg mg,برای تهیه محلول تزریقی پرنترال
LEVETIRACETAM,لوبل,محلول,100 mg/1 mL 120 mL,خوراکی 
ROSUVASTATIN (AS CALCIUM),رزوواستاتین-سبحان,قرص,20 mg,خوراکی 
MEBEVERINE HYDROCHLORIDE,مورین,کپسول,200 mg,پیوسته رهش خوراکی
LOPERAMIDE HYDROCHLORIDE,لوپرامید,قرص,2 mg,خوراکی 
ATORVASTATIN (AS CALCIUM),آتورواستاتین,قرص,20 mg,خوراکی 
PALBOCICLIB,سایبرین,کپسول,100 mg,خوراکی 
EMPAGLIFLOZIN / METFORMIN HYDROCHLORIDE,پگلیمت,قرص,5 mg/1000 mg,خوراکی 
TETANUS IMMUNE GLOBULIN,سرو-تت,تزریقی,250 [iU]/1mL [iU],پرنترال 
ANTIHISTAMINE DECONGESTANT (2),آنتی هیستامین دکونژستانت,قرص,4 mg/10 mg,خوراکی 
METHYLPREDNISOLONE ACETATE,متیل پردنیزولون استات,سوسپانسیون,40 mg/1mL 1 mL,تزریقی پرنترال
BISOPROLOL FUMARATE,بیزوپرولول,قرص,5 mg,خوراکی 
LOSARTAN POTASSIUM,لوزاتن,قرص,50 mg,خوراکی 
ROSUVASTATIN (AS CALCIUM),رزوواستاتین,قرص,20 mg,خوراکی 
RINGER LACTATE,رینگر لاکتات,محلول,500 mL,تزریقی داخل وریدی
IBUPROFEN,ایبوپروفن,ژل,5 % 60 g,موضعی 
LIDOCAINE,لیدوکائین نیکسادا,اسپری,10 mg/1{dose} 20 mL,موضعی 
CAPTOPRIL,کاپتوپریل سها,قرص,25 mg,خوراکی 
ESOMEPRAZOLE,ازوفلاکس,قرص,40 mg,انتریک کوتد خوراکی
PERMETHRIN,پرمترین-گیلارانکو,شامپو,1 % 60 mL,موضعی 
TADALAFIL,تادالافیل,قرص,20 mg,خوراکی 
DANAZOL,دانوژن,کپسول,100 mg,خوراکی 
PANTOPRAZOLE (AS SODIUM),آفاپرازول,پودر,40 mg mg,لئوفیلیزه برای تهیه محلول تزریقی پرنترال
ALUMINIUM HYDROXIDE / MAGNESIUM HYDROXIDE / SIMETHICONE,آدی ژل-اس,سوسپانسیون,225 mg/200 mg/25 mg/5mL 10 mL,خوراکی 
DIPHENHYDRAMINE / AMMONIUM CHLORIDE,دیفنکسیر-سی,شربت,12.5 mg/125 mg/5mL 60 mL,خوراکی 
AMOXICILLIN,آموکسی سیلین,پودر,250 mg/5mL 100 mL,برای تهیه سوسپانسیون خوراکی
TIRZEPATIDE,لانیسا,محلول,2.5 mg/0.5mL mg,تزریقی زیر جلدی
CLOMIPRAMINE HYDROCHLORIDE,کلومیپرامین,قرص,10 mg,خوراکی 
GRANISETRON,گرانیسترون,محلول,1 mg/1mL 3 mL,تزریقی داخل وریدی
LEVOFLOXACIN,لووفلوکساسین,قرص,500 mg,خوراکی 
LANSOPRAZOLE,لانزو عبیدی,کپسول,30 mg,انتریک کوتد خوراکی
FAMOTIDINE,فاموتیدین,محلول,10 mg/1mL 2 mL,تزریقی پرنترال
MIDAZOLAM,زودالم,تزریقی,5 mg/1mL 1 mL,پرنترال 
LEVETIRACETAM,لوتیرامین,محلول,100 mg/1 mL 120 mL,خوراکی 
REPAGLINIDE,نیوبت,قرص,1 mg,خوراکی 
DIPHENHYDRAMINE HYDROCHLORIDE,دیفن هیدرامین-الحاوی,محلول,12.5 mg/5mL 60 mL,خوراکی 
CYSTEAMINE (AS BITARTRATE),سیستئامد,کپسول,150 mg,خوراکی 
FLUTICASONE PROPIONATE,فلوهیل,اینهالر,125 ug/1{dose} 120 mg,استنشاقی 
PEDIATRIC GRIPPE,فلوپد,شربت,0.67 mg/10 mg/5mL 60 mL,خوراکی 
SIROLIMUS,راپامیون,قرص,1 mg,خوراکی 
ASA (ACETYLSALICYLIC ACID),آ اس آ-حکیم,قرص,80 mg,انتریک کوتد خوراکی
VALSARTAN / HYDROCHLOROTHIAZIDE,پانامیکس,قرص,160 mg/25 mg,خوراکی 
METHYLPREDNISOLONE (AS SODIUM SUCCINATE),متیل پردنیزولون (بصورت سدیم سوکسینات),پودر,500 mg mg,برای تهیه محلول تزریقی پرنترال
ZOLEDRONIC ACID,زوبیس,تزریقی,4 mg/5mL mg,پرنترال 
TETRACYCLINE HYDROCHLORIDE,تتراسایکلین بهسا,پماد,3 % 15 g,موضعی 
LIDOCAINE HYDROCHLORIDE,لیدوکائین,محلول,2 % 50 mL,تزریقی پرنترال
VITAMIN K1 (PHYTOMENADIONE),کنادیون,قرص,10 mg,جویدنی خوراکی
IBUPROFEN,تدافن,قرص,400 mg,خوراکی 
GEMCITABINE HYDROCHLORIDE,جمسیتابین آکویدا,محلول,100 mg/1mL 10 g,غلیظ تزریقی پرنترال
FLUOXETINE (AS HYDROCHLORIDE),فلوکستین,شربت,4 mg/1mL 60 mL,خوراکی 
VALSARTAN / HYDROCHLOROTHIAZIDE,والزودک-اچ سی تی,قرص,160 mg/12.5 mg,خوراکی 
FOLIC ACID,فولیک اسید,قرص,5 mg,خوراکی 
ACETAMINOPHEN,روزافن,قرص,500 mg,خوراکی 
OXALIPLATIN,زوپلات,محلول,5 mg/1mL 20 mL,غلیظ تزریقی پرنترال
DULOXETINE,دلوکسیما,کپسول,60 mg,انتریک کوتد خوراکی
ROSUVASTATIN (AS CALCIUM),رزوواستاتین-حکیم,قرص,5 mg,خوراکی 
OMALIZUMAB,زرافیل,محلول,150 mg/1mL 1 mg,تزریقی پرنترال
NILOTINIB,نئونیب,کپسول,200 mg,خوراکی 
OMEPRAZOLE,امپروسد,کپسول,) 20 mg,(پلت های انتریک کوتد خوراکی
APIXABAN,زابانو,قرص,2.5 mg,خوراکی 
IPRATROPIUM BROMIDE,ایپراتروپیوم بروماید,اسپری,21 ug/1{Puff} 25 mL,با دوز اندازه گیری شده از راه بینی
LISDEXAMFETAMINE MESILATE,ویاس,کپسول,70 mg,خوراکی 
MONTELUKAST (AS SODIUM),سینکاست,گرانول,4 mg g,خوراکی 
APREMILAST,آمالتا,قرص,10 mg,خوراکی 
CALFACTANT,اینفاسرف,سوسپانسیون,35 mg/1mL 3 mL,داخل تراشه ای
DAPOXETINE (AS HYDROCHLORIDE),اگزیرکت,قرص,30 mg,خوراکی 
OMEPRAZOLE,امپیکر,کپسول,) 20 mg,(پلت های انتریک کوتد خوراکی
TRIAMCINOLONE ACETONIDE,تریامسینولون,تزریقی,40 mg/1mL 1 mL,پرنترال 
QUETIAPINE (AS FUMARATE),کوئمایند,قرص,25 mg,خوراکی 
TRIAMCINOLONE NN,تریامسینولون ان ان,پماد,1 mg/2.5 mg/100000 [iU]/1g 15 g,موضعی 
ABIRATERONE ACETATE,براتیگا,قرص,250 mg,خوراکی 
BETAMETHASONE (AS VALERATE),بتامتازون-عماد,کرم,0.1 % 15 g,موضعی 
HYDRALAZINE HYDROCHLORIDE,هیدرالازین,قرص,50 mg,خوراکی 
SILODOSIN,سیلادر,کپسول,4 mg,خوراکی 
BISOPROLOL FUMARATE,بیزوپرولول,قرص,2.5 mg,خوراکی 
ADULT COLD PREPARATIONS (4-3),گریپ کات کلد,قرص,325 mg/5 mg/2 mg,خوراکی 
AMINO ACID 10% PAEDIATRIC (1),آمینوون اینفنت 10%,محلول,250 %,تزریقی داخل وریدی
LACOSAMIDE,آرو-لاکوزامید,قرص,100 mg,خوراکی 
CIPROFLOXACIN (AS HYDROCHLORIDE),سیپروفلوکساسین,قرص,500 mg,خوراکی 
VALSARTAN,والسارتان-اکسیر,قرص,160 mg,خوراکی 
METFORMIN HYDROCHLORIDE,متفورسام,قرص,1000 mg,خوراکی 
FLUVOXAMINE MALEATE,بایووکسامین,قرص,50 mg,خوراکی 
PIROXICAM,پیروژل,ژل,0.5 g/100g 60 g,موضعی 
AZITHROMYCIN,آزیترومایسین داروپخش,قرص,500 mg,خوراکی 
LEFLUNOMIDE,لراوا,قرص,20 mg,خوراکی 
DOXEPIN,داکسیپن,کپسول,10 mg,خوراکی 
IMIQUIMOD,کیموسایت,کرم,5 % 7.5 g,موضعی 
ATENOLOL,آتنوکیم,قرص,100 mg,خوراکی 
PEGASPARGASE,انکاسپار,پودر,3750 [iU] [iU],برای تهیه محلول تزریقی پرنترال
PROPRANOLOL HYDROCHLORIDE,پروپرانولول,قرص,40 mg,خوراکی 
IMATINIB (AS MESYLATE),ایماتینیب اکویدا,کپسول,100 mg,خوراکی 
DICLOFENAC DIETHYLAMMONIUM,دیکلوفناک مدیفارم,ژل,1 % 60 g,موضعی 
SEVOFLURANE,سویترو,اینهالر,250 mL mL,استنشاقی 
SILDENAFIL (AS CITRATE),ویگرودیت,قرص,100 mg,خوراکی 
EZETIMIBE / ROSUVASTATIN (AS CALCIUM),کروزت,قرص,10 mg/10 mg,خوراکی 
BETAMETHASONE,بتازونکس,قرص,0.5 mg,خوراکی 
SODIUM CHLORIDE,نورمونیکس,اسپری,0.65 % 25 mL,از راه بینی
PERPHENAZINE,پرفنازین,قرص,8 mg,خوراکی 
AMLODIPINE (AS BESILATE) / VALSARTAN,اکتوور والوسپ,قرص,5 mg/80 mg,خوراکی 
DIPHENHYDRAMINE / AMMONIUM CHLORIDE,دیفن هیدرامین کامپاند,شربت,12.5 mg/125 mg/5mL 60 mL,خوراکی 
ARIPIPRAZOLE,ابیلیزول,قرص,15 mg,خوراکی 
CLINDAMYCIN (AS PHOSPHATE),کلیندافارم,کرم,2 % 40 g,واژینال 
ALPRAZOLAM,آلپرازولام,قرص,1 mg,خوراکی 
IOPAMIDOL,پامیلوکس,تزریقی,300 mg/1mL 50 mL,پرنترال 
TRIAMCINOLONE ACETONIDE,سی بی سی اُ آر تی,تزریقی,40 mg/1mL 1 mg,پرنترال 
METOPROLOL SUCCINATE,متولو-اس,قرص,47.5 mg,پیوسته رهش خوراکی
FORMOTEROL FUMARATE,آتیموس,آئروسل,12 ug/1{dose} 100 {Puff},با دوز اندازه گیری شده استنشاقی
MELOXICAM,موبیفارم,قرص,7.5 mg,خوراکی 
EPLERENONE,اپلینون,قرص,50 mg,خوراکی 
KETOCONAZOLE,کوتازول,شامپو,2 % 100 mL,موضعی 
LANSOPRAZOLE,لانزاسید,کپسول,30 mg,انتریک کوتد خوراکی
HYOSCINE-N-BUTYL BROMIDE,هیوتکس,تزریقی,20 mg/1mL mL,پرنترال 
FLUOCINOLONE ACETONIDE,فلوسیزان,پماد,0.025 % 15 g,موضعی 
FLUPENTHIXOL DECANOATE,آتیکسول دپات,تزریقی,20 mg/1mL 1 mg,پرنترال 
OXALIPLATIN,الوگزاتین,محلول,5 mg/1mL 10 mg,غلیظ تزریقی پرنترال
CALCIUM DOBESILATE,دوکسیوم,کپسول,500 mg,خوراکی 
ADALIMUMAB,سینورا,محلول,50 mg/1mL 0.8 mg,تزریقی پرنترال
PANTOPRAZOLE (AS SODIUM SESQUIHYDRATE),پپتیکر,قرص,20 mg,انتریک کوتد خوراکی
MESALAZINE,مزالازین,قرص,500 mg,انتریک کوتد خوراکی
DROSPIRENONE / ETHINYLESTRADIOL,کنتراسمین,قرص,3 mg/0.03 mg,خوراکی 
FAMOTIDINE,فاموتد,قرص,20 mg,خوراکی 
GEMCITABINE HYDROCHLORIDE,تیاجم,محلول,100 mg/1mL 2 mg,غلیظ تزریقی پرنترال
DAPAGLIFLOZIN (AS PROPANEDIOL) / METFORMIN HYDROCHLORIDE,فاکسیبت پلاس,قرص,10 mg/1000 mg,پیوسته رهش خوراکی
VENLAFAXINE,ونلافاکسین-حکیم,قرص,75 mg,خوراکی 
ALENDRONATE (AS SODIUM),استئوفوس,قرص,70 mg,خوراکی 
OSELTAMIVIR (AS PHOSPHATE),تاماویر,کپسول,75 mg,خوراکی 
GEMCITABINE HYDROCHLORIDE,جم سیبان,محلول,100 mg/1mL 10 mL,غلیظ تزریقی پرنترال
AZELASTINE HYDROCHLORIDE / FLUTICASONE PROPIONATE,آزانیز,اسپری,137 ug/50 ug/1 {Puff} 120 mL,با دوز اندازه گیری شده از راه بینی
ESCITALOPRAM (AS OXALATE),اس سیتالوپرام,قرص,20 mg,خوراکی 
ACETAMINOPHEN / CODEINE PHOSPHATE,استامینوفن / کدئین,قرص,300 mg/20 mg,خوراکی 
ESCITALOPRAM (AS OXALATE),لگزودپ,قرص,20 mg,خوراکی 
CLOTRIMAZOLE,کلوتریمازول,کرم,1 % 15 g,موضعی 
BUPRENORPHINE (AS HYDROCHLORIDE),بوپرنورفین داروپخش,قرص,2 mg,زیرزبانی 
AZITHROMYCIN,آزيترومايسين,قرص,250 mg,خوراکی 
BISOPROLOL FUMARATE,بتالکو,قرص,2.5 mg,خوراکی 
DULOXETINE,دلوکسی کپ,کپسول,60 mg,انتریک کوتد خوراکی
ADULT COLD PREPARATIONS (4-3),مینا کلد,قرص,325 mg/5 mg/2 mg,خوراکی 
IBUPROFEN (AS LYSINE),ادوالژین,قرص,400 mg,خوراکی 
PIROXICAM,روماکام,تزریقی,20 mg/1mL mL,پرنترال 
BORTEZOMIB,بورتزومیب آکویدا,پودر,3.5 mg mg,لئوفیلیزه برای تهیه محلول تزریقی پرنترال
AMITRIPTYLINE HYDROCHLORIDE,آمی تریپتیلین,قرص,10 mg,خوراکی 
VALSARTAN,سووالتان,قرص,160 mg,خوراکی 
LORATADINE,لوراتکس,قرص,10 mg,خوراکی 
ETOPOSIDE,پوزاید,کپسول,50 mg,خوراکی 
FOLLITROPIN BETA,پیورگون,محلول,833 [iU]/1mL 0.72 [iU],تزریقی پرنترال
FEXOFENADINE HYDROCHLORIDE,فکسوفنادین,قرص,180 mg,خوراکی 
HYDROXYUREA,اوی یورا,کپسول,500 mg,خوراکی 
ALLOPURINOL,آلوپورینول-جالینوس,قرص,100 mg,خوراکی 
METHOTREXATE SODIUM,متوترکسات ویاتریس,تزریقی,2.5 mg/1mL 2 mg,پرنترال 
ADALIMUMAB,آدالیرکت,محلول,50 mg/1mL 0.8 mL,تزریقی پرنترال
LEVODOPA / CARBIDOPA FORTE,ایزیکام,قرص,250 mg/25 mg,خوراکی 
VALSARTAN,والسارتان,قرص,40 mg,خوراکی 
ALBUMIN (HUMAN),آلبونورم,محلول,20 % 50 %,تزریقی پرنترال
VITAMIN B1 / VITAMIN B6 / VITAMIN B12,راویت-بی,تزریقی,100 mg/100 mg/1000 ug/3mL mL,پرنترال 
BROMHEXINE HYDROCHLORIDE,برم هگزوبکس,محلول,4 mg/5mL 60 mL,خوراکی 
CIPROFLOXACIN (AS LACTATE),سیپروکس,محلول,10 mg/1mL 20 mL,تزریقی داخل وریدی
ESOMEPRAZOLE (AS MAGNESIUM) / NAPROXEN,ناپرکو,قرص,20 mg/375 mg,انتریک کوتد خوراکی
DIPHENOXYLATE,دیفنوکسیلات,قرص,2.5 mg,خوراکی 
DEXTROMETHORPHAN HYDROBROMIDE,دکسترومتورفان-الحاوی,شربت,15 mg/5mL 60 mL,خوراکی 
VALSARTAN,والتیمان,قرص,80 mg,خوراکی 
BETAHISTINE DIHYDROCHLORIDE,اکتوسرک,قرص,16 mg,خوراکی 
ATORVASTATIN (AS CALCIUM),آتورکسین,قرص,10 mg,خوراکی 
CYPROHEPTADINE HYDROCHLORIDE,راسیپ,محلول,2 mg/5mL 200 mL,خوراکی 
LANSOPRAZOLE,لنسوزول,کپسول,15 mg,انتریک کوتد خوراکی
TERAZOSIN,ترازوکیم,قرص,5 mg,خوراکی 
PREGABALIN,ژینکس,کپسول,75 mg,خوراکی 
VITAMIN B1 (THIAMINE),ویتامین ب1,قرص,300 mg,خوراکی 
BISOPROLOL FUMARATE,بیزوپرولول,قرص,2.5 mg,خوراکی 
SODIUM CHLORIDE,سدیم کلراید,محلول,0.45 % 500 mL,تزریقی پرنترال
ACETAMINOPHEN / CAFFEINE / ASA,آ ث آ,قرص,162.5 mg/32.5 mg/325 mg,خوراکی 
DOCETAXEL,دوسه تکسل,محلول,20 mg/1mL 4 mL,تزریقی داخل وریدی
ESOMEPRAZOLE,نکسیوم,قرص,20 mg,انتریک کوتد خوراکی
CIPROFLOXACIN (AS HYDROCHLORIDE),سیپروفلوکساسین,قرص,500 mg,خوراکی 
ETHOSUXIMIDE,اتوسوکسیمیدا,کپسول,250 mg,خوراکی 
EMPAGLIFLOZIN / LINAGLIPTIN / METFORMIN HYDROCHLORIDE,ترای‌تیس,قرص,12.5 mg/2.5 mg/1000 mg,پیوسته رهش خوراکی
MIDODRINE HYDROCHLORIDE,میدودار,قرص,2.5 mg,خوراکی 
VALPROATE SEMISODIUM,دی والپروئکس,قرص,250 mg,انتریک کوتد خوراکی
ESOMEPRAZOLE (AS MAGNESIUM),اسومراز,گرانول,5 mg g,انتریک کوتد خوراکی
THEOPHYLLINE / GUAIFENESIN,تئوفیلین-جی,,50 mg/30 mg/5mL 120 mL,محلول خوراکی
APREMILAST,الست,قرص,30 mg,خوراکی 
FLUTICASONE PROPIONATE,فلوهیل,اینهالر,250 ug/1{dose} 120 mg,استنشاقی 
SIMETHICONE (DIMETHICONE ACTIVATED),دایمتیکون,کپسول,125 mg,حاوی مایع خوراکی
PEMETREXED (AS DISODIUM),پماکسا,پودر,100 mg mg,لئوفیلیزه برای تهیه محلول تزریقی پرنترال
TRIPTORELIN (AS ACETATE),واریوپپتیل,پودر,3.75 mg mg,لئوفیلیزه برای تهیه سوسپانسیون تزریقی پیوسته رهش پرنترال
AZITHROMYCIN,آزیترومایسین,قرص,250 mg,خوراکی 
SALMETEROL (AS XINAFOATE) / FLUTICASONE PROPIONATE,سروفلو,آئروسل,25 ug/250 ug/1{dose} 120 {dose},با دوز اندازه گیری شده استنشاقی
BENDAMUSTINE HYDROCHLORIDE,بنترا,پودر,25 mg mg,برای تهیه محلول تزریقی پرنترال
DASATINIB,داسانیب,قرص,70 mg,خوراکی 
EZETIMIBE / ROSUVASTATIN (AS CALCIUM),کروزت,قرص,10 mg/20 mg,خوراکی 
PANTOPRAZOLE (AS SODIUM SESQUIHYDRATE),پنتوپرازول,کپسول,40 mg,انتریک کوتد خوراکی
SODIUM CHLORIDE,سالین واش,محلول,0.9 % 1000 mL,جهت شستشو
DEXTROSE / SODIUM CHLORIDE,دکستروز/سدیم کلراید,محلول,3.33 %/0.3 % 1000 L,تزریقی داخل وریدی
SODIUM CHLORIDE,سدیم کلراید,محلول,0.9 % 1000 mL,تزریقی پرنترال
EMPAGLIFLOZIN,پگلینو,قرص,10 mg,خوراکی 
ACETAMINOPHEN / CAFFEINE / IBUPROFEN,فارژزیک,کپسول,325 mg/40 mg/200 mg,خوراکی 
TERIFLUNOMIDE,تری فلونامید,قرص,14 mg,خوراکی 
PEMETREXED (AS DISODIUM),الوپم,پودر,100 mg mg,لئوفیلیزه برای تهیه محلول تزریقی پرنترال
CARVEDILOL,کارودیلول,قرص,6.25 mg,خوراکی 
METFORMIN HYDROCHLORIDE,متفورمین,قرص,1000 mg,خوراکی 
MIRTAZAPINE,زامرون,قرص,15 mg,خوراکی 
VITAMIN B1 (THIAMINE),ویتامین ب1,قرص,300 mg,خوراکی 
FULVESTRANT,فاسلو‌سدال,محلول,50 mg/1mL 5 mg,تزریقی پرنترال
FEXOFENADINE HYDROCHLORIDE,فکسوتد,قرص,180 mg,خوراکی 
STREPTOMYCIN (AS SULFATE),استرپتومایسین سولفات,پودر,1 g g,برای تهیه محلول تزریقی پرنترال
FEXOFENADINE HYDROCHLORIDE,الگراکس,سوسپانسیون,30 mg/5mL 100 mL,خوراکی 
HYDRALAZINE HYDROCHLORIDE,انیزال,قرص,25 mg,خوراکی 
ANAKINRA,کینرت,محلول,150 mg/1 mL 0.67 mL,تزریقی پرنترال
URSODEOXYCHOLIC ACID,اورسوداکسی کولیک اسید,کپسول,300 mg,خوراکی 
DENOSUMAB,پرولیا,محلول,60 mg/1mL 1 mg,تزریقی پرنترال
GLATIRAMER ACETATE,کوپامر,محلول,40 mg/1mL mL,تزریقی پرنترال
CALAMINE,کالامین-ناژو,,8 % 60 mL,لوسیون موضعی
KETOCONAZOLE,کتوکونازول,شامپو,2 % 100 mL,موضعی 
IBUPROFEN,ایبوکیم,قرص,400 mg,خوراکی 
MUPIROCIN,موپیتاپ,پماد,2 % 15 g,موضعی 
AMLODIPINE (AS BESILATE) / VALSARTAN / HYDROCHLOROTHIAZIDE,والزومیکس-اچ سی تی,قرص,5 mg/160 mg/12.5 mg,خوراکی 
IOHEXOL,امنی پک,تزریقی,350 mg/1mL 50 mL,پرنترال 
PANTOPRAZOLE (AS SODIUM SESQUIHYDRATE),پنتوپرازول,قرص,40 mg,انتریک کوتد خوراکی
GUAIFENESIN,گایافنزین,شربت,100 mg/5mL 60 mL,خوراکی 
SOLIFENACIN SUCCINATE,ویسول,قرص,10 mg,خوراکی 
DOBUTAMINE (AS HYDROCHLORIDE),دوبوتامین ویاتریس,محلول,12.5 mg/1mL 20 mg,تزریقی داخل وریدی
METHIMAZOLE,تیرومت-آی اچ,قرص,5 mg,خوراکی 
EDETATE CALCIUM DISODIUM,ادتات کلسیم دی سدیم,تزریقی,50 mg/1mL 10 mL,پرنترال 
IMIQUIMOD,آلدارا,کرم,5 % 250 mg,موضعی 
ACETAMINOPHEN,ساسفن,سوسپانسیون,120 mg/5mL 120 mL,خوراکی 
DOBUTAMINE (AS HYDROCHLORIDE),دوبوتامین- هاملن,محلول,12.5 mg/1mL 20 mg,تزریقی داخل وریدی
CHOLESTYRAMINE,کلستیرامین,پودر,4 g g,برای تهیه سوسپانسیون خوراکی
CLONAZEPAM,کلونازپام-سبحان,قرص,1 mg,خوراکی 
DESLORATADINE,نئودیمین,شربت,2.5 mg/5 mL 120 mL,خوراکی 
METRONIDAZOLE,مترونیدازول-بهوزان,ژل,0.75 % 70 g,واژینال 
CETIRIZINE HYDROCHLORIDE,ستیریزین,شربت,1 mg/1mL 60 mL,خوراکی 
METHADONE HYDROCHLORIDE,متادون,قرص,20 mg,خوراکی 
ADULT COLD PREPARATIONS (4-13),واریو کلد,پودر,500 mg/10 mg/4 mg g,برای تهیه محلول خوراکی
ARIPIPRAZOLE,سروزول,قرص,15 mg,خوراکی 
KETOROLAC TROMETAMOL,کتورولاک,محلول,30 mg/1mL 1 mL,تزریقی پرنترال
TRIFLUOPERAZINE,تری فلوئوپرازین,,1 mg,قرص خوراکی
CALCIUM FOLINATE,روفولین,قرص,15 mg,خوراکی 
CAFFEINE (AS CITRATE),کافئین,محلول,10 mg/1mL 3 mL,تزریقی پرنترال
MESALAZINE,آساکول,شیاف,500 mg,مقعدی 
METRONIDAZOLE (AS BENZOATE),متروماکس,سوسپانسیون,125 mg/5mL 120 mL,خوراکی 
DAPAGLIFLOZIN (AS PROPANEDIOL),داپافار,قرص,10 mg,خوراکی 
ACETAMINOPHEN,استامینوفن آریا,قرص,325 mg,خوراکی 
LEVOFLOXACIN,تاوالوسین,قرص,750 mg,خوراکی 
IBUPROFEN / METHOCARBAMOL,ایبواسمارت پلاس,قرص,200 mg/500 mg,خوراکی 
ONDANSETRON (AS HYDROCHLORIDE),انستین,محلول,4 mg/5mL 60 mL,خوراکی 
ZOLPIDEM TARTRATE,زولیور,قرص,10 mg,خوراکی 
BECLOMETHASONE DIPROPIONATE / FORMOTEROL FUMARATE,فاستر,آئروسل,100 ug/6 ug/1{Puff} 120 {Puff},با دوز اندازه گیری شده استنشاقی
GABAPENTIN,بایوپنتین,کپسول,300 mg,خوراکی 
METHYLPHENIDATE HYDROCHLORIDE,پرکتیسا,قرص,20 mg,پیوسته رهش خوراکی
BOSENTAN,تراپوس,قرص,62.5 mg,خوراکی 
GABAPENTIN,ریپنتین,کپسول,100 mg,خوراکی 
CEFOTAXIME (AS SODIUM),سفوجکت,پودر,500 mg mg,برای تهیه محلول تزریقی پرنترال
CITALOPRAM,سیتالوپرام,قرص,20 mg,خوراکی 
ACETAMINOPHEN,استامینوفن,محلول,150 mg/1mL 6.7 mL,غلیظ تزریقی داخل وریدی
FOLIC ACID,فولیک اسید,قرص,1 mg,خوراکی 
NICORANDIL,آگنالیز,قرص,10 mg,خوراکی 
PROPRANOLOL HYDROCHLORIDE,اینپرال,قرص,20 mg,خوراکی 
DOCETAXEL,تکسوتر,محلول,20 mg/1mL 4 mg,تزریقی داخل وریدی
PEDIATRIC GRIPPE,پدی کلد,شربت,0.67 mg/10 mg/5mL 60 mL,خوراکی 
NOREPINEPHRINE (AS BITARTRATE),نوراپی نفرین,محلول,1 mg/1mL 10 mL,غلیظ تزریقی پرنترال
DOMPERIDONE,دومپریدون-جالینوس,قرص,10 mg,خوراکی 
LOSARTAN POTASSIUM,لازارو,قرص,25 mg,خوراکی 
BIPERIDEN HYDROCHLORIDE,بی پریدن,قرص,2 mg,خوراکی 
CETIRIZINE HYDROCHLORIDE,ستیریزین,شربت,1 mg/1mL 60 mL,خوراکی 
BROMHEXINE HYDROCHLORIDE,برومسیل,محلول,4 mg/5mL 60 mL,خوراکی 
ONDANSETRON (AS HYDROCHLORIDE),اندانسترون,محلول,4 mg/5mL 60 mL,خوراکی 
FEXOFENADINE HYDROCHLORIDE,کیدوفست,سوسپانسیون,30 mg/5mL 120 mL,خوراکی 
BETAMETHASONE (AS VALERATE),بتامتازون-ناژو,کرم,0.1 % 15 g,موضعی 
KETAMINE (AS HYDROCHLORIDE),کتامین,تزریقی,50 mg/1mL 10 mg,پرنترال 
OXYCODONE HYDROCHLORIDE,لنیتون,قرص,20 mg,پیوسته رهش خوراکی
LIDOCAINE HYDROCHLORIDE,لیدوکائین هیدروکلراید,تزریقی,2 % 5 mL,پرنترال 
IBUPROFEN,پدآ,تزریقی,5 mg/1mL 2 mg,داخل وریدی
RIVAROXABAN,آکسابین,قرص,20 mg,خوراکی 
CO-AMOXICLAV,کوآموکسی‌کلاو,قرص,500 mg/125 mg,خوراکی 
MYCOPHENOLATE MOFETIL,سلسپت,کپسول,250 mg,خوراکی 
BUDESONIDE,بودانوز,اسپری,64 ug/1{dose} 120 mL,از راه بینی
CO-TRIMOXAZOLE,کوتریموکسازول,قرص,400 mg/80 mg,خوراکی 
BUPRENORPHINE (AS HYDROCHLORIDE),بوپرنورفین,قرص,2 mg,زیرزبانی 
METOPROLOL SUCCINATE,متوهگزال سوک,قرص,47.5 mg,پیوسته رهش خوراکی
EPINEPHRINE,آدرنالین,تزریقی,1 mg/1mL 1 mL,پرنترال 
AMIKACIN (AS SULFATE),آمیکاسین,تزریقی,50 mg/1mL 2 mL,پرنترال 
EMPAGLIFLOZIN / LINAGLIPTIN,گلوز-لین,قرص,25 mg/5 mg,خوراکی 
INTERFERON BETA-1B,زیفرون,پودر,9600000 [iU] ug,برای تهیه محلول تزریقی پرنترال
GABAPENTIN,گاباپنتین-اکسیر,کپسول,300 mg,خوراکی 
BILASTINE,بیلاتنیکس,قرص,20 mg,خوراکی 
MEFENAMIC ACID,مفنامیک اسید,قرص,500 mg,خوراکی 
ROSUVASTATIN (AS CALCIUM),رزوکل,قرص,20 mg,خوراکی 
GLICLAZIDE,گلیزان,قرص,30 mg,پیوسته رهش خوراکی
EMPAGLIFLOZIN / LINAGLIPTIN,گلورنتا,قرص,25 mg/5 mg,خوراکی 
INDOMETHACIN,ایندومتاسین,کپسول,25 mg,خوراکی 
CICLOSPORIN,سیکلوسپورین,کپسول,25 mg,حاوی مایع خوراکی
FILGRASTIM,پی دی گراستیم,تزریقی,600 ug/1mL 0.5 ug,پرنترال 
GABAPENTIN,گاباپنتین,کپسول,100 mg,خوراکی 
CLOTRIMAZOLE,کلوتریمازول-عماد,کرم,1 % 50 g,واژینال 
SPIRONOLACTONE,اسپیرونولاکتون,قرص,25 mg,خوراکی 
HYOSCINE-N-BUTYL BROMIDE,لانیا,قرص,10 mg,خوراکی 
CETRORELIX,ستروتاید,پودر,250 ug ug,برای تهیه محلول تزریقی پرنترال
BRIVARACETAM,بریزانتیس,قرص,75 mg,خوراکی 
OXYCODONE HYDROCHLORIDE,فاروکسی,قرص,40 mg,پیوسته رهش خوراکی
CLINDAMYCIN (AS PHOSPHATE),کلیندامایسین,تزریقی,150 mg/1mL 2 mL,پرنترال 
DEFERIPRONE,آوی دفرون,قرص,500 mg,جوشان خوراکی
APREPITANT,امکسیر,کپسول,125 mg,خوراکی 
OZANIMOD (AS HYDROCHLORIDE),تورنزو,کپسول,0.92 mg,خوراکی 
ACETAMINOPHEN,استامینوفن نیکسادا,محلول,120 mg/5mL 60 mL,خوراکی 
REPAGLINIDE,رپاسد,قرص,1 mg,خوراکی 
SALBUTAMOL / BECLOMETHASONE DIPROPIONATE,آئروکورت,"آئروسل،",100 ug/50 ug/1{dose} 200 {dose},اسپری استنشاقی
CHLORDIAZEPOXIDE,کلردیازپوکساید,قرص,5 mg,خوراکی 
PROGESTERONE,فرنوژست,کپسول,200 mg,حاوی مایع خوراکی
ERYTHROMYCIN,اریترومایسین,قرص,200 mg,خوراکی 
EVEROLIMUS,اورولیموس,قرص,5 mg,خوراکی 
DIMENHYDRINATE,دیمن هیدرینات-جالینوس,قرص,50 mg,خوراکی 
ADAPALENE,دیفریزان,کرم,0.1 % 30 g,موضعی 
AMLODIPINE (AS BESILATE),آملوپرس,قرص,5 mg,خوراکی 
PALBOCICLIB,پادنزا,کپسول,125 mg,خوراکی 
PANTOPRAZOLE (AS SODIUM SESQUIHYDRATE),پنتونیل,کپسول,20 mg,انتریک کوتد خوراکی
CABERGOLINE,کابولین,قرص,0.5 mg,خوراکی 
DAPAGLIFLOZIN (AS PROPANEDIOL) / METFORMIN HYDROCHLORIDE,گلوکسیگا-ام,قرص,5 mg/1000 mg,خوراکی 
LIDOCAINE / PRILOCAINE,لیدوکایین / پریلوکایین,کرم,2.5 %/2.5 % 30 g,موضعی 
IMIPRAMINE HYDROCHLORIDE,ایمی پرامین,قرص,10 mg,خوراکی 
VALACYCLOVIR,والاسیکلوویر,قرص,1000 mg,خوراکی 
FILGRASTIM,نوواریا,تزریقی,600 ug/1mL 0.5 ug,پرنترال 
IBUPROFEN,ایبوپروفن,قرص,400 mg,خوراکی 
DORZOLAMIDE (AS HYDROCHLORIDE),دوگلومکس,"محلول،",2 % 5 mL,قطره چشمی
METOCLOPRAMIDE HYDROCHLORIDE,متوکلوپرامید-حکیم,"محلول،",4 mg/1mL 15 mL,قطره خوراکی
PROGESTERONE,فرتیژست,شیاف,400 mg,واژینال 
ATENOLOL,آتنولول,قرص,100 mg,خوراکی 
NITROGLYCERIN,نیتروکاردین,قرص,6.4 mg,پیوسته رهش خوراکی
ZOLEDRONIC ACID,زومه سدال,تزریقی,4 mg/5mL mL,پرنترال 
ESCITALOPRAM (AS OXALATE),لگزاتال,قرص,10 mg,خوراکی 
EMPAGLIFLOZIN / LINAGLIPTIN,گلایپاور,قرص,25 mg/5 mg,خوراکی 
DAPOXETINE (AS HYDROCHLORIDE),فورنیدو,قرص,60 mg,خوراکی 
BACLOFEN,باکلوفن,قرص,10 mg,خوراکی 
CONJUGATED ESTROGENS,استرومارین,قرص,1.25 mg,خوراکی 
PENICILLIN G PROCAINE,پن,پودر,800000 [iU] [iU],برای تهیه فرآورده تزریقی پرنترال
OCTREOTIDE (AS ACETATE),ساندوستاتین لار,پودر,30 mg mg,برای تهیه سوسپانسیون تزریقی پیوسته رهش پرنترال
LEUPRORELIN ACETATE,بی دی شور,پودر,7.5 mg mg,برای تهیه سوسپانسیون تزریقی پیوسته رهش پرنترال
RIZATRIPTAN (AS BENZOATE),ریزاتریپتان,قرص,10 mg,خوراکی 
ATENOLOL,آتنولول,قرص,50 mg,خوراکی 
CABERGOLINE,کابرلین,قرص,0.5 mg,خوراکی 
LACTULOSE,دوکالوز,شربت,10 g/15mL 240 mL,خوراکی 
LIDOCAINE HYDROCHLORIDE,لیدوکائین,تزریقی,2 % 5 mL,پرنترال 
LEVOFLOXACIN,تافکس سیدال,قرص,500 mg,خوراکی 
TENOFOVIR DISOPROXIL FUMARATE,ویریبیت,قرص,300 mg,خوراکی 
PREGABALIN,گاباپرل,کپسول,150 mg,خوراکی 
BUDESONIDE / FORMOTEROL FUMARATE,لیراکورت,پودر,160 ug/4.5 ug/1{dose} 60 {Puff},با دوز اندازه گیری شده استنشاقی
METOPROLOL TARTRATE,تداپرول,قرص,50 mg,خوراکی 
CARBAMAZEPINE,تگرتول,سوسپانسیون,100 mg/5mL 250 g,خوراکی 
PRAMIPEXOLE (AS DIHYDROCHLORIDE),پارکیسول,قرص,0.18 mg,خوراکی 
DAPAGLIFLOZIN (AS PROPANEDIOL),داکسلا,قرص,10 mg,خوراکی 
LINEZOLID,لینزولید,قرص,600 mg,خوراکی 
FLUOROURACIL,فلورواوراسیل,تزریقی,50 mg/1mL 10 mg,پرنترال 
DAPOXETINE (AS HYDROCHLORIDE),دیلی پوکس,قرص,30 mg,خوراکی 
ATEZOLIZUMAB,تسنتریک,محلول,60 mg/1mL 20 mg,غلیظ تزریقی داخل وریدی
CLINDAMYCIN (AS PHOSPHATE),کلیندانال,کرم,2 % 40 g,واژینال 
LEVOFLOXACIN,تاواپنو,قرص,750 mg,خوراکی 
PHENYLEPHRINE HYDROCHLORIDE,دی بی افرین,اسپری,0.5 % 15 mL,از راه بینی
GEMFIBROZIL,جم فیبروزیل,,300 mg,کپسول خوراکی
VITAMIN D3,ویتامین دی3-تداژل,کپسول,50000 [iU],حاوی مایع خوراکی
PHENOL GLYCERIN,گلیسیرین فنیکه,"محلول،",6.4 g/93.6 g 10 mL,قطره گوشی
AMLODIPINE (AS BESILATE) / VALSARTAN,والزومیکس,قرص,5 mg/80 mg,خوراکی 
FLUVOXAMINE MALEATE,فلووکسامین,قرص,100 mg,خوراکی 
SODIUM THIOSULFATE,ناتریوم تیوسولفات,تزریقی,250 mg/1mL 100 mg,پرنترال 
AMPICILLIN / SULBACTAM,آمپی باکتام,پودر,1 g/0.5 g mg,برای تهیه محلول تزریقی پرنترال
VITAMIN B1 (THIAMINE),ویتاکیم-ب,قرص,300 mg,خوراکی 
SODIUM CHLORIDE,سدیم کلراید,اسپری,0.65 % 20 mL,از راه بینی
EMPAGLIFLOZIN / LINAGLIPTIN,امپاجنت,قرص,25 mg/5 mg,خوراکی 
GADODIAMIDE,رونیسکن,تزریقی,287 mg/1mL 15 g,پرنترال 
CEFIXIME,سفیکسیم,قرص,400 mg,خوراکی 
FLUOROURACIL,فلورواوراسیل,تزریقی,50 mg/1mL 5 mg,پرنترال 
MENTHOL SALICYLATE,منتول سالیسیلات,پماد,10 %/15 % 30 g,موضعی 
FLUORIDE SODIUM,فلوراید بهسا,دهانشویه,0.2 % 250 mL,دندانی 
DICLOFENAC DIETHYLAMMONIUM,دیکوزان,ژل,1 % 60 g,موضعی 
PREGABALIN,رایپیکا,کپسول,50 mg,خوراکی 
TRASTUZUMAB DERUXTECAN,تراستیمر,پودر,100 mg mg,برای تهیه محلول تزریقی پرنترال
COAGULATION FACTOR VIII (RECOMBINANT),زینتا,پودر,500 [iU] [iU],لئوفیلیزه برای تهیه محلول تزریقی پرنترال
ROSUVASTATIN (AS CALCIUM),رزورکسین,قرص,40 mg,خوراکی 
METFORMIN HYDROCHLORIDE,متفورمین,قرص,1000 mg,خوراکی 
MONTELUKAST (AS SODIUM),آوی لوکاست,قرص,10 mg,خوراکی 
DOXYCYCLINE (AS HYCLATE),داکسی سایکلین هایکلیت,کپسول,100 mg,انتریک کوتد خوراکی
SULFACETAMIDE SODIUM,باکتی ماید,,20 % 10 mL,"محلول، قطره چشمی"
VITAMIN B COMPLEX,ویتامین ب کمپلکس,تزریقی,5 mg/2 mg/2 mg/3 mg/20 mg/1mL 2 mL,پرنترال 
CARBOPLATIN,ابکاربو,محلول,10 mg/1mL 5 mg,غلیظ تزریقی داخل وریدی
NAPROXEN,ناپروکسن-سبحان,قرص,250 mg,خوراکی 
INDOMETHACIN,ایندوزان,شیاف,100 mg,مقعدی 
BEVACIZUMAB,اواسیم,محلول,25 mg/1mL 4 mL,غلیظ تزریقی پرنترال
GEMCITABINE HYDROCHLORIDE,جمسدال,محلول,38 mg/1 mL 5.26 mg,غلیظ تزریقی پرنترال
DAPSONE,داپسوژل,ژل,5 % 30 g,موضعی 
PIROXICAM,ژلیکام,ژل,0.5 g/100g 60 g,موضعی 
LOSARTAN POTASSIUM / HYDROCHLOROTHIAZIDE,لوزاتن-اچ,قرص,50 mg/12.5 mg,خوراکی 
INSULIN GLARGINE,بازالین,تزریقی,100 [iU]/1mL 3 mL,پرنترال 
ESOMEPRAZOLE,ازونیوم عبیدی,کپسول,20 mg,انتریک کوتد خوراکی
LEVODOPA / BENSERAZIDE,تادوبن,قرص,100 mg/25 mg,خوراکی 
ALBENDAZOLE,آلبندازول,قرص,400 mg,جویدنی خوراکی
ACETAMINOPHEN / CODEINE PHOSPHATE,استامینوفن/کدئین-اکسیر,قرص,300 mg/20 mg,خوراکی 
MISOPROSTOL,میزوگلندین,قرص,200 ug,خوراکی 
CLARITHROMYCIN,کلاریترومایسین,پودر,250 mg/5 mL 60 mL,برای تهیه سوسپانسیون خوراکی
CITALOPRAM,سیتاکسا,قرص,20 mg,خوراکی 
EPINEPHRINE,اپی نالین,تزریقی,1 mg/1mL 1 mL,پرنترال 
PRAMIPEXOLE (AS DIHYDROCHLORIDE),سوپکسول,قرص,0.18 mg,خوراکی 
ROSUVASTATIN (AS CALCIUM),روپیکسون,قرص,20 mg,خوراکی 
TRIAMCINOLONE ACETONIDE,تریامسینولون,پماد,0.1 % 15 g,موضعی 
DOCETAXEL,الوتر,محلول,20 mg/1mL 4 mg,تزریقی داخل وریدی
SIMETHICONE (DIMETHICONE ACTIVATED),دایمتیکون,کپسول,180 mg,حاوی مایع خوراکی
IBUPROFEN,ایبوپروفن - ثنامد,قرص,400 mg,خوراکی 
LIRAGLUTIDE,ویکیتاید,محلول,6 mg/1mL 3 mg,تزریقی پرنترال
SALBUTAMOL (AS SULFATE),بونیر,اسپری,100 ug/1{dose} 200 {dose},با دوز اندازه گیری شده استنشاقی
LEVOFLOXACIN,لووفلوکساسین,قرص,750 mg,خوراکی 
CO-AMOXICLAV,کلاومکس,پودر,250 mg/62.5 mg/5mL 100 mL,برای تهیه سوسپانسیون خوراکی
CARBOPLATIN,کارپتین,محلول,10 mg/1mL 15 mL,غلیظ تزریقی داخل وریدی
OCRELIZUMAB,زاکرل,محلول,30 mg/1mL 10 mg,غلیظ تزریقی پرنترال
FLUVOXAMINE MALEATE,لووسر,قرص,50 mg,خوراکی 
DEXTROSE / SODIUM CHLORIDE,دکستروز/سدیم کلراید,محلول,3.33 %/0.3 % 500 mL,تزریقی داخل وریدی
ATOMOXETINE HYDROCHLORIDE,استراموکس,کپسول,10 mg,خوراکی 
THEOPHYLLINE,تئوفیلین-رازک,قرص,200 mg,پیوسته رهش خوراکی
DICLOFENAC SODIUM,دیکلوتان,قرص,75 mg,پیوسته رهش خوراکی
PHENYLEPHRINE HYDROCHLORIDE,فنیل افرین هیدروکلراید استروپ,تزریقی,10 mg/1mL 1 mL,پرنترال 
INSULIN ASPART,رپیدسولین,محلول,100 [iU]/1mL 3 [iU],تزریقی پرنترال
DICLOFENAC POTASSIUM,دیکلوفناک پتاسیم,قرص,50 mg,خوراکی 
IBUPROFEN,ایبوپروفن,شیاف,150 mg,مقعدی 
CEFAZOLIN,سفازولین,پودر,1 g g,برای تهیه محلول تزریقی پرنترال
LOSARTAN POTASSIUM,لوزارتان-حکیم,قرص,25 mg,خوراکی 
OXYCODONE HYDROCHLORIDE,فاروکسی,قرص,5 mg,خوراکی 
SAPROPTERIN DIHYDROCHLORIDE,سنتیدا,قرص,100 mg,حل شونده خوراکی
WATER,آب سترون قابل تزریق,تزریقی,5 mL mL,پرنترال 
BRIVARACETAM,بریواستا,قرص,25 mg,خوراکی 
MAGNESIUM SULFATE,منیزیم سولفات,تزریقی,50 % 10 mL,پرنترال 
METFORMIN HYDROCHLORIDE,گلوکوف,قرص,500 mg,خوراکی 
SALMETEROL (AS XINAFOATE) / FLUTICASONE PROPIONATE,سالمفلو,آئروسل,25 ug/250 ug/1{dose} 120 {dose},با دوز اندازه گیری شده استنشاقی
FAMOTIDINE,فاموتیدین,قرص,40 mg,خوراکی 
DEFERASIROX,جیدنیو,قرص,360 mg,خوراکی 
CHORIONIC GONADOTROPHIN (HUMAN),هوکوگ,پودر,5000 [iU] [iU],برای تهیه محلول تزریقی پرنترال
CEFIXIME,لوپراکس,پودر,100 mg/5 mL 100 mg,برای تهیه سوسپانسیون خوراکی
ACETAMINOPHEN / CAFFEINE / IBUPROFEN,دی پی فن,کپسول,325 mg/40 mg/200 mg,خوراکی 
OMEPRAZOLE,امپرازول سها,کپسول,) 20 mg,(پلت های انتریک کوتد خوراکی
KETOTIFEN (AS FUMARATE),کتوفتالمیک,"محلول،",0.025 % 5 mL,قطره چشمی
VALPROATE SODIUM,رهاکین,قرص,200 mg,انتریک کوتد خوراکی
ADULT COLD PREPARATIONS (4-3),مینا کلد,قرص,325 mg/5 mg/2 mg,خوراکی 
CARBAMAZEPINE,تگاتارد,قرص,400 mg,پیوسته رهش خوراکی
PEDIATRIC GRIPPE,کلدآوت,شربت,0.67 mg/10 mg/5mL 60 mL,خوراکی 
CLINDAMYCIN (AS PHOSPHATE) / CLOTRIMAZOLE,کلوواژیسین,کرم,2 %/2 % 40 g,واژینال 
ARIPIPRAZOLE,ابیلیزول,قرص,10 mg,خوراکی 
EPOETIN,سیناپویتین,تزریقی,10000 [iU]/0.6mL [iU],پرنترال 
PHENYLEPHRINE HYDROCHLORIDE,دکوفن,اسپری,0.25 % 15 mL,از راه بینی
HYDROCHLOROTHIAZIDE,هیدروکلروتیازید,قرص,50 mg,خوراکی 
LORAZEPAM,لورازپام,قرص,2 mg,خوراکی 
MESALAZINE,اینتسا,قرص,1200 mg,پیوسته رهش خوراکی
PANCURONIUM BROMIDE,پانکرونیوم,تزریقی,2 mg/1mL 2 mL,پرنترال 
SUCCIMER,سوکام,کپسول,200 mg,خوراکی 
LANSOPRAZOLE,لنسوسد,کپسول,30 mg,انتریک کوتد خوراکی
REGORAFENIB,فنوسا,قرص,40 mg,خوراکی 
NAPROXEN,ناپروکسن,قرص,500 mg,انتریک کوتد خوراکی
ACETAMINOPHEN,استامینوفن-حکیم,قرص,500 mg,خوراکی 
ROSUVASTATIN (AS CALCIUM),رزوکسون,قرص,10 mg,خوراکی 
IBUPROFEN,ایبوکیم,سوسپانسیون,100 mg/5mL 120 mL,خوراکی 
TIGECYCLINE,مرساکین,پودر,50 mg mg,لئوفیلیزه برای تهیه محلول تزریقی پرنترال
DONEPEZIL HYDROCHLORIDE / MEMANTINE HYDROCHLORIDE,مانازیل,کپسول,10 mg/28 mg,پیوسته رهش خوراکی
VITAMIN B12,ویتامین ب12,تزریقی,100 ug/1mL mL,پرنترال 
CAPECITABINE,انکوکپ,قرص,500 mg,خوراکی 
ARTIFICIAL TEARS (HYALURONATE SODIUM),ارتیپیک ادونسد,"محلول،",0.4 % 0.5 mL,قطره چشمی
URSODEOXYCHOLIC ACID,اورسو داکسی کولیک اسید,کپسول,300 mg,خوراکی 
MIRABEGRON,میرابگرون,قرص,50 mg,پیوسته رهش خوراکی
ROSUVASTATIN (AS CALCIUM),رزوواستاتین,قرص,40 mg,خوراکی 
MIDODRINE HYDROCHLORIDE,میدودار,قرص,10 mg,خوراکی 
LISDEXAMFETAMINE MESILATE,اتونس,کپسول,70 mg,خوراکی 
ACETAMINOPHEN,استامینوفن,شیاف,125 mg,مقعدی 
ONDANSETRON (AS HYDROCHLORIDE),دمتری کید,محلول,4 mg/5mL 60 mL,خوراکی 
NAPHAZOLINE HYDROCHLORIDE,نفازولین,"محلول،",0.05 % 10 mL,قطره از راه بینی
DICLOFENAC SODIUM,دیکلوفناک,شیاف,100 mg,مقعدی 
SPIRONOLACTONE,اسپیرونولاکتون,قرص,25 mg,خوراکی 
DACARBAZINE,داکاسدال,پودر,200 mg mg,برای تهیه محلول تزریقی پرنترال
HEPATITIS B IMMUNE GLOBULIN,ون بیگ,تزریقی,50 [iU]/1mL 50 [iU],پرنترال 
PRAMIPEXOLE (AS DIHYDROCHLORIDE),سیفرول,قرص,0.26 mg,پیوسته رهش خوراکی
ROSUVASTATIN (AS CALCIUM),روزانا,قرص,10 mg,خوراکی 
EMPAGLIFLOZIN,گلوریپا,قرص,10 mg,خوراکی 
ACETAMINOPHEN,استامینوفن,محلول,120 mg/5mL 60 mL,خوراکی 
OMEPRAZOLE,پمیزول,کپسول,) 20 mg,(پلت های انتریک کوتد خوراکی
ZOLPIDEM TARTRATE,زولپیدم,قرص,5 mg,خوراکی 
IFOSFAMIDE,آیفوکسا,پودر,1 g g,برای تهیه محلول تزریقی پرنترال
AZITHROMYCIN,آزیترومایسین-شفا,کپسول,250 mg,خوراکی 
CEFTIZOXIME,آفازوکس,پودر,500 mg mg,برای تهیه محلول تزریقی پرنترال
CLONAZEPAM,کلونازپام,قرص,1 mg,خوراکی 
SOLIFENACIN SUCCINATE,اوراکسین,قرص,5 mg,خوراکی 
POVIDONE IODINE,پوویدون آیداین-بهوزان,دوش,10 % 250 mL,واژینال 
CHLORDIAZEPOXIDE,للوکساید,قرص,5 mg,خوراکی 
HYDROCHLOROTHIAZIDE,هیدروکلروتیازید,قرص,12.5 mg,خوراکی 
RIFAXIMIN,ریفاکسیلان,قرص,200 mg,خوراکی 
FAMOTIDINE,فاموتیدین,قرص,20 mg,خوراکی 
LITHIUM CARBONATE,بایپوران,قرص,300 mg,خوراکی 
LEVETIRACETAM,مت اور,قرص,250 mg,خوراکی 
FLUTICASONE PROPIONATE,فلوتیزوکس,اینهالر,125 ug/1{dose} 120 ug,استنشاقی 
ETHIODIZED OIL,لیپیودول,تزریقی,480 mg/1mL 10 mL,پرنترال 
EPLERENONE,پلرون,قرص,25 mg,خوراکی 
TERBINAFINE HYDROCHLORIDE,بینافین,قرص,250 mg,خوراکی 
CEFIXIME,سفیکسیم,قرص,200 mg,خوراکی 
CICLOSPORIN,سیلورین,کپسول,25 mg,حاوی مایع خوراکی
FUSIDIC ACID,فوزیسید,کرم,2 % 15 g,موضعی 
BRIMONIDINE (AS TARTRATE),ژانو-بریم,ژل,3 mg/1g 30 g,موضعی 
MEDROXYPROGESTERONE ACETATE / ESTRADIOL CYPIONATE,دپوفم,تزریقی,50 mg/10 mg/1 mL 0.5 mL,پرنترال 
VALPROATE SODIUM,والپکت,قرص,333 mg/145 mg,پیوسته رهش خوراکی
ETHERIFIED STARCH,ول استارچ,محلول,6 % 500 mL,تزریقی پرنترال
TICAGRELOR,بریلاووس,قرص,60 mg,خوراکی 
ATORVASTATIN (AS CALCIUM),لیپوتین,قرص,20 mg,خوراکی 
METRONIDAZOLE,زوتینال,قرص,250 mg,خوراکی 
TRIFLUOPERAZINE,تری فلوئوپرازین,,1 mg,قرص خوراکی
ESCITALOPRAM (AS OXALATE),اس سیتالوپرام,قرص,10 mg,خوراکی 
ESOMEPRAZOLE,اس نکسوم,قرص,40 mg,انتریک کوتد خوراکی
EMPAGLIFLOZIN / LINAGLIPTIN,لینفلومیکس,قرص,25 mg/5 mg,خوراکی 
DAPOXETINE (AS HYDROCHLORIDE),داپیکو,قرص,60 mg,خوراکی 
FENOFIBRATE,لیپورام,کپسول,200 mg,خوراکی 
BLEOMYCIN,بلئومایسین کمکس,پودر,15 [iU] [iU],برای تهیه محلول تزریقی پرنترال
PACLITAXEL (ALBUMIN BAND) NANO,پکلینب,پودر,100 mg mg,برای تهیه سوسپانسیون تزریقی پرنترال
BISOPROLOL FUMARATE,آرتیبت,قرص,2.5 mg,خوراکی 
IBRUTINIB,لیفوزا,کپسول,140 mg,خوراکی 
MONOBENZONE,منوزان,کرم,20 % 30 g,موضعی 
VALSARTAN,والسارتان-ثنا مد,قرص,80 mg,خوراکی 
CHORIONIC GONADOTROPHIN (HUMAN),پی دی پرگ,پودر,5000 [iU] [iU],برای تهیه محلول تزریقی پرنترال
CICLOSPORIN,ایمینورال,کپسول,50 mg,حاوی مایع خوراکی
CHLORPROMAZINE HYDROCHLORIDE,سایکونورم,قرص,25 mg,خوراکی 
FAMPRIDINE,دالفیرا,قرص,10 mg,پیوسته رهش خوراکی
IMATINIB (AS MESYLATE),زیوک,قرص,100 mg,خوراکی 
DOXYCYCLINE (AS HYCLATE),داکسنت,کپسول,100 mg,انتریک کوتد خوراکی
GABAPENTIN,گاباپنتین-شفا,کپسول,300 mg,خوراکی 
DASATINIB,اسپریسل,قرص,50 mg,خوراکی 
VITAMIN B12,ویتامین ب12,تزریقی,1000 ug/1mL mL,پرنترال 
ATORVASTATIN (AS CALCIUM),آتورواستاتین,قرص,20 mg,خوراکی 
RIVAROXABAN,ریویکس,قرص,10 mg,خوراکی 
APIXABAN,آپیرابان,قرص,2.5 mg,خوراکی 
NILOTINIB,نیلوتینیب,کپسول,200 mg,خوراکی 
CEFIXIME,زاکسیم,پودر,100 mg/5 mL 100 mL,برای تهیه سوسپانسیون خوراکی
EMPAGLIFLOZIN / METFORMIN HYDROCHLORIDE,جاردی پلاس,قرص,5 mg/500 mg,خوراکی 
METHOTREXATE,رکسیمد,محلول,100 mg/1mL 10 mg,غلیظ تزریقی پرنترال
TENOFOVIR DISOPROXIL FUMARATE,رپلیکات,قرص,300 mg,خوراکی 
ONDANSETRON (AS HYDROCHLORIDE),اوندانزا,تزریقی,2 mg/1 mL 2 mL,پرنترال 
EVEROLIMUS,فینوتا,قرص,5 mg,خوراکی 
GEMCITABINE HYDROCHLORIDE,تیاجم,محلول,100 mg/1mL 10 mg,غلیظ تزریقی پرنترال
FENOFIBRATE,فنوریکس,کپسول,200 mg,خوراکی 
PACLITAXEL,پکلی تاکسل استراژن,تزریقی,6 mg/1mL 50 mg,پرنترال 
HYDROXYCHLOROQUINE SULFATE,روماكين,قرص,200 mg,خوراکی 
METHOTREXATE,ترگستا,محلول,25 mg/1mL 1 mg,تزریقی پرنترال
NIVOLUMAB,اکسترامب,محلول,10 mg/1mL 24 mg,غلیظ تزریقی پرنترال
ZOLPIDEM TARTRATE,زولپیدم,قرص,5 mg,خوراکی 
GLICLAZIDE,دیابزید,قرص,80 mg,خوراکی 
ACETYLCYSTEINE,استیل سیستئین,پودر,600 mg mg,خوراکی 
CETIRIZINE HYDROCHLORIDE,رینیزین,قرص,10 mg,خوراکی 
CELECOXIB,کوبیکس,کپسول,100 mg,خوراکی 
ACETAMINOPHEN / CAFFEINE / IBUPROFEN,ریفن,کپسول,325 mg/40 mg/200 mg,خوراکی 
VITAMIN C,ویتامین سی,تزریقی,100 mg/1mL 5 mL,پرنترال 
THEOPHYLLINE,تئوفیلین,قرص,200 mg,پیوسته رهش خوراکی
BIOTIN,بیوتیکسین,محلول,5 mg/1mL 1 mL,تزریقی عضلانی
METFORMIN HYDROCHLORIDE / GLIBENCLAMIDE,متفورمین / گلی بنکلامید,قرص,500 mg/2.5 mg,خوراکی 
IBRUTINIB,ایبروتینیب,کپسول,140 mg,خوراکی 
RINGER LACTATE,رینگر لاکتات,محلول,500 mL,تزریقی داخل وریدی
DEFEROXAMINE MESYLATE,دسفوناک,پودر,500 mg mg,برای تهیه محلول تزریقی پرنترال
CELECOXIB,سلوبیکس,کپسول,100 mg,خوراکی 
TADALAFIL,تیافیل,قرص,10 mg,خوراکی 
GLIMEPIRIDE,گلیمپراید,قرص,1 mg,خوراکی 
BUDESONIDE / FORMOTEROL FUMARATE,بودفورم,پودر,320 ug/9 ug/1{dose} 120 {Puff},با دوز اندازه گیری شده استنشاقی
PAROXETINE (AS HYDROCHLORIDE),لوکسیم,قرص,40 mg,خوراکی 
APREMILAST,پرمیلاتیک,قرص,20 mg,خوراکی 
CEFTRIAXONE (AS SODIUM),سفتریاکسون,پودر,1 g mg,برای تهیه محلول تزریقی پرنترال
GLYCERIN,گلیسرین,محلول,100 % 60 g,خوراکی 
CEFTAZIDIME / AVIBACTAM (AS SODIUM),زویسفتا,پودر,2 g/0.5 g g,برای تهیه فرآورده تزریقی پرنترال
CEFALEXIN,آفالکس,پودر,125 mg/5mL 100 mg,برای تهیه سوسپانسیون خوراکی
HYDROXYCHLOROQUINE SULFATE,هیدروکسی کلروکین,قرص,200 mg,خوراکی 
ADULT COLD PREPARATIONS (3-7),مگافن رست,قرص,500 mg/25 mg,خوراکی 
SALMETEROL (AS XINAFOATE) / FLUTICASONE PROPIONATE,روفلو دی پی ای رویان,کپسول,50 ug/250 ug/1{dose},استنشاقی 
METHOCARBAMOL,متوکاربامول,تزریقی,100 mg/1mL 10 mL,پرنترال 
PAROXETINE (AS HYDROCHLORIDE),دپاپکس,قرص,20 mg,خوراکی 
TEMOZOLOMIDE,براتوما,کپسول,100 mg,خوراکی 
KETOTIFEN (AS FUMARATE),کتوتیفن,شربت,1 mg/5mL 120 mL,خوراکی 
SOLIFENACIN SUCCINATE,وسیفن,قرص,5 mg,خوراکی 
DAPAGLIFLOZIN (AS PROPANEDIOL) / METFORMIN HYDROCHLORIDE,گلوکسیگا-ام,قرص,5 mg/850 mg,خوراکی 
PNEUMOCOCCAL VACCINE 10-VALENT,پنوموسیل,تزریقی,0.5 {dose},پرنترال 
PIMOZIDE,اورپ فورت,قرص,4 mg,خوراکی 
ENOXAPARIN SODIUM,انوپرا,تزریقی,100 mg/1mL 0.4 [iU],پرنترال 
FLUDARABINE PHOSPHATE,داربینا,محلول,25 mg/1mL 2 mg,تزریقی پرنترال
CLINDAMYCIN (AS PHOSPHATE),دالادیک,تزریقی,150 mg/1mL 4 mL,پرنترال 
MEROPENEM,آفاپنم,پودر,1 g g,برای تهیه محلول تزریقی پرنترال
ONDANSETRON (AS HYDROCHLORIDE),اندانسترون نیکسادا,محلول,4 mg/5mL 60 mL,خوراکی 
ASA (ACETYLSALICYLIC ACID),آ اس آ,قرص,80 mg,انتریک کوتد خوراکی
ADULT COLD PREPARATIONS (4-3),مگافن ادالت کلد,قرص,325 mg/5 mg/2 mg,خوراکی 
SILVER SULFADIAZINE,سیلورزان,کرم,1 % 50 g,موضعی 
MELOXICAM,ملوکسیکام,قرص,15 mg,خوراکی 
CIPROFLOXACIN (AS HYDROCHLORIDE),سیپروفلوکساسین,قرص,250 mg,خوراکی 
CLONAZEPAM,کلونازپام-سبحان,قرص,2 mg,خوراکی 
BECLOMETHASONE DIPROPIONATE,بکلیت آکواناز,اسپری,50 ug/1 {dose} 150 mg,از راه بینی
ACETYLCYSTEINE / ASCORBIC ACID,استیل سیستئین / اسکوربیک اسید,پودر,600 mg/75 mg g,خوراکی 
STREPTOMYCIN (AS SULFATE),آمبیسترین,پودر,1 g g,برای تهیه محلول تزریقی پرنترال
GABAPENTIN,بایوپنتین,کپسول,100 mg,خوراکی 
PANTOPRAZOLE (AS SODIUM),پنتوپرازول-اکسیر,پودر,40 mg mg,لئوفیلیزه برای تهیه محلول تزریقی پرنترال
DANAZOL,کیازول,کپسول,100 mg,خوراکی 
GABAPENTIN,گاباسد,کپسول,100 mg,خوراکی 
PALBOCICLIB,پالبوسیکلیب,کپسول,125 mg,خوراکی 
DEXTROMETHORPHAN HYDROBROMIDE,دکستوفان,"محلول،",4 mg/1mL 15 mL,قطره خوراکی
ACITRETIN,نئوتیگازون,کپسول,10 mg,خوراکی 
LAMOTRIGINE,لامیکسون,قرص,100 mg,خوراکی 
SITAGLIPTIN (AS PHOSPHATE) / METFORMIN HYDROCHLORIDE,متفومیکس,قرص,50 mg/500 mg,پیوسته رهش خوراکی
HYOSCINE-N-BUTYL BROMIDE,هیوپولامین,قرص,10 mg,خوراکی 
LEFLUNOMIDE,لراوا,قرص,10 mg,خوراکی 
DEXAMETHASONE (AS DISODIUM PHOSPHATE),دگزادیک,تزریقی,4 mg/1mL 2 mL,پرنترال 
BACLOFEN,باکلوفن,قرص,10 mg,خوراکی 
DOMPERIDONE,دمپریدون,قرص,10 mg,خوراکی 
LIDOCAINE,زایلکس,اسپری,10 mg/1{dose} 50 mL,موضعی 
RINGERS,رینگر,,1000 mL,محلول تزریقی داخل وریدی
METFORMIN HYDROCHLORIDE / LINAGLIPTIN,ترادیمت,قرص,500 mg/2.5 mg,خوراکی 
ATRACURIUM BESYLATE,آتراکوریوم,تزریقی,10 mg/1mL 5 mL,پرنترال 
POLYETHYLENE GLYCOL,پیدرولاکس,پودر,10 g,خوراکی 
FEXOFENADINE HYDROCHLORIDE,فستوور,قرص,30 mg,خوراکی 
"CALCITONIN, SALMON",تونی کل,اسپری,200 [iU]/1{Puff} 14 mL,از راه بینی
AZITHROMYCIN,آزیروسین,قرص,500 mg,خوراکی 
NITROFURANTOIN,آترو,سوسپانسیون,25 mg/5mL 240 mL,خوراکی 
MONTELUKAST (AS SODIUM),ایروکاست,قرص,5 mg,جویدنی خوراکی
ATOMOXETINE HYDROCHLORIDE,استراکسین,کپسول,40 mg,خوراکی 
LOSARTAN POTASSIUM,لوزاتن,قرص,25 mg,خوراکی 
BISMUTH SUBCITRATE EQU. TO BISMUTH OXIDE,بیسموت,,120 mg,قرص خوراکی
TADALAFIL,تیافیل,قرص,20 mg,خوراکی 
NIVOLUMAB,اوپدیوو,محلول,10 mg/1mL 10 mL,غلیظ تزریقی پرنترال
PETHIDINE HYDROCHLORIDE,پتیدین,تزریقی,50 mg/1mL 1 mL,پرنترال 
ATORVASTATIN (AS CALCIUM),لیپوفیکس,قرص,20 mg,خوراکی 
DIPHENHYDRAMINE / AMMONIUM CHLORIDE,دیفرامیکس,شربت,12.5 mg/125 mg/5mL 60 mL,خوراکی 
AMINO ACID 10% (1),آمینوون 10%,محلول,500 mL,تزریقی داخل وریدی
DIPHENOXYLATE,دیفنوکسیلات,قرص,2.5 mg,خوراکی 
ENOXAPARIN SODIUM,پی دکسان,تزریقی,100 mg/1mL 0.8 [iU],پرنترال 
DIPHENHYDRAMINE / AMMONIUM CHLORIDE,دیفنکسیر-سی,شربت,12.5 mg/125 mg/5mL 60 mL,خوراکی 
ATORVASTATIN (AS CALCIUM),لیپوکم,قرص,10 mg,خوراکی 
VALPROATE SODIUM,اپی وال,قرص,200 mg,انتریک کوتد خوراکی
NITROGLYCERIN,سوستاک,قرص,2.6 mg,پیوسته رهش خوراکی
ASA (ACETYLSALICYLIC ACID),آ اس آ(استیل سالیسیلیک اسید),قرص,81 mg,انتریک کوتد خوراکی
ENOXAPARIN SODIUM,انوکسان,تزریقی,100 mg/1mL 0.4 mL,پرنترال 
ETHAMBUTOL HYDROCHLORIDE,اتامبوتول,قرص,400 mg mg,خوراکی 
DAPAGLIFLOZIN (AS PROPANEDIOL),فاکسیبت,قرص,10 mg,خوراکی 
LACOSAMIDE,یونیماید,محلول,10 mg/1mL 120 mL,خوراکی 
DEXTROSE,دکستروز,محلول,5 % 500 L,تزریقی داخل وریدی
VIGABATRIN,سبریل,قرص,500 mg,خوراکی 
CYPROHEPTADINE HYDROCHLORIDE,پرافیل خوارزمی,محلول,2 mg/5mL 150 mL,خوراکی 
ALPRAZOLAM,زانیسد,قرص,1 mg,خوراکی 
METFORMIN HYDROCHLORIDE,متفورمین,قرص,500 mg,خوراکی 
LIDOCAINE,سرلیکس,اسپری,10 mg/1{dose} 50 mL,موضعی 
DEXAMETHASONE (AS DISODIUM PHOSPHATE),دکامزون,تزریقی,4 mg/1mL 2 mL,پرنترال 
OLOPATADINE (AS HYDROCHLORIDE),آلروپات,"محلول،",0.1 % 5 mL,قطره چشمی
SIMETHICONE (DIMETHICONE ACTIVATED),دایمتیکون-جالینوس,قرص,40 mg,جویدنی خوراکی
INSULIN GLARGINE / LIXISENATIDE,سولیکوآ,تزریقی,100 [iU]/33 ug/1mL 3 mL,پرنترال 
BUPRENORPHINE (AS HYDROCHLORIDE),بوپرنورفین سها,قرص,2 mg,زیرزبانی 
PHENOBARBITAL SODIUM,فنوباربیتال,تزریقی,200 mg/1mL mL,پرنترال 
CITALOPRAM,سیتاکسا,قرص,40 mg,خوراکی 
ROSUVASTATIN (AS CALCIUM),رزوواستاتین,قرص,20 mg,خوراکی 
FLUOXETINE (AS HYDROCHLORIDE),فلوکستین-جالینوس,کپسول,20 mg,خوراکی 
CYCLOPHOSPHAMIDE,اندوکسینا,محلول,200 mg/1mL 5,تزریقی پرنترال
DOXORUBICIN HYDROCHLORIDE,آدریاسدال,محلول,2 mg/1mL 25 mg,غلیظ تزریقی پرنترال
METOPROLOL SUCCINATE,مایوکارمت-وانس,قرص,23.75 mg,پیوسته رهش خوراکی
LENALIDOMIDE,مایلودک,کپسول,5 mg,خوراکی 
ONDANSETRON (AS HYDROCHLORIDE),دمیترون,محلول,4 mg/5mL 60 mL,خوراکی 
NYSTATIN,نیستات,قرص,500000 [iU],خوراکی 
IPRATROPIUM BROMIDE,ایپرانوز,اسپری,21 ug/1{Puff} 15 mL,با دوز اندازه گیری شده از راه بینی
PACLITAXEL,لیپکسول,تزریقی,6 mg/1mL 16.7 mg,پرنترال 
MITOMYCIN,میتونکو,پودر,2 mg mg,برای تهیه محلول تزریقی پرنترال
FEXOFENADINE HYDROCHLORIDE,فکسوتد,قرص,120 mg,خوراکی 
ONDANSETRON (AS HYDROCHLORIDE),اندانسترون سها,قرص,4 mg,خوراکی 
SERTRALINE (AS HYDROCHLORIDE),سرترابان,قرص,50 mg,خوراکی 
LACOSAMIDE,اکتوور لاکسا,قرص,200 mg,خوراکی 
BORTEZOMIB,ولبورت,پودر,3.5 mg mg,لئوفیلیزه برای تهیه محلول تزریقی پرنترال
FINERENONE,میکلون,قرص,20 mg,خوراکی 
EZETIMIBE / ROSUVASTATIN (AS CALCIUM),ازستاتین,قرص,10 mg/10 mg,خوراکی 
CEFALEXIN,آرتیسِف,کپسول,500 mg,خوراکی 
DEXAMETHASONE (AS DISODIUM PHOSPHATE),آکوازون,تزریقی,4 mg/1mL 2 mL,پرنترال 
AZITHROMYCIN,زیمکسیر,قرص,500 mg,خوراکی 
RINGERS,رینگر,,500 mL,محلول تزریقی داخل وریدی
ACETAMINOPHEN,استامینوفن-حکیم,"محلول،",100 mg/1mL 15 mL,قطره خوراکی
ISOFLURANE,ایزوفلوران,اینهالر,100 % 100 mL,استنشاقی 
DOXYCYCLINE (AS MONOHYDRATE),داکسی سایکلین,کپسول,100 mg,خوراکی 
ALUMINIUM HYDROXIDE / MAGNESIUM HYDROXIDE / SIMETHICONE,آلومینیوم/منیزیم/سایمتیکون,سوسپانسیون,225 mg/200 mg/25 mg/5mL 240 mL,خوراکی 
KETOTIFEN (AS FUMARATE),زادی کید,شربت,1 mg/5mL 120 mL,خوراکی 
ALUMINIUM HYDROXIDE / MAGNESIUM HYDROXIDE / SIMETHICONE,آدی ژل-اس,سوسپانسیون,225 mg/200 mg/25 mg/5mL 240 mL,خوراکی 
FEXOFENADINE HYDROCHLORIDE,فستوور,قرص,180 mg,خوراکی 
CEFTRIAXONE (AS SODIUM),سفتریاکسون-اکسیر,پودر,1 g g,برای تهیه محلول تزریقی پرنترال
WARFARIN SODIUM,وارفارین,قرص,5 mg,خوراکی 
SACUBITRIL / VALSARTAN,کاردورستو,قرص,49 mg/51 mg,خوراکی 
ACICLOVIR,ویراسی,قرص,200 mg,خوراکی 
FLUOCINOLONE ACETONIDE,فلوسینولون-عماد,پماد,0.025 % 15 g,موضعی 
DEXTROMETHORPHAN / PSEUDOEPHEDRINE,دکسترومتورفان پی-عماد,شربت,15 mg/30 mg/5mL 60 mL,خوراکی 
MOMETASONE FUROATE,مومتازون-بهوزان,لوسیون,0.1 % 30 mL,موضعی 
DOCETAXEL,السوتر,محلول,20 mg/1mL 4 mL,تزریقی داخل وریدی
AMANTADINE HYDROCHLORIDE,آمانتادین-حکیم,کپسول,100 mg,خوراکی 
KETOTIFEN (AS FUMARATE),کتوتیفن-عماد,شربت,1 mg/5mL 60 mL,خوراکی 
TINIDAZOLE,تینیدازول,قرص,500 mg,خوراکی 
CETIRIZINE HYDROCHLORIDE,ستیریزین,قرص,10 mg,خوراکی 
GABAPENTIN,اکتوپنتین,کپسول,100 mg,خوراکی 
TRIENTINE HYDROCHLORIDE,سایپر,کپسول,250 mg,خوراکی 
ENOXAPARIN SODIUM,انوکساپارین سدیم,تزریقی,100 mg/1mL 0.4 [iU],پرنترال 
ZOLPIDEM TARTRATE,زولپیدم,قرص,10 mg,خوراکی 
SERTRALINE (AS HYDROCHLORIDE),رلفت,قرص,100 mg,خوراکی 
VINCRISTINE SULFATE,ویکریستا,تزریقی,1 mg/1mL 1 mg,پرنترال 
FLUOXETINE (AS HYDROCHLORIDE),فلوزیرن,کپسول,20 mg,خوراکی 
LACOSAMIDE,اکتوور لاکسا,قرص,150 mg,خوراکی 
COLISTIMETHATE SODIUM,کلیستیمتات,پودر,4500000 [iU] [iU],برای تهیه محلول تزریقی پرنترال
PIMOZIDE,پوریکا,قرص,4 mg,خوراکی 
TENOFOVIR DISOPROXIL FUMARATE,تنوویر شاری,قرص,300 mg,خوراکی 
LIDOCAINE,سرلیکس,اسپری,10 mg/1{dose} 100 mL,موضعی 
EMPAGLIFLOZIN / LINAGLIPTIN / METFORMIN HYDROCHLORIDE,آوانومت,قرص,5 mg/2.5 mg/1000 mg,پیوسته رهش خوراکی
MOMETASONE FUROATE,مومتومکس,"اسپری،",0.05 % 20 mL,سوسپانسیون از راه بینی
SIMETHICONE (DIMETHICONE ACTIVATED),دی-گس,کپسول,180 mg,حاوی مایع خوراکی
ACETAMINOPHEN / CAFFEINE / IBUPROFEN,پینوا,کپسول,325 mg/40 mg/200 mg,خوراکی 
ALUMINIUM HYDROXIDE,آلومینیوم هیدروکساید,سوسپانسیون,320 mg/5mL 240 mL,خوراکی 
DICLOFENAC SODIUM,لوفدیک,شیاف,50 mg,مقعدی 
PHENOBARBITAL,فنوباربیتال,الگزیر,15 mg/5mL 60 mL,خوراکی 
DANAZOL,کیازول,کپسول,200 mg,خوراکی 
ALUMINIUM HYDROXIDE / MAGNESIUM HYDROXIDE / SIMETHICONE,آلومینیوم ام جی اس,قرص,200 mg/200 mg/25 mg,جویدنی خوراکی
MYCOPHENOLIC ACID,آپو-مایکوفنولیک اسید,قرص,360 mg,انتریک کوتد خوراکی
MIRTAZAPINE,رپیزاپین,قرص,7.5 mg,خوراکی 
HYDROXYZINE HYDROCHLORIDE,تدازین,قرص,25 mg,خوراکی 
CLOZAPINE,کلوزاپکس,قرص,25 mg,خوراکی 
SACUBITRIL / VALSARTAN,والکوبیت,قرص,97 mg/103 mg,خوراکی 
SACUBITRIL / VALSARTAN,آرترستان,قرص,49 mg/51 mg,خوراکی 
BETAMETHASONE (AS VALERATE),بتامتازون,کرم,0.1 % 15 g,موضعی 
AZITHROMYCIN,آزیترومایسین,کپسول,250 mg,خوراکی 
SEMAGLUTIDE,ولوریتا,محلول,4 mg/3 mL mg,تزریقی پرنترال
ENOXAPARIN SODIUM,کلگزاپارین,تزریقی,100 mg/1mL 0.6 mL,پرنترال 
OMEPRAZOLE,امپرازول,کپسول,) 20 mg,(پلت های انتریک کوتد خوراکی
METOLAZONE,متولازون گالفارم,قرص,5 mg,خوراکی 
PROMETHAZINE HYDROCHLORIDE,پرومتازین,تزریقی,25 mg/1mL 2 mL,پرنترال 
NAPROXEN,ناپروکسن,قرص,250 mg,خوراکی 
PHENYLEPHRINE HYDROCHLORIDE,دی بی افرین,اسپری,0.25 % 15 mL,از راه بینی
IMATINIB (AS MESYLATE),ایماکو,کپسول,100 mg,خوراکی 
MOMETASONE FUROATE,مگاکورت,کرم,0.1 % 15 g,موضعی 
ZOLPIDEM TARTRATE,امبینوکس,قرص,5 mg,خوراکی 
AMITRIPTYLINE HYDROCHLORIDE,آمی تریپتیلین,قرص,25 mg,خوراکی 
ADULT COLD PREPARATIONS (1-1),کلداکس آنفلونزا,قرص,500 mg/5 mg,خوراکی 
CLARITHROMYCIN,فرومیلید,قرص,500 mg,خوراکی 
METFORMIN HYDROCHLORIDE,متگلیندین,قرص,500 mg,خوراکی 
IBRUTINIB,اکتلوویکا,کپسول,140 mg,خوراکی 
HYDROXYZINE HYDROCHLORIDE,هیدروکسی زین-خوارزمی,شربت,10 mg/5mL 120 mL,خوراکی 
ADULT COLD PREPARATIONS (4-3),گریفن بزرگسالان,قرص,325 mg/5 mg/2 mg,خوراکی 
ANTIHEMORRHOID,آنتی هموروئید,شیاف,60 mg/5 mg/50 mg/400 mg,مقعدی 
SODIUM CHLORIDE,های لاین ان-اس,محلول,0.9 % 500 mL,تزریقی پرنترال
VALSARTAN,والزتور,قرص,160 mg,خوراکی 
FEXOFENADINE HYDROCHLORIDE,فکسوفنادین,سوسپانسیون,30 mg/5mL 120 mL,خوراکی 
TRIAMCINOLONE ACETONIDE,تریامسینولون,تزریقی,40 mg/1mL 1 mL,پرنترال 
DESLORATADINE,دس لوراتادین,قرص,5 mg,خوراکی 
OMEPRAZOLE,امپراکیم,کپسول,) 20 mg,(پلت های انتریک کوتد خوراکی
PLERIXAFOR,نئوفور,تزریقی,20 mg/1mL 1.2 mg,پرنترال 
DROSPIRENONE / ETHINYLESTRADIOL,روکین,قرص,3 mg/0.03 mg,خوراکی 
CHLORPROMAZINE HYDROCHLORIDE,سایکونورم,قرص,100 mg,خوراکی 
CEFEPIME (AS HYDROCHLORIDE),سپیماکس,پودر,1 g g,برای تهیه محلول تزریقی پرنترال
DEXTROSE,انرکسو ان اس,محلول,5 % 500 mL,تزریقی داخل وریدی
ESOMEPRAZOLE,راکسوم,قرص,20 mg,انتریک کوتد خوراکی
SILVER SULFADIAZINE,سیلورسولفادیازین,کرم,1 % 50 g,موضعی 
CLOBETASOL PROPIONATE,کلوبتازول-بهوزان,پماد,0.05 % 15 g,موضعی 
FULVESTRANT,فازلودکس,محلول,50 mg/1mL 5 mg,تزریقی پرنترال
CO-TRIMOXAZOLE,کوتریم,محلول,80 mg/16 mg/1mL 5 mL,تزریقی داخل وریدی
VITAMIN A,آ-ویتین,کپسول,25000 [iU],حاوی مایع خوراکی
NITROGLYCERIN,نیتروگلیسرین سها,قرص,6.4 mg,پیوسته رهش خوراکی
RISPERIDONE,ریسپادون,قرص,1 mg,خوراکی 
CEFIXIME,سفیکسان,پودر,100 mg/5 mL 100 mL,برای تهیه سوسپانسیون خوراکی
LEVOTHYROXINE SODIUM,یوتید,قرص,100 ug,خوراکی 
PRIMIDONE,پری لپس,سوسپانسیون,125 mg/5mL 120 mL,خوراکی 
ACICLOVIR,آسیکلوویر,قرص,200 mg,خوراکی 
METOCLOPRAMIDE (AS HYDROCHLORIDE),متوکلوپرامید,تزریقی,5 mg/1mL 2 mL,پرنترال 
IMMUNE GLOBULIN,ایمونوژین,تزریقی,50 mg/1mL 50 mL,داخل وریدی
ACICLOVIR,آسیکلوویر,قرص,400 mg,خوراکی 
MIRTAZAPINE,تازادپ,قرص,45 mg,خوراکی 
APIXABAN,ونتروم,قرص,2.5 mg,خوراکی 
FACTOR XIII,فیبروگامین,پودر,250 [iU] [iU],لئوفیلیزه برای تهیه محلول تزریقی پرنترال
LIDOCAINE / EPINEPHRINE,دیلوکائین,تزریقی,20 mg/12.5 ug/1mL 1.8 mL,پرنترال 
LANSOPRAZOLE,لانزوفارم,کپسول,30 mg,انتریک کوتد خوراکی
AMLODIPINE (AS BESILATE) / TELMISARTAN,آربیتویین,قرص,10 mg/40 mg,خوراکی 
DONEPEZIL HYDROCHLORIDE,دنپزیل,قرص,10 mg,خوراکی 
SITAGLIPTIN (AS PHOSPHATE) / METFORMIN HYDROCHLORIDE,سیگومت,قرص,50 mg/1000 mg,خوراکی 
LOSARTAN POTASSIUM,لوزار,قرص,25 mg,خوراکی 
CIPROFLOXACIN (AS HYDROCHLORIDE),سیپروکس,قرص,500 mg,خوراکی 
METRONIDAZOLE,متوژیل,ژل,0.75 % 70 g,واژینال 
IBUPROFEN / METHOCARBAMOL,ایبوپروفن/متوکاربامول,قرص,200 mg/500 mg,خوراکی 
PREGABALIN,پرگابالین,کپسول,150 mg,خوراکی 
BISACODYL,بیزاکودیل بهسا,,10 mg,شیاف مقعدی
METOPROLOL TARTRATE,متوپرولول تارترات,قرص,50 mg,خوراکی 
GUAIFENESIN,گایول,شربت,100 mg/5mL 60 mL,خوراکی 
RISPERIDONE,ریسپردال کنستا,پودر,37.5 mg mg,برای تهیه سوسپانسیون تزریقی پیوسته رهش پرنترال
PYRIDOSTIGMINE BROMIDE,مستینون,قرص,60 mg,خوراکی 
FLUMAZENIL,مازنیل,تزریقی,0.1 mg/1mL 5 mg,پرنترال 
EXEMESTANE,ناتران,قرص,25 mg,خوراکی 
LAMOTRIGINE,لاموتریژین,قرص,50 mg,خوراکی 
ASA (ACETYLSALICYLIC ACID),کاردیوسپرین,قرص,80 mg,انتریک کوتد خوراکی
FLUOXETINE (AS HYDROCHLORIDE),سدوکستین,کپسول,20 mg,خوراکی 
MEDROXYPROGESTERONE ACETATE,پروودیک,سوسپانسیون,150 mg/1mL 1 mL,تزریقی پرنترال
CLOMIPHENE CITRATE,کلوفان,قرص,50 mg,خوراکی 
TETRACOSACTIDE ACETATE,تتراکوزاکتاید ال آ,سوسپانسیون,1 mg/1mL mL,تزریقی پرنترال
DEFERASIROX,دفراسیروکس,قرص,360 mg,خوراکی 
EPLERENONE,اینسپرون,قرص,50 mg,خوراکی 
DOMPERIDONE,دومپریدون,قرص,10 mg,خوراکی 
EMPAGLIFLOZIN,جاریبت,قرص,10 mg,خوراکی 
OXALIPLATIN,اکسالان,پودر,100 mg mg,لئوفیلیزه برای تهیه محلول تزریقی پرنترال
NITROGLYCERIN,سوستاک,قرص,6.4 mg,پیوسته رهش خوراکی
BROMHEXINE HYDROCHLORIDE,کوکروس,محلول,4 mg/5mL 60 mL,خوراکی 
FLUMAZENIL,فلومازنیل-هاملن,تزریقی,0.1 mg/1mL 5 mg,پرنترال 
METHADONE HYDROCHLORIDE,متادون,قرص,40 mg,خوراکی 
CLOBETASOL PROPIONATE,کلوبتازول,کرم,0.05 % 15 g,موضعی 
TETRACYCLINE HYDROCHLORIDE,تتراسیکلین-حنان,پماد,3 % 15 g,موضعی 
GLICLAZIDE,گلیزان,قرص,60 mg,پیوسته رهش خوراکی
NERATINIB (AS MALEATE),نرلینکس,قرص,40 mg,خوراکی 
METHYLENE BLUE,متیبلو,تزریقی,10 mg/1mL 5 mL,پرنترال 
ONDANSETRON (AS HYDROCHLORIDE),اندانسترون,قرص,4 mg,خوراکی 
GABAPENTIN,گاباکیم,کپسول,300 mg,خوراکی 
ERLOTINIB (AS HYDROCHLORIDE),تارسبان,قرص,100 mg,خوراکی 
INDOMETHACIN,ایندومتاسین-ناژو,شیاف,50 mg g,مقعدی 
TACROLIMUS,ادواگرف,کپسول,1 mg,پیوسته رهش خوراکی
CARVEDILOL,کارودیلول,قرص,6.25 mg,خوراکی 
WATER,آب سترون برای تزریق,تزریقی,5 mL mL,پرنترال 
ASA (ACETYLSALICYLIC ACID),آسپیرین,قرص,325 mg,خوراکی 
AMOXICILLIN,ایراموکس بی دی,پودر,200 mg/5 mL 70 g,برای تهیه سوسپانسیون خوراکی
IBRUTINIB,لوکماید,کپسول,140 mg,خوراکی 
HALOPERIDOL,هالوپریدول-سبحان,قرص,0.5 mg,خوراکی 
AZITHROMYCIN,زیتوسیدال,قرص,250 mg,خوراکی 
CETIRIZINE HYDROCHLORIDE,فار-ستیریزین,قرص,10 mg,خوراکی 
MESALAZINE,کارناسا,کپسول,500 mg,پیوسته رهش خوراکی
TRASTUZUMAB DERUXTECAN,انهرتو,پودر,100 mg mg,برای تهیه محلول تزریقی پرنترال
POTASSIUM CITRATE,آلیترال,قرص,10 meq,پیوسته رهش خوراکی
TRIPTORELIN (AS ACETATE),میکرورلین,پودر,11.25 mg mg,لئوفیلیزه برای تهیه سوسپانسیون تزریقی پیوسته رهش پرنترال
BEMPEDOIC ACID,زیلیکات,قرص,180 mg,خوراکی 
IPRATROPIUM BROMIDE / SALBUTAMOL (AS SULFATE),دائولین,محلول,200 ug/1 mg/1mL 2.5 mL,استنشاقی 
PREGABALIN,لایریور,کپسول,50 mg,خوراکی 
METHOCARBAMOL,متوکاربامول,تزریقی,100 mg/1mL 10 mL,پرنترال 
FLUTICASONE PROPIONATE,فلوهیل,اینهالر,250 ug/1{dose} 120 {Puff},استنشاقی 
DIMETHYL FUMARATE,تکرا,کپسول,120 mg,انتریک کوتد خوراکی
BIPERIDEN HYDROCHLORIDE,بی پریدن,قرص,2 mg,خوراکی 
METOPROLOL TARTRATE,متوتار,قرص,50 mg,خوراکی 
TACROLIMUS,تاکریل,پماد,0.1 % 30 g,موضعی 
ACITRETIN,اسیترتین,کپسول,10 mg,خوراکی 
SUNITINIB (AS MALATE),سانیتیبان,کپسول,25 mg,خوراکی 
CEFTAZIDIME,سفتازید,پودر,1 g g,برای تهیه محلول تزریقی پرنترال
PROPRANOLOL HYDROCHLORIDE,اینپرال,قرص,10 mg,خوراکی 
SALBUTAMOL (AS SULFATE),رونکوتول,محلول,2.5 mg/2.5mL mL,استنشاقی 
DICLOFENAC SODIUM,دیکلوفناک سدیم,شیاف,100 mg,مقعدی 
TRIENTINE HYDROCHLORIDE,کاپریکس,کپسول,250 mg,خوراکی 
HYDRALAZINE HYDROCHLORIDE,وانا هیدرالازین,قرص,10 mg,خوراکی 
DAPAGLIFLOZIN (AS PROPANEDIOL),گلوکسیگا,قرص,5 mg,خوراکی 
ALBUMIN (HUMAN),آلبیومین,محلول,20 % 50 g,تزریقی پرنترال
NAPHAZOLINE HYDROCHLORIDE,دکوفزول,اسپری,0.05 % 15 mL,از راه بینی
PREDNISOLONE,پردنیزولون,قرص,5 mg,خوراکی 
SODIUM CHLORIDE,سدیم کلراید,محلول,0.9 % 500 mL,جهت شستشو
NITISINONE,نیتیزینون,کپسول,5 mg,خوراکی 
SERTACONAZOLE NITRATE,سرتافان,کرم,2 % 30 g,موضعی 
PANTOPRAZOLE (AS SODIUM SESQUIHYDRATE),پنتوپرازول,قرص,40 mg,انتریک کوتد خوراکی
FOLIC ACID,فولیک اسید- شفا,قرص,1 mg,خوراکی 
ACETAMINOPHEN / CODEINE PHOSPHATE,استامینوفن/کدئین-شفا,قرص,300 mg/20 mg,خوراکی 
RABEPRAZOLE SODIUM,رابپرازول,قرص,20 mg,انتریک کوتد خوراکی
EPLERENONE,پلرون,قرص,50 mg,خوراکی 
HYDROCORTISONE ACETATE,هیدروکورتیزون,پماد,1 % 15 g,موضعی 
NILOTINIB,کیمونیل,کپسول,200 mg,خوراکی 
SERTRALINE (AS HYDROCHLORIDE),سرترالین,قرص,50 mg,خوراکی 
CARVEDILOL,کاردیول,قرص,6.25 mg,خوراکی 
PENICILLIN 6-3-3,پنی سیلین,پودر,600000 [iU]/300000 [iU]/300000 [iU] [iU],برای تهیه فرآورده تزریقی پرنترال
PIPERACILLIN (AS SODIUM) / TAZOBACTAM (AS SODIUM),پیپراتاز,پودر,4 g/0.5 g g,برای تهیه محلول تزریقی پرنترال
RABEPRAZOLE SODIUM,رابزول,قرص,20 mg,انتریک کوتد خوراکی
BUDESONIDE,بودکورت,آئروسل,200 ug/1{dose} 200 mg,با دوز اندازه گیری شده استنشاقی
BISOPROLOL FUMARATE / HYDROCHLOROTHIAZIDE,زیکورد,قرص,5 mg/6.25 mg,خوراکی 
FUROSEMIDE,فوروزماید,تزریقی,10 mg/1mL 2 mL,داخل وریدی
ETOPOSIDE,اتوپوزاید اکتِ,,20 mg/1mL 5 mL,محلول تزریقی داخل وریدی
NITROGLYCERIN,نیتروگلیسرین,قرص,2.6 mg,پیوسته رهش خوراکی
DEFERASIROX,نوسورال,قرص,360 mg,خوراکی 
CEFTIZOXIME,سفتی زوکسیم,پودر,500 mg mg,برای تهیه محلول تزریقی پرنترال
ACETAMINOPHEN,بهستامول,محلول,120 mg/5mL 60 mL,خوراکی 
IBUPROFEN (AS LYSINE),ایبوپروفن لیزین,قرص,200 mg,خوراکی 
DESLORATADINE,لورتادس,شربت,2.5 mg/5 mL 120 mL,خوراکی 
PIROXICAM,پیروکسیکام,کپسول,10 mg,خوراکی 
SALBUTAMOL (AS SULFATE),سالبوتامول,شربت,2 mg/5mL 120 mL,خوراکی 
PORACTANT ALFA,کوروسرف,تزریقی,80 mg/1mL 3 mg,داخل تراشه ای
ARTIFICIAL TEARS,آرتیپیک,محلول,3.2 mg/1mL 0.5 mL,چشمی 
CARBAMAZEPINE,کاربامازپین-جالینوس,قرص,200 mg,خوراکی 
DEXTROAMPHETAMINE SULFATE,دگزامین,قرص,5 mg,خوراکی 
MELOXICAM,ملوکسیکام,قرص,7.5 mg,خوراکی 
FLUCONAZOLE,آوی فلوزول,قرص,100 mg,خوراکی 
APREPITANT,امسیس,کپسول,125 mg,خوراکی 
ACETAMINOPHEN,استاجکت,محلول,150 mg/1mL 6.7 mL,غلیظ تزریقی داخل وریدی
ALPRAZOLAM,آلپروکیم,قرص,1 mg,خوراکی 
OCTREOTIDE (AS ACETATE),ساندوستاتین لار,پودر,20 mg mg,برای تهیه سوسپانسیون تزریقی پیوسته رهش پرنترال
METHOCARBAMOL,ریلاکسین,تزریقی,100 mg/1mL 10 mL,پرنترال 
METRONIDAZOLE,مترونیدازول,قرص,250 mg,خوراکی 
MOMETASONE FUROATE,مومتازون بهسا,پماد,0.1 % 15 g,موضعی 
VITAMIN D3,ویتامین د 3,تزریقی,300000 [iU]/1mL mL,پرنترال 
DEXMEDETOMIDINE (AS HYDROCHLORIDE),مدونکس,محلول,100 ug/1mL 2 mL,غلیظ تزریقی پرنترال
LISDEXAMFETAMINE MESILATE,ویاس,کپسول,10 mg,خوراکی 
SITAGLIPTIN (AS PHOSPHATE) / METFORMIN HYDROCHLORIDE,سیتافورمین,قرص,50 mg/1000 mg,خوراکی 
DEXAMETHASONE,دکامزون,قرص,4 mg,خوراکی 
MESALAZINE,آساکول,قرص,400 mg,انتریک کوتد خوراکی
MOMETASONE FUROATE,مومنیکس,"اسپری،",0.05 % 15 {dose},سوسپانسیون از راه بینی
PIOGLITAZONE,پیوسد,قرص,15 mg,خوراکی 
NILOTINIB,نیلوتا,کپسول,200 mg,خوراکی 
FAMOTIDINE,فاموتیدین,قرص,20 mg,خوراکی 
ALUMINIUM HYDROXIDE / MAGNESIUM HYDROXIDE / SIMETHICONE,گسترال,سوسپانسیون,225 mg/200 mg/25 mg/5mL 240 mL,خوراکی 
IRINOTECAN HYDROCHLORIDE,ایرینوتکان آکویدا,محلول,20 mg/1mL 5 mg,غلیظ تزریقی پرنترال
EMPAGLIFLOZIN,امپاگلیفلوزین,قرص,25 mg,خوراکی 
DEXPANTHENOL,دکسپانتنول,کرم,5 % 30 g,موضعی 
DOCETAXEL,تئوتاکسول,محلول,20 mg/1mL 4 mg,تزریقی داخل وریدی
MELPHALAN (AS HYDROCHLORIDE),آلکران,پودر,50 mg mg,برای تهیه محلول تزریقی پرنترال
FLUOXETINE (AS HYDROCHLORIDE),فلوکستین,شربت,4 mg/1mL 60 mL,خوراکی 
SERTRALINE (AS HYDROCHLORIDE),سرترالین,قرص,50 mg,خوراکی 
GEMCITABINE (AS HYDROCHLORIDE),انکوزار,پودر,200 mg mg,لئوفیلیزه برای تهیه محلول تزریقی پرنترال
LAMIVUDINE,بایوودین,قرص,150 mg,خوراکی 
TELMISARTAN / HYDROCHLOROTHIAZIDE,تلمیک- اچ,قرص,40 mg/12.5 mg,خوراکی 
DESONIDE,ژانوناید,پماد,0.05 % 15 g,موضعی 
AMLODIPINE (AS BESILATE) / VALSARTAN,والفورت,قرص,5 mg/80 mg,خوراکی 
ENOXAPARIN SODIUM,انوکسان,تزریقی,100 mg/1mL 0.6 mL,پرنترال 
RANOLAZINE,رانوکارمت,قرص,500 mg,پیوسته رهش خوراکی
MYCOPHENOLIC ACID,مایفورتیک,قرص,360 mg,انتریک کوتد خوراکی
DEXTROSE / SODIUM CHLORIDE,دکستروز/سدیم کلراید,محلول,3.33 %/0.3 % 1000 mL,تزریقی داخل وریدی
FOLLITROPIN ALFA,گونال-اف,تزریقی,600 [iU]/1mL 1.5 [iU],پرنترال 
LEVOFLOXACIN,تاوالوسین,قرص,500 mg,خوراکی 
LIDOCAINE / EPINEPHRINE,پرزوکائین-ایی,تزریقی,20 mg/12.5 ug/1mL 1.8 mL,پرنترال 
RIZATRIPTAN (AS BENZOATE),ریزاتریپتان,قرص,10 mg,بازشونده در دهان خوراکی
SACUBITRIL / VALSARTAN,آرترستان,قرص,97 mg/103 mg,خوراکی 
FLUOCINOLONE ACETONIDE,فلوئوسینولون,پماد,0.025 % 15 g,موضعی 
DAPSONE,داپسون,قرص,100 mg,خوراکی 
ESOMEPRAZOLE (AS MAGNESIUM),کیموبلاک,گرانول,10 mg g,انتریک کوتد خوراکی
PIRFENIDONE,پیرفنزی,کپسول,267 mg,خوراکی 
MEBEVERINE HYDROCHLORIDE,کولوفین,قرص,135 mg,خوراکی 
VITAMIN C,ویتامین ث,تزریقی,100 mg/1mL 5 mL,پرنترال 
INDOMETHACIN,ایندومتاسین-عماد,شیاف,100 mg,مقعدی 
PROPRANOLOL HYDROCHLORIDE,پروپرانولول,قرص,10 mg,خوراکی 
VALPROATE SEMISODIUM,دی والپروئکس,قرص,500 mg,انتریک کوتد خوراکی
VENLAFAXINE,دپریلکس,کپسول,75 mg,پیوسته رهش خوراکی
FLUCONAZOLE,فلوکونازول,کپسول,150 mg,خوراکی 
FOSFOMYCIN (AS TROMETAMOL),فوزوریل,گرانول,3 g g,برای تهیه محلول خوراکی
BISOPROLOL FUMARATE,کانکرولول,قرص,5 mg,خوراکی 
TETRABENAZINE,تترابنازین,قرص,25 mg,خوراکی 
ENALAPRIL MALEATE,انالاپریل-عبیدی,قرص,5 mg,خوراکی 
KETOROLAC TROMETAMOL,کتورولاک,محلول,30 mg/1mL 1 mL,تزریقی پرنترال
RIVAROXABAN,زاریوان,قرص,10 mg,خوراکی 
TOLTERODINE TARTRATE,تولترودین-حکیم,قرص,2 mg,خوراکی 
NALIDIXIC ACID,نالیدیکسیک اسید,قرص,500 mg,خوراکی 
FLUOROURACIL,فایورنا,تزریقی,50 mg/1mL 5 mg,پرنترال 
FLUPHENAZINE,فلوفنیلت,قرص,2.5 mg,خوراکی 
VALPROATE SODIUM,رهاکین,قرص,200 mg,انتریک کوتد خوراکی
METHOTREXATE,ترکسوما,محلول,25 mg/1mL 0.4 mg,تزریقی پرنترال
CLOTRIMAZOLE,کلوتریمازول,کرم,1 % 50 g,واژینال 
QUETIAPINE (AS FUMARATE),کوئتیاپین,قرص,100 mg,خوراکی 
BISOPROLOL FUMARATE,زبرال,قرص,2.5 mg,خوراکی 
APREPITANT,اپرند,کپسول,125 mg,خوراکی 
GUAIFENESIN,گایافکس,شربت,100 mg/5mL 60 mL,خوراکی 
OLOPATADINE HYDROCHLORIDE,پاتانیکس,اسپری,0.6 % 15 mL,از راه بینی
MICONAZOLE NITRATE,میکونازان,کرم,2 % 30 g,موضعی 
BUDESONIDE / FORMOTEROL FUMARATE,استریلا,کپسول,320 ug/9 ug,استنشاقی 
VINORELBINE (AS TARTRATE),وینوبین,محلول,10 mg/1mL 5 mg,غلیظ تزریقی پرنترال
THEOPHYLLINE / GUAIFENESIN,تئوفیلین-جی,,50 mg/30 mg/5mL 120 mL,محلول خوراکی
TADALAFIL,پروسیال,قرص,5 mg,خوراکی 
BIOTIN,برینت,محلول,5 mg/1mL 1 mg,تزریقی عضلانی
EMPAGLIFLOZIN / METFORMIN HYDROCHLORIDE,امپاور پلاس,قرص,12.5 mg/500 mg,خوراکی 
ESOMEPRAZOLE (AS MAGNESIUM) / NAPROXEN,ناپرکو,قرص,20 mg/500 mg,انتریک کوتد خوراکی
DEXTROSE / SODIUM CHLORIDE,دکستروز/سدیم کلراید,محلول,5 %/0.9 % 500 mL,تزریقی داخل وریدی
CLARITHROMYCIN,کلاریترومایسین,قرص,250 mg,خوراکی 
AMOXICILLIN,ایراموکس,پودر,250 mg/5mL 100 mL,برای تهیه سوسپانسیون خوراکی
GLATIRAMER ACETATE,کاسپیرامر,محلول,40 mg/1mL mL,تزریقی پرنترال
HEMATINIC,هماتینیک,کپسول,15 ug/350 mg/150 mg/1 mg,خوراکی 
MOMETASONE FUROATE,رستانکس,"اسپری،",0.05 % 20 mL,سوسپانسیون از راه بینی
GEMCITABINE HYDROCHLORIDE,انکوزار,محلول,100 mg/1mL 2 mg,غلیظ تزریقی پرنترال
FEXOFENADINE HYDROCHLORIDE,سدآف,قرص,120 mg,خوراکی 
BORTEZOMIB,برونوز,پودر,3.5 mg mg,لئوفیلیزه برای تهیه محلول تزریقی پرنترال
LACTULOSE,دوفالوز,شربت,10 g/15mL 240 mL,خوراکی 
RIVASTIGMINE (AS HYDROGEN TARTRATE),اگزکیم,کپسول,1.5 mg,خوراکی 
ISOXSUPRINE HYDROCHLORIDE,ایزوپرین,قرص,10 mg,خوراکی 
DEXAMETHASONE (AS DISODIUM PHOSPHATE),دگزادیک,تزریقی,4 mg/1mL 2 mL,پرنترال 
CELECOXIB,سلکوکسیب,کپسول,200 mg,خوراکی 
PROPRANOLOL HYDROCHLORIDE,پروپرانولول,قرص,20 mg,خوراکی 
NANDROLONE DECANOATE,دکابولکس,تزریقی,25 mg/1mL mL,پرنترال 
"CALCITONIN, SALMON",کلسیپیک,اسپری,200 [iU]/1{Puff} 14 [iU],از راه بینی
PHENAZOPYRIDINE HYDROCHLORIDE,فنازوپیریدین,قرص,100 mg,خوراکی 
KETAMINE (AS HYDROCHLORIDE),کتامین استروپ,تزریقی,50 mg/1mL 10 mg,پرنترال 
POVIDONE IODINE,پوویدون آیداین-دارو درمان,,10 % 250 mL,محلول موضعی
DIPHENHYDRAMINE HYDROCHLORIDE,دیفرام,محلول,12.5 mg/5mL 60 mL,خوراکی 
PREGABALIN,پرگابالین,کپسول,150 mg,خوراکی 
ACETAMINOPHEN / CODEINE PHOSPHATE,استامینوفن/کدئین,قرص,300 mg/20 mg,خوراکی 
METHYLPREDNISOLONE ACETATE,دپوکورتین,سوسپانسیون,40 mg/1mL 1 mL,تزریقی پرنترال
TICAGRELOR,ونوتیکا,قرص,90 mg,خوراکی 
DROSPIRENONE / ETHINYLESTRADIOL,روجا,قرص,3 mg/0.02 mg,خوراکی 
CLONIDINE HYDROCHLORIDE,کلونیدین,قرص,0.2 mg,خوراکی 
LEVODOPA / BENSERAZIDE,ماینوپار,قرص,200 mg/50 mg,خوراکی 
BISOPROLOL FUMARATE,کانکرولول,قرص,2.5 mg,خوراکی 
AMINO ACID 10% (2),آمینوپلاسمال بی.براون 10 %,محلول,500 mL,تزریقی داخل وریدی
CILOSTAZOL,سیلوستازول,قرص,100 mg,خوراکی 
DEXAMETHASONE (AS DISODIUM PHOSPHATE),دگزامتازون,تزریقی,4 mg/1mL 2 mL,پرنترال 
ESMOLOL HYDROCHLORIDE,اسموریتم,تزریقی,10 mg/1mL 10 mL,پرنترال 
SOLIFENACIN SUCCINATE,تاسیکر,قرص,5 mg,خوراکی 
BRIVARACETAM,بریواستا,قرص,100 mg,خوراکی 
ETOPOSIDE,اتو اسپال,کپسول,50 mg,خوراکی 
GUAIFENESIN / CHLORPHENIRAMINE / PHENYLEPHRINE,پکتورامین,شربت,100 mg/2 mg/5 mg/5mL 60 mL,خوراکی 
POSACONAZOLE,پوساکونازول - آرنگ,محلول,300 mg/16.7mL mg,غلیظ تزریقی پرنترال
VITAMIN B1 (THIAMINE),تیام ویت,قرص,300 mg,خوراکی 
PACLITAXEL,پکلی تاکسل اکویدا,تزریقی,6 mg/1mL 25 mg,پرنترال 
CHLORAMBUCIL,لوکران,قرص,2 mg,خوراکی 
ACETAMINOPHEN,پاراکید,"سوسپانسیون،",100 mg/1mL 15 mL,قطره خوراکی
LOSARTAN POTASSIUM,لوزارتان,قرص,25 mg,خوراکی 
DEXLANSOPRAZOLE,نونادکس,کپسول,60 mg,انتریک کوتد خوراکی
TORSEMIDE,تورزماید,قرص,20 mg,خوراکی 
INTERFERON BETA-1B,بتافرون,پودر,9600000 [iU] [iU],برای تهیه محلول تزریقی پرنترال
CABERGOLINE,دوپاگولین,قرص,1 mg,خوراکی 
EMPAGLIFLOZIN / LINAGLIPTIN,امپاگلیفلوزین/ لیناگلیپتین,قرص,25 mg/5 mg,خوراکی 
ACETAMINOPHEN,استامینوفن,قرص,325 mg,خوراکی 
URSODEOXYCHOLIC ACID,اورسوفار,کپسول,300 mg,خوراکی 
LEVOFLOXACIN HEMIHYDRATE,لووفلوکساسین,"محلول،",0.5 % 0.5 mL,قطره چشمی
TRIAMCINOLONE ACETONIDE,تریلوتاپ,,0.1 % 15 g,پماد موضعی
CLONAZEPAM,کلونازپام آریا,قرص,1 mg,خوراکی 
PILOCARPINE HYDROCHLORIDE,بایوکارپین,"محلول،",2 % 10 mL,قطره چشمی
CEFAZOLIN,سفزولیکس,پودر,500 mg mg,برای تهیه محلول تزریقی پرنترال
HEMODIALYSIS CONCENTRATED II ACIDIC,همودیالیز اسیدی II,محلول,4920 mL,غلیظ همودیالیز
DOBUTAMINE (AS HYDROCHLORIDE),دو بوتامین - آرنگ,پودر,250 mg mg,لئوفیلیزه برای تهیه محلول تزریقی داخل وریدی
FLUVOXAMINE MALEATE,فلووکسامین مالئات,قرص,50 mg,خوراکی 
AZITHROMYCIN,زیتروبان,کپسول,250 mg,خوراکی 
METFORMIN HYDROCHLORIDE,متفورمین,قرص,500 mg,خوراکی 
LENALIDOMIDE,مایلودک,کپسول,25 mg,خوراکی 
SITAGLIPTIN (AS PHOSPHATE) / METFORMIN HYDROCHLORIDE,رهامت-اس,قرص,50 mg/500 mg,خوراکی 
ACETAMINOPHEN,ثاموستامول,محلول,10 mg/1mL 100 mL,تزریقی داخل وریدی
PHENYLEPHRINE HYDROCHLORIDE,دکوفن,اسپری,0.5 % 15 mL,از راه بینی
SIMETHICONE (DIMETHICONE ACTIVATED),سایمتیکون (دایمتیکون فعال شده),کپسول,180 mg,حاوی مایع خوراکی
SALMETEROL (AS XINAFOATE) / FLUTICASONE PROPIONATE,فلوتیکورت پلاس,آئروسل,25 ug/125 ug/1{dose} 120 {Puff},با دوز اندازه گیری شده استنشاقی
PIOGLITAZONE,گلوتازون,قرص,30 mg,خوراکی 
PERMETHRIN,کامترین,کرم,5 % 60 g,موضعی 
INDOMETHACIN,ایندومتاسین-ناژو,شیاف,100 mg g,مقعدی 
BETAMETHASONE (AS VALERATE),آفی بتازون,لوسیون,0.1 % 20 mL,موضعی 
ARIPIPRAZOLE,آریپیفای,قرص,15 mg,خوراکی 
ACETAMINOPHEN / CAFFEINE / CHLORPHENIRAMINE / VITAMIN C,پاناگریپ -سی,کپسول,200 mg/25 mg/2.5 mg/150 mg,خوراکی 
AZITHROMYCIN,آزیترومایسین,کپسول,250 mg,خوراکی 
POVIDONE IODINE,فارمادین,محلول,10 % 250 mL,موضعی 
CITALOPRAM,سیتالوپرام,قرص,20 mg,خوراکی 
MAGNESIUM HYDROXIDE,منیزیم هیدروکسید نیکسادا,سوسپانسیون,8 % 240 mL,خوراکی 
LEVODOPA / CARBIDOPA / ENTACAPONE,استاپارکین,قرص,200 mg/50 mg/200 mg,خوراکی 
ONDANSETRON (AS HYDROCHLORIDE),دمیترون,قرص,4 mg,خوراکی 
SILDENAFIL (AS CITRATE),اس دی اف,قرص,100 mg,خوراکی 
LEVETIRACETAM,لوتیراستام-حکیم,قرص,500 mg,خوراکی 
ACARBOSE,آکاربکس,قرص,50 mg,خوراکی 
DICLOFENAC DIETHYLAMMONIUM,دیکلوفناک,ژل,1 % 60 g,موضعی 
IVERMECTIN,ایورمکتین,کرم,1 % 15 g,موضعی 
MINOXIDIL,آناکسیدیل,محلول,50 mg/1mL 60 mL,موضعی 
OMEPRAZOLE,امپرازول-شفا,کپسول,) 20 mg,(پلت های انتریک کوتد خوراکی
FLUOXETINE (AS HYDROCHLORIDE),فلوکستین,کپسول,20 mg,خوراکی 
CARBAMAZEPINE,تگرتول سی آر,قرص,200 mg,پیوسته رهش خوراکی
CIPROFLOXACIN (AS LACTATE),فلوکسیپرا,محلول,10 mg/1mL 20 mL,تزریقی داخل وریدی
ORLISTAT,زنوور,کپسول,120 mg,خوراکی 
CHLORPHENIRAMINE MALEATE,کلرفنیرامین,تزریقی,10 mg/1mL mg,پرنترال 
ADULT COLD PREPARATIONS (4-3),آدیزان,قرص,325 mg/5 mg/2 mg,خوراکی 
FLUOXETINE (AS HYDROCHLORIDE),فلوکستین,کپسول,10 mg,خوراکی 
DONEPEZIL HYDROCHLORIDE,دنپزیل,قرص,5 mg,خوراکی 
RINGERS,رینگر,محلول,500 mL,تزریقی داخل وریدی
TERBINAFINE HYDROCHLORIDE,بینافین,کرم,1 % 30 g,موضعی 
BROMHEXINE HYDROCHLORIDE,برم هگزین,قرص,8 mg,خوراکی 
METFORMIN HYDROCHLORIDE,کمفورمین,قرص,1000 mg,خوراکی 
PAZOPANIB (AS HYDROCHLORIDE),پازوتری,قرص,400 mg,خوراکی 
AMOXICILLIN,آموکسی سیلین,کپسول,500 mg,خوراکی 
GABAPENTIN,سیرنتین,کپسول,300 mg,خوراکی 
LENALIDOMIDE,انلیدو,کپسول,10 mg,خوراکی 
ACICLOVIR,آوی سیکلوویر,قرص,400 mg,خوراکی 
DAPAGLIFLOZIN (AS PROPANEDIOL),دیافوزین,قرص,5 mg,خوراکی 
CEFTRIAXONE (AS SODIUM),سزون,پودر,1 g g,برای تهیه محلول تزریقی پرنترال
LOSARTAN POTASSIUM,لوزن,قرص,25 mg,خوراکی 
VARICELLA VIRUS VACCINE,وریوکس,پودر,1350 [PFU]/0.5mL mL,برای تهیه سوسپانسیون تزریقی پرنترال
LEVOFLOXACIN HEMIHYDRATE,لوویژن-پی بی ای,"محلول،",0.5 % 5 mL,قطره چشمی
BOTULINUM A TOXIN,دیستون,پودر,300 [iU] [iU],لئوفیلیزه برای تهیه محلول تزریقی پرنترال
DEXTROMETHORPHAN HYDROBROMIDE,دکسترورامین,شربت,15 mg/5mL 60 mL,خوراکی 
VITAMIN B12,ویبالمین,تزریقی,100 ug/1mL mL,پرنترال 
DYDROGESTERONE,دوفاستون,قرص,10 mg,خوراکی 
RIVAROXABAN,آکسابین,قرص,20 mg,خوراکی 
LIDOCAINE / PRILOCAINE,زایلومیکس,کرم,2.5 %/2.5 % 30 g,موضعی 
INSULIN REGULAR,لانسولین آر,تزریقی,100 [iU]/1mL 10 [iU],پرنترال 
ENOXAPARIN SODIUM,انوکساپارین,تزریقی,100 mg/1mL 0.4 mL,پرنترال 
ASA (ACETYLSALICYLIC ACID),بهستان آسپیبه,قرص,80 mg,انتریک کوتد خوراکی
GABAPENTIN,گاباپنتین,کپسول,300 mg,خوراکی 
DEXAMETHASONE (AS DISODIUM PHOSPHATE),دکسون,تزریقی,4 mg/1mL 2 mL,پرنترال 
DEXTROSE,دکستروز,محلول,50 % 50 mL,غلیظ تزریقی داخل وریدی
DULOXETINE,لوکسور,کپسول,30 mg,انتریک کوتد خوراکی
VALACYCLOVIR,ویرابکس,قرص,1000 mg,خوراکی 
FLUOXETINE (AS HYDROCHLORIDE),فلوکستین-عبیدی,کپسول,20 mg,خوراکی 
BIOTIN,رایوتین,محلول,5 mg/1mL 1 mL,تزریقی عضلانی
CISPLATIN,سیسپلات,محلول,1 mg/1mL 50 mL,غلیظ تزریقی داخل وریدی
DAPAGLIFLOZIN (AS PROPANEDIOL),گلوداپ,قرص,5 mg,خوراکی 
SODIUM CHLORIDE,سدیم کلراید,محلول,0.9 % 500 mL,جهت شستشو
LACOSAMIDE,یونیماید,قرص,100 mg,خوراکی 
LEVETIRACETAM,آرو-ستام,محلول,100 mg/1mL 5 mg,غلیظ تزریقی پرنترال
LORATADINE,لورین,شربت,5 mg/5 mL 60 mL,خوراکی 
PEGFILGRASTIM,پگاژن,محلول,10 mg/1mL 0.6 mg,تزریقی پرنترال
ACETAMINOPHEN,استامینوفن-ناژو,شیاف,125 mg g,مقعدی 
HYDROXYZINE HYDROCHLORIDE,هیدروکسی زین,شربت,10 mg/5mL 120 mL,خوراکی 
FLUOXETINE (AS HYDROCHLORIDE),فلوکستین-شفا,کپسول,20 mg,خوراکی 
FLUOXETINE (AS HYDROCHLORIDE),فلوکستین,کپسول,20 mg,خوراکی 
CHLORPHENIRAMINE MALEATE,کلرفنیرامین,قرص,4 mg,خوراکی 
HYDROCORTISONE,هیدروکورتیزون,قرص,10 mg,خوراکی 
TERBINAFINE,تربینافین,اسپری,1 % 50 mL,موضعی 
DAPAGLIFLOZIN (AS PROPANEDIOL) / METFORMIN HYDROCHLORIDE,زیگفورویت-ام,قرص,5 mg/1000 mg,خوراکی 
BETAMETHASONE (AS VALERATE),بتامتازون-ناژو,پماد,0.1 % 15 g,موضعی 
UPADACITINIB,دامونزیا,قرص,15 mg,پیوسته رهش خوراکی
MISOPROSTOL,سایتوتک,قرص,200 ug,خوراکی 
SACUBITRIL / VALSARTAN,آرترستان,قرص,24 mg/26 mg,خوراکی 
BETAMETHASONE (AS DISODIUM PHOSPHATE),امزیتا,"محلول،",0.1 % 5 mL,قطره چشمی
CLINDAMYCIN (AS PHOSPHATE) / CLOTRIMAZOLE,کلیندامایسین/کلوتریمازول,کرم,2 %/2 % 40 g,واژینال 
ACICLOVIR,ویرولیز,پماد,3 % 3 g,چشمی 
SILDENAFIL (AS CITRATE),سیلدنافیل,قرص,50 mg,بازشونده در دهان خوراکی
RIZATRIPTAN (AS BENZOATE),بایومیگریل,قرص,5 mg,خوراکی 
CO-TRIMOXAZOLE,کو-تریموکسازول,قرص,400 mg/80 mg,خوراکی 
AMLODIPINE (AS BESILATE) / VALSARTAN,بهفورج,قرص,5 mg/80 mg,خوراکی 
INSULIN DETEMIR,لومیر,محلول,100 [iU]/1mL 3 [iU],تزریقی پرنترال
GLATIRAMER ACETATE,سینومر,محلول,40 mg/1mL mL,تزریقی پرنترال
PALBOCICLIB,پالبوسیکلیب,کپسول,75 mg,خوراکی 
PENICILLIN G BENZATHIN,پن ال ای,پودر,1200000 [iU] [iU],برای تهیه فرآورده تزریقی پرنترال
LORATADINE,لوراتادین نیکسادا,شربت,5 mg/5 mL 60 mL,خوراکی 
CYCLOPHOSPHAMIDE,ومسیکلو,پودر,500 mg mg,برای تهیه محلول تزریقی پرنترال
SODIUM POLYSTYRENE SULFONATE,آیونکس,پودر,454 g g,برای تهیه سوسپانسیون خوراکی
TRAMADOL HYDROCHLORIDE,ترامادول,قرص,100 mg,خوراکی 
REPAGLINIDE,پراگلیناید,قرص,0.5 mg,خوراکی 
LIRAGLUTIDE,ماسیزا,محلول,6 mg/1mL 3 mL,تزریقی پرنترال
TRACE METAL COMBINATION (2-2),تراکوتیل,تزریقی,0.6958 mg/0.6815 mg/0.1979 mg/0.2046 mg/0.0053 mg/0.00789 mg/0.00242 mg/0.0166 mg/0.126 mg/1mL 10 mL,پرنترال 
LENALIDOMIDE,لنوما,کپسول,5 mg,خوراکی 
FINASTERIDE,فینوسکار,قرص,1 mg,خوراکی 
QUETIAPINE (AS FUMARATE),کواِتیانیل,قرص,100 mg,خوراکی 
BENDAMUSTINE HYDROCHLORIDE,ریباموستین,پودر,100 mg mg,برای تهیه محلول تزریقی پرنترال
SALMETEROL (AS XINAFOATE),سالمکس,آئروسل,25 ug/1{dose} 200 {Puff},با دوز اندازه گیری شده استنشاقی
DICYCLOMINE HYDROCHLORIDE,دی سیکلومین,الگزیر,10 mg/5mL 60 mL,خوراکی 
PRIMIDONE,پری لپس,قرص,250 mg,خوراکی 
THEOPHYLLINE / GUAIFENESIN,تئوفیلین-جی,محلول,50 mg/30 mg/5mL 120 mL,خوراکی 
EPINEPHRINE,اپی نالین,تزریقی,1 mg/1mL 1 mL,پرنترال 
PHENOBARBITAL,فنوباربیتال,قرص,15 mg,خوراکی 
ANTHOCYANOSIDE A,آنتوسیانوزید آ,قرص,100 mg/5 mg,خوراکی 
LEVONORGESTREL,لونژیل,قرص,1.5 mg,خوراکی 
CARBAMAZEPINE,تگاتارد,قرص,200 mg,پیوسته رهش خوراکی
ACETAMINOPHEN / CAFFEINE / IBUPROFEN,ام دی فن,کپسول,325 mg/40 mg/200 mg,خوراکی 
ATORVASTATIN (AS CALCIUM),تیداتور,قرص,10 mg,خوراکی 
RANOLAZINE,راکساژین,قرص,500 mg,پیوسته رهش خوراکی
PROCAINAMIDE HYDROCHLORIDE,بیوکوریل,تزریقی,100 mg/1mL 10 mg,پرنترال 
METHOCARBAMOL,ریلاکسی مول,تزریقی,100 mg/1mL 10 mL,پرنترال 
DIMETHYL FUMARATE,سینوتک,کپسول,240 mg,انتریک کوتد خوراکی
ACETAMINOPHEN / TRAMADOL HYDROCHLORIDE,آلاپین پلاس,قرص,325 mg/37.5 mg,خوراکی 
OMEPRAZOLE / SODIUM BICARBONATE,امپراپلاس,پودر,20 mg/1680 mg g,برای تهیه سوسپانسیون خوراکی
CO-AMOXICLAV,کلاویسیلین,پودر,125 mg/31.25 mg/5mL 100 mL,برای تهیه سوسپانسیون خوراکی
BURN OINTMENT,سوختگی-بهوزان,پماد,30 %/50 % 30 g,موضعی 
ONDANSETRON (AS HYDROCHLORIDE),انستین,قرص,4 mg,خوراکی 
CETRORELIX,ستروناکس,پودر,250 ug ug,برای تهیه محلول تزریقی پرنترال
RIVAROXABAN,زابیتا,قرص,10 mg,خوراکی 
HYDROXYZINE HYDROCHLORIDE,هیستازد,شربت,10 mg/5mL 120 mL,خوراکی 
SALMETEROL (AS XINAFOATE) / FLUTICASONE PROPIONATE,سروفلو,آئروسل,25 ug/50 ug/1{dose} 120 {dose},با دوز اندازه گیری شده استنشاقی
EPIRUBICIN HYDROCHLORIDE,اپی روبین,محلول,2 mg/1mL 5 mL,غلیظ تزریقی پرنترال
VITAMIN A / VITAMIN D,ویتامین آ+د بهسا,پماد,850 [iU]/85 [iU]/1g 30 g,موضعی 
IRBESARTAN,ایربسال,قرص,150 mg,خوراکی 
MOMETASONE FUROATE,مومتازون-ناژو,کرم,0.1 % 30 g,موضعی 
CIMETIDINE,سایمتیدین,تزریقی,100 mg/1mL 2 mL,پرنترال 
RIVASTIGMINE (AS HYDROGEN TARTRATE),ریواستیگمین,کپسول,1.5 mg,خوراکی 
BISOPROLOL FUMARATE,بیزوپکس,قرص,2.5 mg,خوراکی 
BIOTIN,بیوتین,قرص,5 mg,خوراکی 
OSIMERTINIB (AS MESYLATE),مرتیسو,قرص,80 mg,خوراکی 
HYDROXYUREA,هیدروکسی اوره مداک,کپسول,500 mg,خوراکی 
RANOLAZINE,رانزولا,قرص,500 mg,پیوسته رهش خوراکی
HALOPERIDOL (AS LACTATE),هالودیک,تزریقی,5 mg/1mL mL,پرنترال 
TOBRAMYCIN / DEXAMETHASONE,لوفوتو,"سوسپانسیون،",0.3 %/0.1 % 5 mL,قطره چشمی
ACETAMINOPHEN,استامینوفن,شیاف,325 mg,مقعدی 
ASA (ACETYLSALICYLIC ACID),آ اس آ,قرص,100 mg,جویدنی خوراکی
MONTELUKAST (AS SODIUM),اکتولوکاست,قرص,5 mg,جویدنی خوراکی
ACETAMINOPHEN / CAFFEINE / CODEINE PHOSPHATE,نوبلژین,قرص,300 mg/15 mg/15 mg,خوراکی 
TRETINOIN,ترتینوئین,,0.05 % 15 g,کرم موضعی
ADULT COLD PREPARATIONS (1-4),فلوسیپ کلد و فلو,پودر,650 mg/10 mg g,برای تهیه محلول خوراکی
IRBESARTAN,ایربسال,قرص,300 mg,خوراکی 
PROPOFOL,پروپوفول-پی اف,امولسیون,10 mg/1mL 20 mL,تزریقی پرنترال
METHADONE HYDROCHLORIDE,متادون سها,محلول,25 mg/5 mL 250 mL,خوراکی 
SUNITINIB (AS MALATE),سوتنت,کپسول,50 mg,خوراکی 
HYOSCINE-N-BUTYL BROMIDE,هیوسین-ان-بوتیل بروماید-اکسیر,قرص,10 mg,خوراکی 
MEFENAMIC ACID,مفنامیک اسید,کپسول,250 mg,خوراکی 
VALSARTAN,والساکور,قرص,80 mg,خوراکی 
BIOTIN,بیوتین,محلول,5 mg/1mL 1 mL,تزریقی عضلانی
VITAMIN B12,ویتامین ب12,تزریقی,1000 ug/1mL mL,پرنترال 
METHYLDOPA,آلدومت,قرص,250 mg,خوراکی 
HALOPERIDOL (AS LACTATE),هالوپریدول,محلول,2 mg/1mL 15 mL,خوراکی 
PHENOXYBENZAMINE,فنوکسن,کپسول,10 mg,خوراکی 
PILOCARPINE HYDROCHLORIDE,گلوپین,"محلول،",2 % 10 mL,قطره چشمی
ALUMINIUM HYDROXIDE / MAGNESIUM HYDROXIDE,آلومینیوم هیدروکساید/منیزیوم هیدروکساید,سوسپانسیون,225 mg/200 mg/5 mL 240 mL,خوراکی 
FENOFIBRATE,لیپورام,کپسول,100 mg,خوراکی 
PANTOPRAZOLE (AS SODIUM),پنتوپرازول,پودر,40 mg mg,لئوفیلیزه برای تهیه محلول تزریقی پرنترال
ACICLOVIR,آسیکلوویر-تدافارم,قرص,400 mg,خوراکی 
SUMATRIPTAN (AS SUCCINATE),میگرستاپ,تزریقی,12 mg/1mL 0.5 mL,پرنترال 
PROPOFOL,پوفول,امولسیون,10 mg/1mL 50 mg,تزریقی پرنترال
PACLITAXEL,سوبوتکسل,تزریقی,6 mg/1mL 25 mL,پرنترال 
BISOPROLOL FUMARATE / HYDROCHLOROTHIAZIDE,بیکسوپرول-اچ,قرص,10 mg/25 mg,خوراکی 
CLARITHROMYCIN,کلاسید,پودر,250 mg/5 mL 60 g,برای تهیه سوسپانسیون خوراکی
BISOPROLOL FUMARATE,کنکور,قرص,10 mg,خوراکی 
CYPROHEPTADINE HYDROCHLORIDE,سیپراکتین,قرص,4 mg,خوراکی 
PIOGLITAZONE,هیپوتازون,قرص,30 mg,خوراکی 
IMMUNE GLOBULIN,ایمونورل,تزریقی,50 mg/1mL 100 g,داخل وریدی
CLONAZEPAM,کلونازپام,قرص,2 mg,خوراکی 
APIXABAN,آپیکساتد,قرص,5 mg,خوراکی 
METRONIDAZOLE,مترونیدازول,قرص,500 mg,واژینال 
PRAMIPEXOLE (AS DIHYDROCHLORIDE),سوپکسول,قرص,0.7 mg,خوراکی 
CEFTAZIDIME,سفتازیدیم,پودر,1 g g,برای تهیه محلول تزریقی پرنترال
UROFOLLITROPIN,کارما-اف اس اچ,پودر,75 [iU] [iU],لئوفیلیزه برای تهیه محلول تزریقی عضلانی
TRIHEXYPHENIDYL HYDROCHLORIDE,تری هگزیفنیدیل,قرص,2 mg,خوراکی 
ACICLOVIR,آسیکلوروز,قرص,400 mg,خوراکی 
ASA (ACETYLSALICYLIC ACID),آ اس آ-حکیم,قرص,80 mg,انتریک کوتد خوراکی
LIDOCAINE,لیدوکائین,اسپری,10 mg/1{dose} 20 mL,موضعی 
BETAMETHASONE (AS VALERATE),بتامتازون,پماد,0.1 % 15 g,موضعی 
METHOTREXATE,ترکسوما,محلول,25 mg/1mL 1 mg,تزریقی پرنترال
ROSUVASTATIN (AS CALCIUM),رزوتکس,قرص,5 mg,خوراکی 
SILDENAFIL (AS CITRATE),سیلدنافیل,قرص,100 mg,خوراکی 
EXPECTORANT CODEINE,اکسپکتورانت کدئین,شربت,100 mg/30 mg/10 mg/5 mL 60 mL,خوراکی 
SACUBITRIL / VALSARTAN,الپیدو,قرص,24 mg/26 mg,خوراکی 
DEXPANTHENOL,اکسی دکس,محلول,250 mg/1mL 2 mL,تزریقی پرنترال
SODIUM CHLORIDE,ُسدیم کلراید,محلول,0.9 % 500 mL,تزریقی پرنترال
DOXYCYCLINE (AS MONOHYDRATE),داکسی سیکلین-سها,کپسول,100 mg,خوراکی 
DAPAGLIFLOZIN (AS PROPANEDIOL) / METFORMIN HYDROCHLORIDE,گلوکسیگا-ام,قرص,10 mg/500 mg,پیوسته رهش خوراکی
FEXOFENADINE HYDROCHLORIDE,رافکسودین,قرص,180 mg,خوراکی 
DESLORATADINE,نئونکس,قرص,5 mg,خوراکی 
EMPAGLIFLOZIN / LINAGLIPTIN / METFORMIN HYDROCHLORIDE,گلوتریو,قرص,25 mg/5 mg/1000 mg,پیوسته رهش خوراکی
PENICILLIN 6-3-3,تریولین,پودر,600000 [iU]/300000 [iU]/300000 [iU] [iU],برای تهیه فرآورده تزریقی پرنترال
FINASTERIDE,فیناستراید,قرص,5 mg,خوراکی 
RIVASTIGMINE (AS HYDROGEN TARTRATE),ریواستیگمین,کپسول,3 mg,خوراکی 
ACETAMINOPHEN / CODEINE PHOSPHATE,استامینوفن/کدئین,قرص,300 mg/20 mg,خوراکی 
PREDNISOLONE,نیزوپرد,قرص,5 mg,خوراکی 
SILVER SULFADIAZINE,سیلورسولفادیازین-عماد,کرم,1 % 50 g,موضعی 
LEVODOPA / BENSERAZIDE,رونوپار,قرص,100 mg/25 mg,خوراکی 
ONDANSETRON (AS HYDROCHLORIDE),اندانسترون,تزریقی,2 mg/1 mL 4 mg,پرنترال 
MINOCYCLINE (AS HYDROCHLORIDE),میندروکس,کپسول,100 mg,خوراکی 
SALBUTAMOL (AS SULFATE),سالبوایر,محلول,2.5 mg/2.5mL mL,استنشاقی 
METFORMIN HYDROCHLORIDE,مری کوم,قرص,500 mg,پیوسته رهش خوراکی
BISOPROLOL FUMARATE,بیکسوپرول,قرص,2.5 mg,خوراکی 
LOSARTAN POTASSIUM,پوزارکس,قرص,25 mg,خوراکی 
VANCOMYCIN (AS HYDROCHLORIDE),ونکومایسین-اکسیر,پودر,1 g g,برای تهیه محلول تزریقی پرنترال
SITAGLIPTIN (AS PHOSPHATE) / METFORMIN HYDROCHLORIDE,سیتابت-پلاس,قرص,50 mg/500 mg,خوراکی 
METFORMIN HYDROCHLORIDE,کمفورمین,قرص,500 mg,خوراکی 
TICAGRELOR,بریلاووس,قرص,90 mg,خوراکی 
VALSARTAN,والزتور,قرص,80 mg,خوراکی 
SUMATRIPTAN (AS SUCCINATE),سومی ترکس,قرص,100 mg,خوراکی 
SUMATRIPTAN (AS SUCCINATE),میگراکیم,قرص,50 mg,خوراکی 
DAPAGLIFLOZIN (AS PROPANEDIOL) / METFORMIN HYDROCHLORIDE,داپافار-ام,قرص,5 mg/850 mg,خوراکی 
AMIODARONE HYDROCHLORIDE,آمیودارون,قرص,200 mg,خوراکی 
TICAGRELOR,تیکورا,قرص,90 mg,خوراکی 
KETOROLAC TROMETAMOL,کتورولاک,تزریقی,15 mg/1mL 1 mL,پرنترال 
VITAMIN C,لیم کیور,تزریقی,100 mg/1mL 5 mg,پرنترال 
CHLORPHENIRAMINE MALEATE,هیستادیک,تزریقی,10 mg/1mL mL,پرنترال 
QUETIAPINE (AS FUMARATE),ترانکوپین,قرص,25 mg,خوراکی 
IBUPROFEN,تدافن,قرص,400 mg,خوراکی 
BARICITINIB,اینتیما,قرص,2 mg,خوراکی 
SURFACTANT (BOVINE LIPID EXTRACT),بلس,سوسپانسیون,27 mg/1mL 5 mL,تزریقی از راه تراشه
FOSFOMYCIN (AS TROMETAMOL),سولورول,گرانول,3 g g,برای تهیه محلول خوراکی
BIOTIN,بیوتیکسین,محلول,5 mg/1mL 1 mL,تزریقی عضلانی
PRAMIPEXOLE (AS DIHYDROCHLORIDE),پرامی پکسول-حکیم,قرص,0.18 mg,خوراکی 
ENALAPRIL MALEATE,انالاپریل,قرص,5 mg,خوراکی 
OXYCODONE HYDROCHLORIDE,لنیتون,قرص,10 mg,پیوسته رهش خوراکی
FERRIC CARBOXYMALTOSE,فریرایز,تزریقی,50 mg/1mL 10 mg,پرنترال 
PEGINTERFERON ALFA-2A,پگافرون,تزریقی,360 ug/1mL 0.5 ug,پرنترال 
GADOBUTROL,سولاویس,تزریقی,604.72 mg/1mL 7.5 mL,پرنترال 
FLUOCINOLONE ACETONIDE,فلوئوسینولون,کرم,0.025 % 15 g,موضعی 
DOCETAXEL,تئوتاکسول,محلول,20 mg/1mL 4 mg,تزریقی داخل وریدی
ACETAMINOPHEN,پیرومول,محلول,150 mg/1mL 6.7 g,غلیظ تزریقی داخل وریدی
METRONIDAZOLE,مترونیدازول-ناژو,شیاف,500 mg,واژینال 
VITAMIN D3,ویتامین دی3-تداژل,کپسول,50000 [iU],حاوی مایع خوراکی
LEVOFLOXACIN,تاواپنو,قرص,500 mg,خوراکی 
BUPIVACAINE HYDROCHLORIDE,بوپیواکائین هیدروکلراید هوی,تزریقی,0.5 % 4 mg,داخل نخاعی
PROTAMINE SULFATE,پروتامین سولفات-اکسیر,تزریقی,10 mg/1mL 5 mL,پرنترال 
ACETAMINOPHEN / CAFFEINE / CODEINE PHOSPHATE,لگزانول-سی,قرص,300 mg/15 mg/15 mg,خوراکی 
FOSCARNET SODIUM,اسکارنت,محلول,24 mg/1mL 250 mL,تزریقی پرنترال
BISOPROLOL FUMARATE,کنکور,قرص,5 mg,خوراکی 
ATORVASTATIN (AS CALCIUM),آتورکسین,قرص,20 mg,خوراکی 
AMLODIPINE (AS BESILATE) / VALSARTAN,بلووان ای,قرص,10 mg/160 mg,خوراکی 
TRIHEXYPHENIDYL HYDROCHLORIDE,تریفن,قرص,2 mg,خوراکی 
BRIVARACETAM,بریزانتیس,قرص,50 mg,خوراکی 
LENALIDOMIDE,مایلودک,کپسول,15 mg,خوراکی 
ACETAMINOPHEN,پدی تایل,سوسپانسیون,160 mg/5mL 60 mL,خوراکی 
PANTOPRAZOLE (AS SODIUM SESQUIHYDRATE),پنتوس,قرص,40 mg,انتریک کوتد خوراکی
CIPROFLOXACIN (AS HYDROCHLORIDE),سیپروفلوکساسین سها,قرص,500 mg,خوراکی 
EPLERENONE,اپلرنون,قرص,50 mg,خوراکی 
CLOTRIMAZOLE,کلوتریمازول-ناژو,محلول,1 % 20 mL,موضعی 
NITROGLYCERIN,نیترال,تزریقی,1 mg/1mL 5 mL,پرنترال 
TRIFLUOPERAZINE,پسینیزا,قرص,5 mg,خوراکی 
PROPRANOLOL HYDROCHLORIDE,پروپرانولول,قرص,20 mg,خوراکی 
KETOROLAC TROMETAMOL,سینارولاک,"محلول،",0.5 % 5 mL,قطره چشمی
EMPAGLIFLOZIN / LINAGLIPTIN,گلورنتا,قرص,10 mg/5 mg,خوراکی 
ICHTHYOL,ایکتیول,پماد,10 % 15 g,موضعی 
CIPROFLOXACIN (AS HYDROCHLORIDE),سیپروتد,قرص,250 mg,خوراکی 
METFORMIN HYDROCHLORIDE / LINAGLIPTIN,آوامت,قرص,500 mg/2.5 mg,خوراکی 
LOSARTAN POTASSIUM,لوزارتان-تدافارم,قرص,25 mg,خوراکی 
SODIUM CHLORIDE,سدیم کلراید,محلول,0.45 % 500 L,تزریقی پرنترال
LIDOCAINE / PRILOCAINE,زایلا-پی,کرم,2.5 %/2.5 % 30 g,موضعی 
IBUPROFEN,فوریمو,قرص,600 mg,خوراکی 
CARBOPLATIN,کربوناتین,محلول,10 mg/1mL 15 mg,غلیظ تزریقی داخل وریدی
ROSUVASTATIN (AS CALCIUM),رزورکسین,قرص,10 mg,خوراکی 
SELENIUM (AS SODIUM SELENITE PENTAHYDRATE),سلناز,تزریقی,50 ug/1mL 10 ug,پرنترال 
METOCLOPRAMIDE HYDROCHLORIDE,متوکلوپرامید,"محلول،",4 mg/1mL 15 mL,قطره خوراکی
FLUCONAZOLE,فلوکونازول,قرص,150 mg,خوراکی 
DEXTROSE / SODIUM CHLORIDE,دکستروز/ سدیم کلراید,محلول,5 %/0.9 % 1000 mL,تزریقی داخل وریدی
NAPHAZOLINE HYDROCHLORIDE,نفالوکس-پی بی ای,"محلول،",0.1 % 10 mL,قطره چشمی
INFLIXIMAB,رمیکید,پودر,100 mg mg,برای تهیه محلول تزریقی پرنترال
SALMETEROL (AS XINAFOATE) / FLUTICASONE PROPIONATE,وداویر,کپسول,50 ug/500 ug/1{dose},استنشاقی 
DEXTROSE / SODIUM CHLORIDE,سدیم کلراید و گلوکز,محلول,3.33 %/0.3 % 500 mL,تزریقی داخل وریدی
ZOLEDRONIC ACID,زیکلاست,محلول,5 mg/100mL mg,تزریقی پرنترال
GRANISETRON,گرانکسیر,محلول,1 mg/1mL 3 mg,تزریقی داخل وریدی
PROPRANOLOL HYDROCHLORIDE,اینپرال,قرص,40 mg,خوراکی 
MIDODRINE HYDROCHLORIDE,گوترون,قرص,2.5 mg,خوراکی 
CEFIXIME,سفیکسان,قرص,400 mg,خوراکی 
TOFACITINIB (AS CITRATE),توفاسیتینیب,قرص,5 mg,خوراکی 
BETAMETHASONE,بتامتازون,قرص,0.5 mg,خوراکی 
MOMETASONE FUROATE,مومتازون-ناژو,پماد,0.1 % 30 g,موضعی 
DEXPANTHENOL,دکسپانتنول,محلول,250 mg/1mL 2 mL,تزریقی پرنترال
MEROPENEM,مروپنم-اکسیر,پودر,1 g g,برای تهیه محلول تزریقی پرنترال
ACETAMINOPHEN,استامینوفن,قرص,500 mg,خوراکی 
AMLODIPINE (AS BESILATE) / TELMISARTAN,آملو تلمیک,قرص,10 mg/40 mg,خوراکی 
TICAGRELOR,ونوتیکا,قرص,60 mg,خوراکی 
SODIUM CHLORIDE,سدیم کلراید,محلول,0.9 % 1000 mL,جهت شستشو
REMIFENTANIL (AS HYDROCHLORIDE),رپاکسیر,پودر,2 mg mg,برای تهیه محلول تزریقی پرنترال
METHYLPHENIDATE HYDROCHLORIDE,پرکتیسا,قرص,10 mg,خوراکی 
ESCITALOPRAM (AS OXALATE),اس لگزال,قرص,10 mg,خوراکی 
METOCLOPRAMIDE HYDROCHLORIDE,متوکلوپرامید,"محلول،",4 mg/1mL 15 mL,قطره خوراکی
DIPHENHYDRAMINE / AMMONIUM CHLORIDE,دیفن هیدرامین کامپاند-الحاوی,شربت,12.5 mg/125 mg/5mL 60 mL,خوراکی 
GEMCITABINE HYDROCHLORIDE,جم سی مکس,محلول,100 mg/1mL 10 mg,غلیظ تزریقی پرنترال
IBUPROFEN,ادوالژین ای آر,قرص,600 mg,پیوسته رهش خوراکی
ACETAMINOPHEN,استامینوفن,"محلول،",100 mg/1mL 15 mL,قطره خوراکی
METFORMIN HYDROCHLORIDE,رهامت,قرص,500 mg,خوراکی 
SERTRALINE (AS HYDROCHLORIDE),سرتیرا,قرص,100 mg,خوراکی 
AMPICILLIN / SULBACTAM,آمپی باکتام,پودر,2 g/1 g g,برای تهیه محلول تزریقی پرنترال
QUETIAPINE (AS FUMARATE),راکوئیت,قرص,100 mg,خوراکی 
EMPAGLIFLOZIN / METFORMIN HYDROCHLORIDE,امپاگلیفلوزین/متفورمین,قرص,5 mg/500 mg,خوراکی 
FLECAINIDE ACETATE,تامونید,قرص,100 mg,خوراکی 
CLINDAMYCIN (AS PHOSPHATE),کلیندامایسین-ناژو,ژل,1 % 15 g,موضعی 
POTASSIUM CITRATE,یورکا,قرص,10 meq,پیوسته رهش خوراکی
DANAZOL,دانازول,کپسول,100 mg,خوراکی 
DANAZOL,دانوژن,کپسول,200 mg,خوراکی 
DIGOXIN,دیگوکسی کرن,قرص,0.25 mg,خوراکی 
VITAMIN A / VITAMIN D,ویتامین آ+د,پماد,850 [iU]/85 [iU]/1g 30 g,موضعی 
EMPAGLIFLOZIN / METFORMIN HYDROCHLORIDE,گلایسنمین,قرص,12.5 mg/500 mg,خوراکی 
TOFACITINIB (AS CITRATE),آلپامونت,قرص,5 mg,خوراکی 
EXPECTORANT,موکورانت,شربت,100 mg/2 mg/30 mg/5mL 60 mL,خوراکی 
PROGESTERONE,فرتیژست,شیاف,200 mg,واژینال 
METHYLPREDNISOLONE ACETATE,دورو-مدرول,سوسپانسیون,40 mg/1mL 1 mL,تزریقی پرنترال
AZITHROMYCIN,آزیترومایسین,قرص,500 mg,خوراکی 
DEXPANTHENOL,دکسپانتنول,کرم,5 % 30 g,موضعی 
LITHIUM CARBONATE,لیتارو,قرص,300 mg,خوراکی 
AMOXICILLIN,فاراموکس,قرص,875 mg,خوراکی 
ACETAMINOPHEN / CAFFEINE,آنی ژزیک-ریلیف,قرص,500 mg/65 mg,جوشان خوراکی
ONDANSETRON (AS HYDROCHLORIDE),اندامین,محلول,4 mg/5mL 60 mL,خوراکی 
QUETIAPINE (AS FUMARATE),بایوکویتین,قرص,200 mg,خوراکی 
METFORMIN HYDROCHLORIDE,گلوکوفاژ,قرص,1000 mg,خوراکی 
MOMETASONE FUROATE,مومتازون- ناژو,لوسیون,0.1 % 30 mL,موضعی 
PEGFILGRASTIM,پی دی لستا,محلول,10 mg/1mL 0.6 mg,تزریقی پرنترال
ROSUVASTATIN (AS CALCIUM),کرستوسد,قرص,40 mg,خوراکی 
CLINDAMYCIN (AS HYDROCHLORIDE),کلیندامایسین,کپسول,300 mg,خوراکی 
VONOPRAZAN (AS FUMARATE),ونزیتو,قرص,10 mg,خوراکی 
DIGOXIN,لاناکوردین پدیاتریکو,الگزیر,0.05 mg/1mL 60 mg,خوراکی 
ACICLOVIR,آسیکلوویر,پودر,250 mg mg,لئوفیلیزه برای تهیه محلول تزریقی پرنترال
ALLOPURINOL,آلوپورینول,قرص,300 mg,خوراکی 
VALSARTAN,واساران,قرص,40 mg,خوراکی 
ENZALUTAMIDE,زیبندرو,کپسول,40 mg,حاوی مایع خوراکی
RISPERIDONE,ریسپریدون,قرص,2 mg,خوراکی 
PALBOCICLIB,آیبرکت,کپسول,125 mg,خوراکی 
POVIDONE IODINE,تولیدین,ژل,10 % 80 g,واژینال 
MEPIVACAINE HYDROCHLORIDE,اکسی کائین,تزریقی,3 % 1.8 mL,پرنترال 
BUSPIRONE HYDROCHLORIDE,بوسپیرون,قرص,10 mg,خوراکی 
PREGABALIN,پرگابالین-ثنامد,کپسول,75 mg,خوراکی 
INSULIN ASPART,نوورپید فلکس پن,محلول,100 [iU]/1mL 3 [iU],تزریقی پرنترال
CLOTRIMAZOLE,کلوتریمازول,کرم,1 % 15 g,موضعی 
CISPLATIN,سیس پلاسدال,محلول,1 mg/1mL 50 mg,غلیظ تزریقی داخل وریدی
SITAGLIPTIN (AS PHOSPHATE) / METFORMIN HYDROCHLORIDE,دایسمیا,قرص,50 mg/1000 mg,خوراکی 
BEVACIZUMAB,استیوانت,محلول,25 mg/1mL 16 mg,غلیظ تزریقی پرنترال
DICLOFENAC SODIUM,ولدیک,"محلول،",0.1 % 5 mL,قطره چشمی
PANTOPRAZOLE (AS SODIUM SESQUIHYDRATE),پنتوپرازول-شفا,کپسول,40 mg,انتریک کوتد خوراکی
SODIUM CHLORIDE,سدیم کلراید,محلول,0.9 % 1000 L,جهت شستشو
ADULT COLD PREPARATIONS (1-4),اکتوکلد روز,پودر,650 mg/10 mg g,برای تهیه محلول خوراکی
POVIDONE IODINE,فارمادین,محلول,10 % 1000 mL,موضعی 
CLINDAMYCIN (AS PHOSPHATE),کلیندامایسین,شیاف,100 mg,واژینال 
CALCIPOTRIOL / BETAMETHASONE DIPROPIONATE,پسوریابت,پماد,0.005 %/0.064 % 30 g,موضعی 
PIROXICAM,پیروکسیکام مدیفارم,ژل,0.5 g/100g 60 g,موضعی 
RISPERIDONE,ریسپردال کنستا,پودر,50 mg mg,برای تهیه سوسپانسیون تزریقی پیوسته رهش پرنترال
METFORMIN HYDROCHLORIDE,گلوکوفاژ,قرص,500 mg,خوراکی 
EMPAGLIFLOZIN / LINAGLIPTIN,لیجاردین,قرص,10 mg/5 mg,خوراکی 
SIMVASTATIN,سیمواستاتین,قرص,20 mg,خوراکی 
MONTELUKAST (AS SODIUM),مونته کیم,قرص,5 mg,جویدنی خوراکی
CEFEPIME (AS HYDROCHLORIDE),اکسی پیم,پودر,2 g g,برای تهیه محلول تزریقی پرنترال
ATOMOXETINE HYDROCHLORIDE,آتوموکستین-حکیم,کپسول,18 mg,خوراکی 
VITAMIN B2 (RIBOFLAVIN),ویتامین ب2,قرص,100 mg,خوراکی 
SITAGLIPTIN (AS PHOSPHATE) / METFORMIN HYDROCHLORIDE,دایسمیا,قرص,50 mg/500 mg,خوراکی 
EPTIFIBATIDE,اپتیفیباتاید,محلول,2 mg/1mL 10 mg,تزریقی پرنترال
VALPROATE SODIUM,رهاکین,قرص,333 mg/145 mg,پیوسته رهش خوراکی
ADULT COLD PREPARATIONS (1-2),کلدیرام,قرص,325 mg/5 mg,خوراکی 
TRIPTORELIN (AS PAMOATE),واریوپپتیل,پودر,11.25 mg mg,لئوفیلیزه برای تهیه سوسپانسیون تزریقی پیوسته رهش پرنترال
DICLOFENAC SODIUM,آلفن-ایکس ال,قرص,100 mg,پیوسته رهش خوراکی
ATOMOXETINE HYDROCHLORIDE,آتوموکستین,کپسول,18 mg,خوراکی 
DONEPEZIL HYDROCHLORIDE,دونپزیل,قرص,10 mg,بازشونده در دهان خوراکی
CHLORPROMAZINE HYDROCHLORIDE,نورمازین,قرص,25 mg,خوراکی 
LEVODOPA / CARBIDOPA / ENTACAPONE,استاپارکین,قرص,100 mg/25 mg/200 mg,خوراکی 
NITROGLYCERIN,میوکاردین,قرص,6.4 mg,پیوسته رهش خوراکی
LEVONORGESTREL,تَنسی,قرص,750 ug,خوراکی 
CALAMINE,کالامین-سبحان,کرم,8 % 30 g,موضعی 
FENOFIBRATE,سبانتیل,کپسول,100 mg,خوراکی 
IOHEXOL,امنی گرف,تزریقی,350 mg/1mL 100 mg,پرنترال 
CLIDINIUM / CHLORDIAZEPOXIDE,لیبراکیم,قرص,2.5 mg/5 mg,خوراکی 
VITAMIN B1 / VITAMIN B6 / VITAMIN B12,تریبیتکس,تزریقی,100 mg/100 mg/1000 ug/3mL mL,پرنترال 
VINORELBINE (AS TARTRATE),وینوبین,کپسول,20 mg,حاوی مایع خوراکی
DORZOLAMIDE (AS HYDROCHLORIDE) / TIMOLOL (AS MALEATE),زایلومول,"محلول،",2 %/0.5 % 5 mL,قطره چشمی
CYCLOPHOSPHAMIDE,سیکلوکسان,پودر,1 g mg,برای تهیه محلول تزریقی پرنترال
DIGESTIVE,دایجستیو,قرص,40 mg/6000 [iU]/10500 [iU]/600 [iU],انتریک کوتد خوراکی
ATOMOXETINE HYDROCHLORIDE,آتوموکستین-حکیم,کپسول,10 mg,خوراکی 
VALSARTAN,سووالتان,قرص,160 mg,خوراکی 
BRENTUXIMAB VEDOTIN,ادستریس,پودر,50 mg mg,برای تهیه محلول تزریقی پرنترال
MOXIFLOXACIN (AS HYDROCHLORIDE),ویموکس,قرص,400 mg,خوراکی 
AMOXICILLIN,ماکسیرکس,پودر,250 mg/5mL 100 mL,برای تهیه سوسپانسیون خوراکی
CLOTRIMAZOLE / BETAMETHASONE (AS DIPROPIONATE),کلوتریمازول / بتامتازون عماد,کرم,1 %/0.05 % 15 g,موضعی 
AZITHROMYCIN,زیمکسیر,پودر,200 mg/5mL 30 mL,برای تهیه سوسپانسیون خوراکی
CIPROFLOXACIN (AS HYDROCHLORIDE),سیپروفلوکساسین,"محلول،",0.3 % 10 mL,قطره چشمی
RIVAROXABAN,آکسابین,قرص,2.5 mg,خوراکی 
THIOGUANINE,لانویس,قرص,40 mg,خوراکی 
LEVETIRACETAM,الپرا,محلول,100 mg/1mL 5 mL,غلیظ تزریقی پرنترال
DICLOFENAC SODIUM,ولتادک,قرص,150 mg,پیوسته رهش خوراکی
CELECOXIB,سلکوکسیب,کپسول,100 mg,خوراکی 
ALECTINIB (AS HYDROCHLORIDE),آلکنیب,کپسول,150 mg,خوراکی 
RIZATRIPTAN (AS BENZOATE),ریزاتریپتان-حکیم,قرص,10 mg,خوراکی 
IODIXANOL,پکنوگرف,تزریقی,320 mg/1mL 50 mg,پرنترال 
METFORMIN HYDROCHLORIDE,متفیدکس,قرص,500 mg,پیوسته رهش خوراکی
FEBUXOSTAT,فبیکس,قرص,40 mg,خوراکی 
DOXORUBICIN HYDROCHLORIDE (PEGYLATED),سینادوکسوزوم,تزریقی,2 mg/1mL 10 mg,(لیپوزومال) پرنترال
OFLOXACIN,افلوکیم,قرص,200 mg,خوراکی 
PALBOCICLIB,سُبرانس,کپسول,75 mg,خوراکی 
DICLOFENAC SODIUM,دیکوزان,شیاف,100 mg,مقعدی 
PROPOFOL,پروپوفول ام سی تی ال سی تی فرزنیوس,امولسیون,10 mg/1mL 50 mL,تزریقی پرنترال
SUCCINYLCHOLINE CHLORIDE,سوکسینیل کولین,تزریقی,50 mg/1mL 10 mL,پرنترال 
FOLIC ACID,فولیک اسید,قرص,5 mg,خوراکی 
SIPONIMOD,ریلاپزنت,قرص,1 mg,خوراکی 
GEMFIBROZIL,جمی پید,کپسول,300 mg,خوراکی 
DARATUMUMAB,دارزالکس,محلول,20 mg/1mL 20 mg,غلیظ تزریقی پرنترال
ACETAMINOPHEN,پاراتل,محلول,150 mg/1mL 6.7 mL,غلیظ تزریقی داخل وریدی
CALCIUM FOLINATE,کلسیم فولینات,تزریقی,10 mg/1mL 20 mL,پرنترال 
FLUOROMETHOLONE,متولوویژن-پی بی ای,"سوسپانسیون،",0.1 % 5 mL,قطره چشمی
FINASTERIDE,فینوسکار,قرص,5 mg,خوراکی 
DAPAGLIFLOZIN (AS PROPANEDIOL) / METFORMIN HYDROCHLORIDE,گلوکسیگا-ام,قرص,10 mg/1000 mg,پیوسته رهش خوراکی
OMEPRAZOLE / SODIUM BICARBONATE,امپراپلاس,پودر,40 mg/1680 mg g,برای تهیه سوسپانسیون خوراکی
AMOXICILLIN,آموکسی سیلین,پودر,125 mg/5mL 100 mL,برای تهیه سوسپانسیون خوراکی
CARVEDILOL,اینوتیو,قرص,12.5 mg,خوراکی 
PROPRANOLOL HYDROCHLORIDE,پروپرانولول,قرص,40 mg,خوراکی 
ROSUVASTATIN (AS CALCIUM),فارستور,قرص,10 mg,خوراکی 
AMLODIPINE (AS BESILATE) / BISOPROLOL FUMARATE,ُسلویکورد,قرص,10 mg/5 mg,خوراکی 
IPRATROPIUM BROMIDE / SALBUTAMOL (AS SULFATE),ایپراتروپیوم بروماید / سالبوتامول,محلول,200 ug/1 mg/1mL 2.5 mL,استنشاقی 
CETUXIMAB,اربیتوکس,تزریقی,5 mg/1mL 20 mg,پرنترال 
ZOLPIDEM TARTRATE,زولپیدورال,قرص,6.25 mg,پیوسته رهش خوراکی
ESMOLOL HYDROCHLORIDE,اسبلوک,تزریقی,10 mg/1mL 10 mg,پرنترال 
EMPAGLIFLOZIN / METFORMIN HYDROCHLORIDE,امت-دو,قرص,5 mg/1000 mg,خوراکی 
GANIRELIX (AS ACETATE),واریورلیکس,تزریقی,500 ug/1mL 0.5 mL,پرنترال 
TIRZEPATIDE,اسپارتینا,محلول,7.5 mg/0.5mL mg,تزریقی زیر جلدی
SITAGLIPTIN (AS PHOSPHATE),ژانووکس,قرص,100 mg,خوراکی 
GUAIFENESIN / CHLORPHENIRAMINE / PHENYLEPHRINE,کوفکس,شربت,100 mg/2 mg/5 mg/5mL 60 mL,خوراکی 
CILOSTAZOL,سیلتال,قرص,100 mg,خوراکی 
PIROXICAM,پیروکسیزان,ژل,0.5 g/100g 60 g,موضعی 
ESOMEPRAZOLE (AS MAGNESIUM),ریفلازول,گرانول,10 mg g,انتریک کوتد خوراکی
OLOPATADINE (AS HYDROCHLORIDE),پاتاویژن-پی بی ای,"محلول،",0.1 % 5 mL,قطره چشمی
SALMETEROL (AS XINAFOATE) / FLUTICASONE PROPIONATE,سریتول,کپسول,50 ug/500 ug/1{dose},استنشاقی 
MIDAZOLAM,میداماکس,تزریقی,5 mg/1mL 1 mL,پرنترال 
AZITHROMYCIN,زیمکسیر,کپسول,500 mg,خوراکی 
RIZATRIPTAN (AS BENZOATE),ریزاتان,قرص,10 mg,بازشونده در دهان خوراکی
POVIDONE IODINE,پوویدون آیداین,محلول,10 % 1000 L,موضعی 
VORICONAZOLE,روفند,قرص,200 mg,خوراکی 
DICLOFENAC SODIUM,دیکلوژین,قرص,150 mg,پیوسته رهش خوراکی
PROPRANOLOL HYDROCHLORIDE,پروپرانولول,قرص,10 mg,خوراکی 
CLINDAMYCIN (AS PHOSPHATE),کلیندافارم,ژل,1 % 15 g,موضعی 
HYDROXYZINE HYDROCHLORIDE,تدازین,قرص,10 mg,خوراکی 
GLIMEPIRIDE,تداپراید,قرص,2 mg,خوراکی 
CEFIXIME,آفاکسیم,پودر,100 mg/5 mL 100 mg,برای تهیه سوسپانسیون خوراکی
INDOCYANINE GREEN,وردای,پودر,25 mg mg,برای تهیه محلول تزریقی پرنترال
FINASTERIDE,فینوپروست,قرص,5 mg,خوراکی 
LEVODOPA / BENSERAZIDE,رونوپار,قرص,200 mg/50 mg,خوراکی 
ACICLOVIR,آسیکلوویر- ناژو,کرم,5 % 10 g,موضعی 
BUDESONIDE,بودکورت,آئروسل,200 ug/1{dose} 200 {dose},با دوز اندازه گیری شده استنشاقی
ALECTINIB (AS HYDROCHLORIDE),آلسنسا,کپسول,150 mg,خوراکی 
AMLODIPINE (AS BESILATE),آملودیپین- سبحان,قرص,5 mg,خوراکی 
CICLOSPORIN,ایمینورال,کپسول,100 mg,حاوی مایع خوراکی
FURAZOLIDONE,فورابن,قرص,100 mg,خوراکی 
SEVELAMER HYDROCHLORIDE,ریبامر,قرص,800 mg,خوراکی 
ACETAMINOPHEN / CAFFEINE / IBUPROFEN,لومینوفن,کپسول,325 mg/40 mg/200 mg,خوراکی 
DISOPYRAMIDE,دیزوپیرامید,کپسول,100 mg,خوراکی 
DESLORATADINE,هیدین,قرص,5 mg,خوراکی 
NICORANDIL,آدینکو,قرص,10 mg,خوراکی 
METHYLPREDNISOLONE ACETATE,دورو-مدرول,سوسپانسیون,40 mg/1mL 1 mg,تزریقی پرنترال
NORTRIPTYLINE (AS HYDROCHLORIDE),نورتریپتیلین,قرص,10 mg,خوراکی 
DIPHENHYDRAMINE HYDROCHLORIDE,دیفنکسیر,محلول,12.5 mg/5mL 60 mL,خوراکی 
POVIDONE IODINE,پوویدون آیداین-بهوزان,محلول,10 % 250 mL,موضعی 
IOPAMIDOL,اسکن لوکس,تزریقی,370 mg/1mL 100 g,پرنترال 
ZAFIRLUKAST,زفیرلوکاست,قرص,20 mg,خوراکی 
LANSOPRAZOLE,لنسوپرازول,کپسول,30 mg,انتریک کوتد خوراکی
CHLORPROMAZINE HYDROCHLORIDE,لارگازین,قرص,25 mg,خوراکی 
MELOXICAM,ملوکسیکام-جالینوس,قرص,7.5 mg,خوراکی 
VALSARTAN,والسارتان,قرص,40 mg,خوراکی 
VENETOCLAX,تنوکلاکس,قرص,50 mg,خوراکی 
CICLOSPORIN,سیلورین,کپسول,100 mg,حاوی مایع خوراکی
TIGECYCLINE,تایرونا,پودر,50 mg mg,لئوفیلیزه برای تهیه محلول تزریقی پرنترال
ESCITALOPRAM (AS OXALATE),لگزوپرام,قرص,5 mg,خوراکی 
ACETAMINOPHEN / CAFFEINE / IBUPROFEN,لومینوفن,کپسول,325 mg/40 mg/200 mg,خوراکی 
EMPAGLIFLOZIN / LINAGLIPTIN,لی نیپا,قرص,10 mg/5 mg,خوراکی 
HYOSCINE-N-BUTYL BROMIDE,هیوسین-ان-بوتیل بروماید,قرص,10 mg,خوراکی 
GUAIFENESIN,گایاکاف,شربت,100 mg/5mL 60 mL,خوراکی 
URSODEOXYCHOLIC ACID,اورسودکس,کپسول,300 mg,خوراکی 
CLOTRIMAZOLE,کلوتریمازول,کرم,2 % 50 g,واژینال 
DOXYCYCLINE (AS HYCLATE),وبراکیم,کپسول,100 mg,خوراکی 
INSULIN DEGLUDEC / INSULIN ASPART,رایزودگ فلکس پن,محلول,70 [iU]/30 [iU]/1mL 3 [iU],تزریقی پرنترال
MYCOPHENOLATE MOFETIL,سلسپت,پودر,1 g/5mL 110 g,برای تهیه سوسپانسیون خوراکی
OSIMERTINIB (AS MESYLATE),مرتیسو,قرص,40 mg,خوراکی 
METHOCARBAMOL,متوکاربامول,قرص,500 mg,خوراکی 
MACITENTAN,لیراتان,قرص,10 mg,خوراکی 
TEMOCILLIN SODIUM,نگابان,پودر,1 g g,برای تهیه محلول تزریقی پرنترال
ANTIHEMORRHOID,آنتی هموروئید,پماد,50 mg/2.75 mg/35 mg/180 mg/1g 15 g,مقعدی 
PREGABALIN,ژینکس,کپسول,100 mg,خوراکی 
TEICOPLANIN,تیکوپلانین,پودر,400 mg mg,برای تهیه محلول تزریقی پرنترال
IBUPROFEN,ایبوفین,کپسول,400 mg,حاوی مایع خوراکی
SITAGLIPTIN (AS PHOSPHATE) / METFORMIN HYDROCHLORIDE,گلیبرا,قرص,50 mg/500 mg,خوراکی 
ACETAMINOPHEN,استامین,قرص,325 mg,خوراکی 
MONTELUKAST (AS SODIUM),مونته لوکاست-حکیم,قرص,10 mg,خوراکی 
PROGESTERONE,فموژکس-آی اچ,تزریقی,50 mg/1mL 1 mL,پرنترال 
FENTANYL (AS CITRATE),فنیجکت,تزریقی,50 ug/1mL 10 mL,پرنترال 
ACETAMINOPHEN / CAFFEINE / CODEINE PHOSPHATE,زاگرو-پین,قرص,300 mg/15 mg/15 mg,خوراکی 
FLUDROCORTISONE ACETATE,فولدوریکس,قرص,0.1 mg,خوراکی 
AMLODIPINE (AS BESILATE),آنژیوواسک,قرص,5 mg,خوراکی 
FERRIC CARBOXYMALTOSE,ردوکسیفر,تزریقی,50 mg/1mL 10 mL,پرنترال 
SULFASALAZINE,سالاس,قرص,500 mg,خوراکی 
LIPID INFUSION 10% (2),اینترالیپید 10%,محلول,100 mg/22 mg/12 mg/1mL 500 mL,تزریقی داخل وریدی
TEMOZOLOMIDE,تمودال,پودر,100 mg mg,لئوفیلیزه برای تهیه محلول تزریقی داخل وریدی
TELMISARTAN,میکاردیمد,قرص,20 mg,خوراکی 
NITROFURAZONE,نیتروفورازون-ناژو,کرم,0.2 % 30 g,موضعی 
FLUOXETINE (AS HYDROCHLORIDE),فلوکساوا,کپسول,20 mg,خوراکی 
CICLOSPORIN,کانیمونه ام ای,کپسول,25 mg,حاوی مایع خوراکی
CARBAMAZEPINE,تگاتارد,قرص,400 mg,پیوسته رهش خوراکی
BISMUTH SUBCITRATE EQU. TO BISMUTH OXIDE,بیسامین,قرص,120 mg,خوراکی 
PAMIDRONATE DISODIUM,پامیدیا,محلول,9 mg/1mL 10 mL,غلیظ تزریقی پرنترال
VITAMIN B6,ویبسیکس,تزریقی,100 mg/1mL 3 mL,پرنترال 
LIDOCAINE HYDROCHLORIDE,لیدوکائین,تزریقی,2 % 5 mL,پرنترال 
ANTIHISTAMINE DECONGESTANT (2),هیستاپرل,کپسول,4 mg/10 mg,حاوی مایع خوراکی
ACETAMINOPHEN / CAFFEINE / IBUPROFEN,تیدی فن,کپسول,325 mg/40 mg/200 mg,خوراکی 
EZETIMIBE / ROSUVASTATIN (AS CALCIUM),ازستاتین,قرص,10 mg/20 mg,خوراکی 
MEBEVERINE HYDROCHLORIDE,مبورین,کپسول,200 mg,پیوسته رهش خوراکی
RIVASTIGMINE (AS HYDROGEN TARTRATE),ریواستیگمین,کپسول,4.5 mg,خوراکی 
AZELASTINE HYDROCHLORIDE / FLUTICASONE PROPIONATE,آزمیکس- اف,اسپری,137 ug/50 ug/1 {Puff} 120 mL,با دوز اندازه گیری شده از راه بینی
TACROLIMUS,ساپروتاک,محلول,5 mg/1mL mg,غلیظ تزریقی پرنترال
DICLOFENAC DIETHYLAMMONIUM,دیکلوفناک- ناژو,ژل,1 % 60 g,موضعی 
ESOMEPRAZOLE,اس امپرازول,,40 mg,کپسول انتریک کوتد خوراکی
DESMOPRESSIN ACETATE,دسموپرسین,اسپری,100 ug/1mL 5 mL,از راه بینی
BIPERIDEN LACTATE,آکینیدیک,تزریقی,5 mg/1mL mL,پرنترال 
ACETAMINOPHEN / OXYCODONE HYDROCHLORIDE,لنیتون پلاس,قرص,325 mg/10 mg,خوراکی 
APIXABAN,اپینکسا,قرص,5 mg,خوراکی 
DALTEPARIN SODIUM,فراگمین,تزریقی,25000 [iU]/1mL 0.2 [iU],پرنترال 
USTEKINUMAB,استلارا,محلول,90 mg/1mL 1 mg,تزریقی پرنترال
ESCITALOPRAM (AS OXALATE),اس سیتاور,قرص,10 mg,خوراکی 
ACICLOVIR,آسیکلوویر- ناژو,کرم,5 % 10 g,موضعی 
MEBEVERINE HYDROCHLORIDE,مبورین,قرص,135 mg,خوراکی 
TRAMADOL HYDROCHLORIDE,ترامادل,قرص,100 mg,پیوسته رهش خوراکی
KETOTIFEN (AS FUMARATE),برونتیف,شربت,1 mg/5mL 120 mL,خوراکی 
LACTULOSE,لاکتولوز-پاک دارو,شربت,10 g/15mL 240 mL,خوراکی 
PROPRANOLOL HYDROCHLORIDE,پرانول,قرص,40 mg,خوراکی 
DICLOFENAC SODIUM,بایوفناک,"محلول،",0.1 % 5 mL,قطره چشمی
CIPROFLOXACIN (AS HYDROCHLORIDE),سیپروفلوکساسین-ثنامد,قرص,500 mg,خوراکی 
ELTROMBOPAG (AS OLAMINE),تیپی اورال,قرص,25 mg,خوراکی 
MINOCYCLINE (AS HYDROCHLORIDE),میندروکس,کپسول,50 mg,خوراکی 
ALUMINIUM HYDROXIDE / MAGNESIUM HYDROXIDE,آلومینیوم/منیزیم-نیکسادا,سوسپانسیون,225 mg/200 mg/5 mL 240 mL,خوراکی 
METFORMIN HYDROCHLORIDE,متفورمین هگزال,قرص,1000 mg,خوراکی 
MELPHALAN (AS HYDROCHLORIDE),ملفالان,پودر,50 mg mg,برای تهیه محلول تزریقی پرنترال
ARIPIPRAZOLE,آریپیپرازول,قرص,10 mg,خوراکی 
PIROXICAM,لوپیروکس,تزریقی,20 mg/1mL mg,پرنترال 
NITROGLYCERIN,نیترال,تزریقی,5 mg/1mL 2 mL,پرنترال 
FAMOTIDINE,فاموتیدین,پودر,40 mg/5mL 100 g,برای تهیه سوسپانسیون خوراکی
AMLODIPINE (AS BESILATE) / BISOPROLOL FUMARATE,سلویکورد,قرص,5 mg/5 mg,خوراکی 
METRONIDAZOLE,مترونیدازول,قرص,250 mg,خوراکی 
NAPROXEN,ناپروکسن-ناژو,قرص,500 mg,انتریک کوتد خوراکی
MONTELUKAST (AS SODIUM),مونته کیم,قرص,10 mg,خوراکی 
FUROSEMIDE,فوروزماید,قرص,40 mg,خوراکی 
DIMETHYL FUMARATE,میلوبایوکس,کپسول,240 mg,انتریک کوتد خوراکی
VONOPRAZAN (AS FUMARATE),وپرازان,قرص,20 mg,خوراکی 
SODIUM CHLORIDE,سدیم کلراید,محلول,0.9 % 500 mL,تزریقی پرنترال
RISPERIDONE,ریسپریدون,قرص,4 mg,خوراکی 
IFOSFAMIDE,آیفو-سل,محلول,40 mg/1mL 25 mg,تزریقی پرنترال
CYTARABINE,سایتو,محلول,50 mg/1mL 20 mg,تزریقی پرنترال
TRANEXAMIC ACID,ترانگزامیک اسید,کپسول,250 mg,خوراکی 
POVIDONE IODINE,تولیدین,محلول,10 % 250 mL,موضعی 
DEFERASIROX,دفرازیت,قرص,360 mg,خوراکی 
GADOTERATE MEGLUMINE,دوتاسکن,تزریقی,376.9 mg/1mL 15 mL,پرنترال 
INDAPAMIDE,راندوترا,قرص,1.5 mg,پیوسته رهش خوراکی
CETIRIZINE HYDROCHLORIDE,ستیریزین,,10 mg,قرص خوراکی
QUETIAPINE (AS FUMARATE),سایکوئل,قرص,25 mg,خوراکی 
INDOMETHACIN,ایندومتاسین-ناژو,شیاف,50 mg g,مقعدی 
DICLOFENAC SODIUM,دیکلوفناک-جالینوس,قرص,50 mg,انتریک کوتد خوراکی
VITAMIN B COMPLEX,بویکام,تزریقی,5 mg/2 mg/2 mg/3 mg/20 mg/1mL 2 mL,پرنترال 
PALBOCICLIB,پالبوبرست,کپسول,100 mg,خوراکی 
LACTULOSE,لاکتولوز,شربت,10 g/15mL 250 mL,خوراکی 
IBUPROFEN / FAMOTIDINE,فامیپروفن,قرص,800 mg/26.6 mg,خوراکی 
FAMOTIDINE,مداتیدین,قرص,20 mg,خوراکی 
POVIDONE IODINE,پوویدون آیداین- دارو درمان,محلول,10 % 60 mL,موضعی 
INDOMETHACIN,ایندومتاسین بهسا,شیاف,50 mg,مقعدی 
DOMPERIDONE,دمپریگان,سوسپانسیون,1 mg/1 mL 120 mL,خوراکی 
REPAGLINIDE,رپاگلیناید,قرص,1 mg,خوراکی 
TRIAMCINOLONE ACETONIDE,کورت مِل,تزریقی,40 mg/1mL 1 mg,پرنترال 
MOMETASONE FUROATE,مومتومکس,"اسپری،",0.05 % 20 mL,سوسپانسیون از راه بینی
PEDIATRIC GRIPPE,پدیزان,شربت,0.67 mg/10 mg/5mL 120 mL,خوراکی 
CHORIONIC GONADOTROPHIN (HUMAN),کارما-اچ سی جی,پودر,5000 [iU] [iU],برای تهیه محلول تزریقی پرنترال
LEVODOPA / CARBIDOPA / ENTACAPONE,اکسریکال,قرص,50 mg/12.5 mg/200 mg,خوراکی 
THEOPHYLLINE,برنکورتارد,قرص,200 mg,پیوسته رهش خوراکی
BETAMETHASONE (AS VALERATE),بتاکورتال,پماد,0.1 % 15 g,موضعی 
RISPERIDONE,ریسبریکس,قرص,1 mg,خوراکی 
IOHEXOL,امنی پک,تزریقی,240 mg/1mL 50 mL,پرنترال 
CITALOPRAM,بایوکسال,قرص,20 mg,خوراکی 
BROMHEXINE HYDROCHLORIDE,موکولین,قرص,8 mg,خوراکی 
BETAMETHASONE (AS VALERATE),بتامتازون,پماد,0.1 % 15 g,موضعی 
POVIDONE IODINE,بهسادین,محلول,10 % 250 mL,موضعی 
ADULT COLD PREPARATIONS (1-3),ژلوفن-سینوس,کپسول,200 mg/5 mg,حاوی مایع خوراکی
VITAMIN D3,د-ویتین,کپسول,50000 [iU],حاوی مایع خوراکی
EMPAGLIFLOZIN / LINAGLIPTIN,آوانو,قرص,10 mg/5 mg,خوراکی 
METOPROLOL TARTRATE,متوپرولول تارترات,قرص,50 mg,خوراکی 
SACUBITRIL / VALSARTAN,زیوالس,قرص,49 mg/51 mg,خوراکی 
SODIUM BENZOATE,سدیم بنزوات,تزریقی,200 mg/1mL 10 mg,پرنترال 
LINAGLIPTIN,لناکیم,قرص,5 mg,خوراکی 
GLIBENCLAMIDE,گلی بنکلامید-حکیم,قرص,5 mg,خوراکی 
METFORMIN HYDROCHLORIDE / LINAGLIPTIN,ملیجنت-ام,قرص,500 mg/2.5 mg,خوراکی 
ABIRATERONE ACETATE,ابیراترون استات,قرص,250 mg,خوراکی 
LORATADINE,لوراتادین,قرص,10 mg,خوراکی 
LEVETIRACETAM,لویستام,محلول,100 mg/1 mL 120 mL,خوراکی 
AMLODIPINE (AS BESILATE),آملودیپین آریا,قرص,5 mg,خوراکی 
DESLORATADINE,دس لوراتادین,شربت,2.5 mg/5 mL 120 mg,خوراکی 
CLINDAMYCIN (AS PHOSPHATE),دالازان,کرم,2 % 40 g,واژینال 
MYCOPHENOLATE MOFETIL,سوپریمون,قرص,500 mg,خوراکی 
HYDRALAZINE HYDROCHLORIDE,هیدرالازین,محلول,20 mg 1 mg,غلیظ تزریقی پرنترال
DONEPEZIL HYDROCHLORIDE,یاسنال,قرص,5 mg,خوراکی 
ALENDRONATE (AS SODIUM),فوزاکتو,قرص,70 mg,جوشان خوراکی
TADALAFIL,تادالافیل,قرص,2.5 mg,خوراکی 
LISDEXAMFETAMINE MESILATE,ویاس,کپسول,20 mg,خوراکی 
KETOCONAZOLE,اسکیزول,شامپو,2 % 100 mL,موضعی 
CARVEDILOL,کارودیلول-شفا,قرص,6.25 mg,خوراکی 
PRIMIDONE,لیسکانتین,سوسپانسیون,125 mg/5mL 250 mL,خوراکی 
INSULIN BIPHASIC LISPRO 25/75,هومالوگ میکس 25,سوسپانسیون,100 [iU]/1mL 3 mL,تزریقی پرنترال
MENOTROPINS,کارما-اچ ام جی,پودر,75 [iU]/75 [iU] [iU],لئوفیلیزه برای تهیه محلول تزریقی پرنترال
FLUTICASONE PROPIONATE,فلوتیکومکس,اسپری,50 ug/1{Puff} 200 mL,از راه بینی
ENZALUTAMIDE,تنزالا,قرص,80 mg,خوراکی 
BUDESONIDE / FORMOTEROL FUMARATE,روهیلر روکورت (با دستگاه ),کپسول,320 ug/9 ug,استنشاقی 
ESOMEPRAZOLE (AS MAGNESIUM),کیموبلاک,گرانول,5 mg g,انتریک کوتد خوراکی
AMLODIPINE (AS BESILATE),آملودیپین,قرص,5 mg,خوراکی 
SACUBITRIL / VALSARTAN,انترسکور,قرص,49 mg/51 mg,خوراکی 
PREGABALIN,پرگاسول,کپسول,100 mg,خوراکی 
PANITUMUMAB,وکتیبیکس,محلول,20 mg/1mL 5 mg,غلیظ تزریقی پرنترال
BISOPROLOL FUMARATE,بیزوپکس,قرص,5 mg,خوراکی 
CEFAZOLIN,سفازولین,پودر,1 g g,برای تهیه محلول تزریقی پرنترال
AFLIBERCEPT,تیالیا,تزریقی,40 mg/1mL 0.1 mg,پرنترال 
EMPAGLIFLOZIN,جاردیپا,قرص,25 mg,خوراکی 
METHADONE HYDROCHLORIDE,متادون,محلول,25 mg/5 mL 250 mL,خوراکی 
BUPROPION HYDROCHLORIDE,اسموپیون,قرص,75 mg,خوراکی 
MESALAZINE,مزالوور,کپسول,500 mg,پیوسته رهش خوراکی
CEFAZOLIN,سفازولین-اکسیر,پودر,500 mg mg,برای تهیه محلول تزریقی پرنترال
PREGABALIN,نوریکا,کپسول,150 mg,خوراکی 
FLUOXETINE (AS HYDROCHLORIDE),فلوکسیبکس,کپسول,10 mg,خوراکی 
GABAPENTIN,نوروپنتین,کپسول,100 mg,خوراکی 
RIVAROXABAN,ریواروکسابان,قرص,20 mg,خوراکی 
ASA (ACETYLSALICYLIC ACID),آساور,قرص,81 mg,انتریک کوتد خوراکی
ACETYLCYSTEINE,موکوفلوگان,پودر,600 mg g,خوراکی 
SILDENAFIL (AS CITRATE),سیلد-آپ,قرص,100 mg,خوراکی 
MEMANTINE HYDROCHLORIDE,ممانتین-حکیم,قرص,5 mg,خوراکی 
PANTOPRAZOLE (AS SODIUM SESQUIHYDRATE),پنتونیل,کپسول,40 mg,انتریک کوتد خوراکی
AMIKACIN (AS SULFATE),آمیکاسین,تزریقی,250 mg/1mL 2 mL,پرنترال 
ACETYLCYSTEINE,اسلیت,قرص,600 mg,جوشان خوراکی
RIZATRIPTAN (AS BENZOATE),ریزاتان,قرص,10 mg,خوراکی 
PALBOCICLIB,پالبورین,کپسول,125 mg,خوراکی 
CALAMINE,کالامین-عماد,,8 % 30 g,کرم موضعی
ONDANSETRON (AS HYDROCHLORIDE),ومترال,تزریقی,2 mg/1 mL 4 mL,پرنترال 
METHOCARBAMOL,روباتکس,قرص,500 mg,خوراکی 
OXYBUTYNIN HYDROCHLORIDE,اکسی بوتینین,قرص,5 mg,خوراکی 
RISPERIDONE,اویتریت,محلول,1 mg/1mL 100 mL,خوراکی 
THIOPENTAL SODIUM,تیوپنتال پن فارما,پودر,500 mg mg,برای تهیه محلول تزریقی پرنترال
IBUPROFEN (AS LYSINE),ایبایوفن-ال,قرص,400 mg,خوراکی 
ACETAMINOPHEN,استامینوفن بهسا,"محلول،",100 mg/1mL 15 mL,قطره خوراکی
THIOPENTAL SODIUM,تیوپنتال پن فارما,پودر,500 mg mg,برای تهیه محلول تزریقی پرنترال
ISOTRETINOIN,نورم اسکین,کپسول,10 mg,حاوی مایع خوراکی
FILGRASTIM,فیلگرازی,تزریقی,600 ug/1mL 0.5 ug,پرنترال 
LOSARTAN POTASSIUM / HYDROCHLOROTHIAZIDE,لوزن-اچ,قرص,50 mg/12.5 mg,خوراکی 
FINERENONE,کینرین,قرص,20 mg,خوراکی 
RISPERIDONE,ریسپردال کنستا,پودر,25 mg mg,برای تهیه سوسپانسیون تزریقی پیوسته رهش پرنترال
METOCLOPRAMIDE HYDROCHLORIDE,متوکلوپرامید,قرص,10 mg,خوراکی 
DASATINIB,داسازا,قرص,50 mg,خوراکی 
RIVAROXABAN,زاریوان,قرص,2.5 mg,خوراکی 
CLONAZEPAM,کلونازپام,قرص,2 mg,خوراکی 
ROSUVASTATIN (AS CALCIUM),رزوواستاتین,قرص,10 mg,خوراکی 
ACETAMINOPHEN,مینوفن,محلول,120 mg/5mL 60 mL,خوراکی 
TERAZOSIN,ترازوسین,قرص,5 mg,خوراکی 
ZONISAMIDE,بایوساماید,کپسول,50 mg,خوراکی 
LACOSAMIDE,یونیماید,قرص,50 mg,خوراکی 
AFLIBERCEPT,آیلیا,تزریقی,40 mg/1mL 0.1 mg,پرنترال 
VALSARTAN,والزودک,قرص,160 mg,خوراکی 
KETOTIFEN (AS FUMARATE),کتوتیفن-عبیدی,شربت,1 mg/5mL 120 mL,خوراکی 
NALIDIXIC ACID,نالیدیکسیک اسید,سوسپانسیون,300 mg/5mL 120 mm,خوراکی 
TRIPLE SULFA,تریپل سولفا-عماد,کرم,3.42 %/2.86 %/3.7 % 78 g,واژینال 
CINACALCET (AS HYDROCHLORIDE),پاراکلست,قرص,30 mg,خوراکی 
DICLOFENAC POTASSIUM,آویفناک,قرص,50 mg,خوراکی 
ASA / ATORVASTATIN (AS CALCIUM) / ENALAPRIL MALEATE / HYDROCHLOROTHIAZIDE,پلی پیل-ای,قرص,81 mg/20 mg/5 mg/12.5 mg,خوراکی 
EMPAGLIFLOZIN,جاردیپا,قرص,10 mg,خوراکی 
ISOPROTERENOL HYDROCHLORIDE,ایزولین,تزریقی,2 mg/1mL 1 mg,پرنترال 
ISOFLURANE,ایزیفران,اینهالر,100 % 250 mL,استنشاقی 
EMPAGLIFLOZIN / METFORMIN HYDROCHLORIDE,سینوریپا,قرص,12.5 mg/500 mg,خوراکی 
BETAMETHASONE LA (BETAMETHASONE AS DISODIUM PHOSPHATE / BETAMETHASONE ACETATE),بتامتازون ال آ,سوسپانسیون,3 mg/3 mg/1mL mg,تزریقی پیوسته رهش پرنترال
SODIUM BENZOATE,سدیم بنزوات,قرص,500 mg,خوراکی 
DIPHENHYDRAMINE HYDROCHLORIDE,دیفن هیدرامین,محلول,12.5 mg/5mL 60 mL,خوراکی 
IMATINIB (AS MESYLATE),ایماتینیب اکویدا,کپسول,400 mg,خوراکی 
HYOSCINE-N-BUTYL BROMIDE,هیوسین-ان-بوتیل بروماید,تزریقی,20 mg/1mL mL,پرنترال 
DEFERASIROX,تالاجید,قرص,360 mg,خوراکی 
PANTOPRAZOLE (AS SODIUM),بی‌دی‌گرد,پودر,40 mg mg,لئوفیلیزه برای تهیه محلول تزریقی پرنترال
ACETAMINOPHEN,استامینوفن,شیاف,125 mg,مقعدی 
RIVAROXABAN,زالربان,قرص,10 mg,خوراکی 
INTERFERON GAMMA-1B,گامارک,محلول,100 ug/0.5mL ug,تزریقی پرنترال
MONOBENZONE,منوبنزون-بهوزان,کرم,20 % 30 g,موضعی 
BOTULINUM A TOXIN,دیسپورت,پودر,300 [iU] [iU],لئوفیلیزه برای تهیه محلول تزریقی پرنترال
METRONIDAZOLE,متروماکس,قرص,250 mg,خوراکی 
IBUPROFEN (AS LYSINE),تدافن لیزین,قرص,400 mg,خوراکی 
CONJUGATED ESTROGENS,پریکوئین,قرص,0.625 mg,خوراکی 
DORZOLAMIDE (AS HYDROCHLORIDE),دورزولامید,"محلول،",2 % 5 mL,قطره چشمی
FLUDARABINE PHOSPHATE,داربینا,محلول,25 mg/1mL 2 mg,تزریقی پرنترال
FINERENONE,فینرنون,قرص,10 mg,خوراکی 
DICLOFENAC SODIUM,دیکلوفناک سدیم,قرص,25 mg,انتریک کوتد خوراکی
ARTIFICIAL TEARS (HYALURONATE SODIUM),آرتیپیک ادونسد,"محلول،",0.15 % 0.5 mL,قطره چشمی
ANTI-D IMMUNOGLOBULIN,روفیلاک,محلول,300 ug/2mL ug,تزریقی عضلانی
IMIPENEM / CILASTATIN,ایمی پنم/سیلاستاتین,پودر,500 mg/500 mg mg,برای تهیه محلول تزریقی پرنترال
EMPAGLIFLOZIN / METFORMIN HYDROCHLORIDE,پگلیمت,قرص,12.5 mg/1000 mg,خوراکی 
ONDANSETRON (AS HYDROCHLORIDE),توشن,تزریقی,2 mg/1 mL 2 mg,پرنترال 
TERAZOSIN,ترازوسین,قرص,2 mg,خوراکی 
PERMETHRIN,پرمترین-ناژو,شامپو,1 % 60 mL,موضعی 
OXALIPLATIN,الوگزاتین,محلول,5 mg/1mL 20 mg,غلیظ تزریقی پرنترال
VITAMIN B1 (THIAMINE),ویتامین ب1-شفا,قرص,100 mg,خوراکی 
CLOTRIMAZOLE,آفی تریمازول,کرم,1 % 50 g,واژینال 
EMPAGLIFLOZIN,امپاگلیفلوزین,قرص,10 mg,خوراکی 
CEFIXIME,سفیکسیم,پودر,100 mg/5 mL 100 mL,برای تهیه سوسپانسیون خوراکی
BISOPROLOL FUMARATE,زپرول,قرص,5 mg,خوراکی 
PIOGLITAZONE,پی توز,,15 mg,قرص خوراکی
SPIRONOLACTONE,اسپیداکتون,قرص,25 mg,خوراکی 
VALSARTAN,واساران,قرص,40 mg,خوراکی 
LATANOPROST,لاتاپروست,"محلول،",50 ug/1mL 2.5 mL,قطره چشمی
FENOFIBRATE,فنوفیبرات,کپسول,100 mg,خوراکی 
ONDANSETRON (AS HYDROCHLORIDE),انداستوور,قرص,4 mg,خوراکی 
PIOGLITAZONE,گلوتازون,قرص,15 mg,خوراکی 
PRAZOSIN,پرازوسین,قرص,5 mg,خوراکی 
ACICLOVIR,کلوویراز,سوسپانسیون,200 mg/5mL 120 mL,خوراکی 
LEVOFLOXACIN,ثاموکساسین,محلول,5 mg/1mL 100 mL,تزریقی داخل وریدی
DESMOPRESSIN ACETATE,دسمورین,اسپری,100 ug/1mL 5 mL,از راه بینی
POVIDONE IODINE,پوویدون آیداین,محلول,10 % 250 mL,موضعی 
CLOTRIMAZOLE,کلوتریمازول بهسا,کرم,2 % 20 g,واژینال 
OXCARBAZEPINE,ایکتاز,قرص,150 mg,خوراکی 
METHADONE HYDROCHLORIDE,متادون,تزریقی,5 mg/1mL 1 mL,پرنترال 
MIRTAZAPINE,تازادپ,قرص,7.5 mg,خوراکی 
NOREPINEPHRINE (AS BITARTRATE),نوراجس,محلول,1 mg/1mL 4 mL,غلیظ تزریقی پرنترال
LOSARTAN POTASSIUM,کاردیوسان,قرص,25 mg,خوراکی 
LANSOPRAZOLE,لانسوپرازول-ثنامد,کپسول,15 mg,انتریک کوتد خوراکی
CITALOPRAM,سیتالوتد,قرص,20 mg,خوراکی 
POVIDONE IODINE,پوویدون آیداین,محلول,10 % 250 mL,موضعی 
OMALIZUMAB,زولیر,محلول,150 mg/1mL 1 mg,تزریقی پرنترال
PENTOXIFYLLINE,پنتوکسی فیلین,قرص,400 mg,پیوسته رهش خوراکی
DONEPEZIL HYDROCHLORIDE,آلزاکیم,قرص,5 mg,خوراکی 
MEBEVERINE HYDROCHLORIDE,کولوفین,کپسول,200 mg,پیوسته رهش خوراکی
ERYTHROMYCIN,اریترولیدین,پماد,0.5 % 3 g,چشمی 
ACETAMINOPHEN / CODEINE PHOSPHATE,پارانوپین,قرص,300 mg/20 mg,خوراکی 
NITISINONE,نیتیزینون,کپسول,10 mg,خوراکی 
PRAMIPEXOLE (AS DIHYDROCHLORIDE),پراسول,قرص,0.18 mg,خوراکی 
LEUPRORELIN ACETATE,لوپرومر,پودر,3.75 mg,برای تهیه سوسپانسیون تزریقی پیوسته رهش پرنترال
VALSARTAN,واساران,قرص,80 mg,خوراکی 
ITRACONAZOLE,ایتراکونازول,کپسول,100 mg,خوراکی 
METFORMIN HYDROCHLORIDE,مهبامت,قرص,1000 mg,پیوسته رهش خوراکی
ALBUMIN (HUMAN),آلبورل,محلول,20 % 50 g,تزریقی پرنترال
BISOPROLOL FUMARATE,بیسوتا,قرص,10 mg,خوراکی 
RIVASTIGMINE (AS HYDROGEN TARTRATE),ریواکسون,کپسول,3 mg,خوراکی 
RIVAROXABAN,آکسابین,قرص,10 mg,خوراکی 
VALPROATE SODIUM,اپی وال,قرص,333 mg/145 mg,پیوسته رهش خوراکی
KETAMINE (AS HYDROCHLORIDE),کتامین پن فارما,تزریقی,50 mg/1mL 10 mg,پرنترال 
LIDOCAINE / PRILOCAINE,ماینولا,کرم,2.5 %/2.5 % 15 g,موضعی 
IMIGLUCERASE,سرزایم,پودر,400 [iU] mL,برای تهیه محلول تزریقی پرنترال
METHADONE HYDROCHLORIDE,متادون,قرص,5 mg,خوراکی 
METFORMIN HYDROCHLORIDE,متفورمین-شفا,قرص,500 mg,خوراکی 
AMLODIPINE (AS BESILATE) / VALSARTAN,پریلکس,قرص,5 mg/160 mg,خوراکی 
ACETYLCYSTEINE,موستیل,قرص,600 mg,جوشان خوراکی
TICAGRELOR,تیکرل,قرص,90 mg,خوراکی 
MONTELUKAST (AS SODIUM),مونته لوکاست,قرص,10 mg,خوراکی 
ASA (ACETYLSALICYLIC ACID),ریپیرین,قرص,80 mg,انتریک کوتد خوراکی
PIPERACILLIN (AS SODIUM) / TAZOBACTAM (AS SODIUM),پیپراکتام,پودر,3 g/0.375 g mg,برای تهیه محلول تزریقی پرنترال
TIOTROPIUM (AS BROMIDE),تیوتوریوا,کپسول,18 ug,استنشاقی 
ABIRATERONE ACETATE,ویوابی,قرص,250 mg,خوراکی 
MELOXICAM,ملوکاکس,قرص,15 mg,خوراکی 
ETANERCEPT,آلتبرل,محلول,25 mg/0.5mL mg,تزریقی زیر جلدی
LEVODOPA / BENSERAZIDE,لووپارکین,قرص,100 mg/25 mg,خوراکی 
CO-AMOXICLAV,کوآموکسی‌کلاو,قرص,250 mg/125 mg,خوراکی 
METHADONE HYDROCHLORIDE,متادون,قرص,5 mg,خوراکی 
ACETAMINOPHEN,استامینوفن سها,قرص,500 mg,خوراکی 
DAPOXETINE (AS HYDROCHLORIDE),داپیکو,قرص,60 mg,خوراکی 
LENALIDOMIDE,انلیدو,کپسول,15 mg,خوراکی 
HYDROCORTISONE (AS SODIUM SUCCINATE),آفاتیزون,پودر,100 mg mg,برای تهیه محلول تزریقی پرنترال
LINEZOLID,اکساتنت,قرص,600 mg,خوراکی 
PANTOPRAZOLE (AS SODIUM),زایگوسیس,پودر,40 mg mg,لئوفیلیزه برای تهیه محلول تزریقی پرنترال
MEBEVERINE HYDROCHLORIDE,مب اکتو,قرص,135 mg,خوراکی 
DICLOFENAC DIETHYLAMMONIUM,ژلیروکس,ژل,1 % 60 g,موضعی 
NYSTATIN,نیستاتین,پودر,100000 [iU]/1mL g,برای تهیه سوسپانسیون خوراکی
LEVONORGESTREL,لونژیل,قرص,750 ug,خوراکی 
VALSARTAN / HYDROCHLOROTHIAZIDE,والزودک-اچ سی تی,قرص,160 mg/25 mg,خوراکی 
IBRUTINIB,ایبرونب,قرص,420 mg,خوراکی 
METRONIDAZOLE,مترونیدازول,قرص,500 mg,واژینال 
ROSUVASTATIN (AS CALCIUM),رزوواستاتین-حکیم,قرص,10 mg,خوراکی 
NINTEDANIB ESILATE,افنیب,کپسول,150 mg,حاوی مایع خوراکی
CLOTRIMAZOLE,کانازول,محلول,1 % 20 mL,موضعی 
CEFEPIME (AS HYDROCHLORIDE),سپیماکس,پودر,1 g g,برای تهیه محلول تزریقی پرنترال
SERTRALINE (AS HYDROCHLORIDE),سرترالین هگزال,قرص,100 mg,خوراکی 
CETRORELIX,لیگزافرت,پودر,250 ug ug,برای تهیه محلول تزریقی پرنترال
FOLIC ACID,فولیک اسید,قرص,1 mg,خوراکی 
RISPERIDONE,رسپیروس,قرص,4 mg,خوراکی 
DESLORATADINE,دسلوراژین,شربت,2.5 mg/5 mL 120 mL,خوراکی 
ACETAMINOPHEN / OXYCODONE HYDROCHLORIDE,اکسینوفن,قرص,325 mg/5 mg,خوراکی 
ATORVASTATIN (AS CALCIUM),لیپیسید,قرص,40 mg,خوراکی 
AZITHROMYCIN,آزیترومایسین,قرص,250 mg,خوراکی 
CITICOLINE,سیتی کولین,تزریقی,125 mg/1mL 2 mL,پرنترال 
TOPOTECAN (AS HYDROCHLORIDE),هایکمتین,پودر,4 mg mg,لئوفیلیزه برای تهیه محلول تزریقی پرنترال
NORTRIPTYLINE (AS HYDROCHLORIDE),نورتریپتیلین,قرص,25 mg,خوراکی 
MINOXIDIL,ماینوکسیدیل-ناژو,محلول,50 mg/1mL 60 mL,موضعی 
METHYL SALICYLATE,متیسال,پماد,30 % 30 g,موضعی 
MODAFINIL,مدافینیل,قرص,200 mg,خوراکی 
EMPAGLIFLOZIN / METFORMIN HYDROCHLORIDE,سینوریپا,قرص,5 mg/1000 mg,خوراکی 
TRANEXAMIC ACID,بهگزامیک,کپسول,250 mg,خوراکی 
TEMOZOLOMIDE,براتوما,کپسول,20 mg,خوراکی 
TRIFLUOPERAZINE,فلوریکس,قرص,1 mg,خوراکی 
ABIRATERONE ACETATE,بیتروزیگا,قرص,500 mg,خوراکی 
CASPOFUNGIN ACETATE,لتوکان,پودر,70 mg mg,برای تهیه محلول تزریقی پرنترال
BISMUTH SUBCITRATE EQU. TO BISMUTH OXIDE,بیسمانتین,قرص,120 mg,خوراکی 
EPTIFIBATIDE,اپتیفیباتاید,محلول,0.75 mg/1mL 100 mg,تزریقی پرنترال
SIMETHICONE (DIMETHICONE ACTIVATED),دایمتیمکس,"سوسپانسیون،",40 mg/1mL 30 mL,قطره خوراکی
DICLOFENAC SODIUM,دیکلوفناک سدیم,کپسول,100 mg,پیوسته رهش خوراکی
ATOMOXETINE HYDROCHLORIDE,آتوبایوکس,کپسول,40 mg,خوراکی 
METFORMIN HYDROCHLORIDE,متفورسام,قرص,1000 mg,پیوسته رهش خوراکی
ESCITALOPRAM (AS OXALATE),لگزاتال,قرص,10 mg,خوراکی 
PHENOBARBITAL,فنوباربیتال,قرص,100 mg,خوراکی 
SORAFENIB (AS TOSYLATE),سورافنیب,قرص,200 mg,خوراکی 
DEXAMETHASONE (AS DISODIUM PHOSPHATE),دگزامتازون,تزریقی,4 mg/1mL 2 mg,پرنترال 
IPRATROPIUM BROMIDE,ایپرانازال,اسپری,42 ug/1{Puff} {dose},با دوز اندازه گیری شده از راه بینی
FORMOTEROL FUMARATE,رودیل,کپسول,12 ug,استنشاقی 
HEMODIALYSIS CONCENTRATED I ACIDIC,محلول همودیالیز اسیدی غلیظ یک,محلول,3710 meq/35 meq/35 meq/87.5 meq/3902.5 meq/122.5 meq/70 g 4920 mL,غلیظ همودیالیز
CLOBAZAM,کلوزام,قرص,10 mg,خوراکی 
OLANZAPINE,الانزاپین,قرص,5 mg,خوراکی 
GABAPENTIN,گاباپنتین,کپسول,100 mg,خوراکی 
SALMETEROL (AS XINAFOATE) / FLUTICASONE PROPIONATE,فلوتیکورت پلاس,آئروسل,25 ug/250 ug/1{dose} 120 {Puff},با دوز اندازه گیری شده استنشاقی
METOPROLOL TARTRATE,رومتالاک,قرص,50 mg,خوراکی 
SPIRONOLACTONE,اسپیرونولاکتون,قرص,100 mg,خوراکی 
THIOTHIXENE,تیوتیکسن,کپسول,5 mg,خوراکی 
BETAMETHASONE LA (BETAMETHASONE AS DISODIUM PHOSPHATE / BETAMETHASONE ACETATE),بتامتازون ال آ,سوسپانسیون,3 mg/3 mg/1mL mL,تزریقی پیوسته رهش پرنترال
CASPOFUNGIN ACETATE,کسپوفونژین,پودر,70 mg mg,برای تهیه محلول تزریقی پرنترال
ASA (ACETYLSALICYLIC ACID),آ اس آ,قرص,80 mg,انتریک کوتد خوراکی
TADALAFIL,تاداگرا,قرص,10 mg,خوراکی 
EMPAGLIFLOZIN,امپادیانس,قرص,25 mg,خوراکی 
LORATADINE,لوراتادین-سبحان,قرص,10 mg,خوراکی 
CYCLOPHOSPHAMIDE,اندوکسینا,محلول,200 mg/1mL 2.5,تزریقی پرنترال
AZITHROMYCIN,آزیترودر,کپسول,250 mg,خوراکی 
PIROXICAM,پیروکسی رز,تزریقی,20 mg/1mL mg,پرنترال 
CITALOPRAM,سیتالوپرام-حکیم,قرص,20 mg,خوراکی 
ERYTHROMYCIN,اریترومایسین-ناژو,محلول,2 % 60 mL,موضعی 
AMOXICILLIN,آموکسیل,پودر,250 mg/5mL 100 mL,برای تهیه سوسپانسیون خوراکی
SODIUM BICARBONATE,سدیم بیکربنات,تزریقی,8.4 % 10 mL,پرنترال 
LOSARTAN POTASSIUM,لوزاژین,قرص,25 mg,خوراکی 
PACLITAXEL,پاکلکس,تزریقی,6 mg/1mL 16.7 mg,پرنترال 
DEXAMETHASONE (AS ACETATE),فورتیدکس,قرص,40 mg,خوراکی 
PANCREATIN,کرئون,کپسول,) 25000 [iU],(پلت های انتریک کوتد خوراکی
CARBAMAZEPINE,تگرتول,قرص,400 mg,پیوسته رهش خوراکی
SUMATRIPTAN (AS SUCCINATE),سومی ترکس,قرص,50 mg,خوراکی 
IBUPROFEN,ایبوپروفن-عماد,سوسپانسیون,100 mg/5mL 120 mL,خوراکی 
SALBUTAMOL (AS SULFATE),آستالین,اسپری,100 ug/1{dose} 200 {dose},با دوز اندازه گیری شده استنشاقی
FENOFIBRATE,فنوفیبرات,کپسول,200 mg,خوراکی 
TOPIRAMATE,توپیرامات آریا,قرص,50 mg,خوراکی 
MONTELUKAST (AS SODIUM),مونته لوکاست,قرص,5 mg,جویدنی خوراکی
ACETAMINOPHEN,تایفزین,قرص,500 mg,جوشان خوراکی
LOPERAMIDE HYDROCHLORIDE,لوپرامید پاک دارو,محلول,1 mg/5mL 60 mL,خوراکی 
LITHIUM CARBONATE,پایا- لیتیوم,قرص,300 mg,خوراکی 
VITAMIN D3,ویتامین د3,کپسول,50000 [iU],حاوی مایع خوراکی
FLUCONAZOLE,فلوکونازول,قرص,100 mg,خوراکی 
CIPROFLOXACIN (AS HYDROCHLORIDE),سیپروکیم,قرص,250 mg,خوراکی 
MIDAZOLAM,زودالم,تزریقی,5 mg/1mL 3 mL,پرنترال 
FORMOTEROL FUMARATE,فورمودیل,کپسول,12 ug,استنشاقی 
EVEROLIMUS,نئوراپا,قرص,10 mg,خوراکی 
NAPHAZOLINE / ANTAZOLINE,آناپریوین,"محلول،",0.05 %/0.5 % 10 mL,قطره چشمی
BACLOFEN,باکلوفن,قرص,25 mg,خوراکی 
FAMPRIDINE,فمپیرون,قرص,10 mg,پیوسته رهش خوراکی
EXPECTORANT,اکسپکتورانت,شربت,100 mg/2 mg/30 mg/5mL 60 mL,خوراکی 
BECLOMETHASONE DIPROPIONATE,بکلیت آکواناز,اسپری,50 ug/1 {dose} 150 mL,از راه بینی
EMPAGLIFLOZIN / LINAGLIPTIN / METFORMIN HYDROCHLORIDE,گلوتریو,قرص,5 mg/2.5 mg/1000 mg,پیوسته رهش خوراکی
CICLOSPORIN,کانیمونه ام ای,کپسول,50 mg,حاوی مایع خوراکی
CLOPIDOGREL (AS BISULFATE),ساناویکس,قرص,75 mg,خوراکی 
PREGABALIN,پرگابالین,کپسول,50 mg,خوراکی 
TAMSULOSIN HYDROCHLORIDE,تامولیکس,کپسول,0.4 mg,پیوسته رهش خوراکی
AZITHROMYCIN,آزیترودر,پودر,200 mg/5mL 30 mL,برای تهیه سوسپانسیون خوراکی
CELECOXIB,سلکوکسیب-حکیم,کپسول,200 mg,خوراکی 
VONOPRAZAN (AS FUMARATE),وپرازان,قرص,10 mg,خوراکی 
BRIVARACETAM,بریزانتیس,قرص,25 mg,خوراکی 
IODIXANOL,ویزینکت,تزریقی,320 mg/1mL 50 mg,پرنترال 
LOSARTAN POTASSIUM,لوزارتان,قرص,50 mg,خوراکی 
CIPROFLOXACIN (AS HYDROCHLORIDE),سیپروکینول,قرص,250 mg,خوراکی 
METRONIDAZOLE,مترونیدازول,محلول,5 mg/1mL 100 mL,تزریقی پرنترال
URSODEOXYCHOLIC ACID,اورسوداکسی‌کولیک اسید,کپسول,300 mg,خوراکی 
MELOXICAM,روماتوبیک,قرص,7.5 mg,خوراکی 
ROSUVASTATIN (AS CALCIUM),آریستاتین,قرص,10 mg,خوراکی 
CISATRACURIUM (AS BESYLATE),سیس آتراکوریوم,تزریقی,2 mg/1mL 5 mL,پرنترال 
AZITHROMYCIN,آنی زیت,کپسول,500 mg,خوراکی 
DAPOXETINE (AS HYDROCHLORIDE),فورنیدو,قرص,30 mg,خوراکی 
BISOPROLOL FUMARATE,آرتیبت,قرص,5 mg,خوراکی 
TINIDAZOLE,تین زودکس,قرص,500 mg,خوراکی 
ACITRETIN,آسیرت,کپسول,25 mg,خوراکی 
ASA (ACETYLSALICYLIC ACID),آ اس آ-جالینوس,قرص,100 mg,جویدنی خوراکی
MEMANTINE HYDROCHLORIDE,آلزیکسا ای آر,کپسول,14 mg,پیوسته رهش خوراکی
INSULIN GLARGINE,لانسولین جی,تزریقی,100 [iU]/1mL 3 [iU],پرنترال 
LIDOCAINE HYDROCHLORIDE,لیدوکایین,تزریقی,2 % 5 mL,پرنترال 
CONTRACEPTIVE LD,اوسپت-ال دی,قرص,30 ug/0.15 mg,خوراکی 
KETOTIFEN (AS FUMARATE),کتوتیفن,قرص,1 mg,خوراکی 
PHENAZOPYRIDINE HYDROCHLORIDE,فنازوپیریدین هیدروکلراید,قرص,100 mg,خوراکی 
ADULT COLD PREPARATIONS (7-23),زکاماکس,قرص,15 mg/2 mg/5 mg/500 mg,خوراکی 
CLADRIBINE,لودریبین,محلول,1 mg/1mL 10 mg,تزریقی داخل وریدی
DILTIAZEM HYDROCHLORIDE,دیلتیازم-عماد,ژل,2 % 30 g,موضعی 
LEVOFLOXACIN,تیووکسا,قرص,750 mg,خوراکی 
GABAPENTIN,گاباپنتین-ثنامد,کپسول,300 mg,خوراکی 
CLOTRIMAZOLE,کلوتریمازول,کرم,1 % 50 g,واژینال 
ALENDRONATE (AS SODIUM),آلندرونیت,قرص,70 mg,خوراکی 
PRIMIDONE,پریمیدون,سوسپانسیون,125 mg/5mL 250 mL,خوراکی 
REPAGLINIDE,رپاگین,قرص,0.5 mg,خوراکی 
CEFALEXIN,سفالکسین-اکسیر,کپسول,500 mg,خوراکی 
AMLODIPINE (AS BESILATE) / VALSARTAN,واساران -آ,قرص,5 mg/160 mg,خوراکی 
PREGABALIN,رایپیکا,کپسول,75 mg,خوراکی 
ACETAMINOPHEN,استامینوفن-جالینوس,قرص,325 mg,خوراکی 
EPLERENONE,لپرنزو,قرص,50 mg,خوراکی 
PACLITAXEL,الوپکس,تزریقی,6 mg/1mL 25 mg,پرنترال 
DIMETHYL FUMARATE,تکفیدرا,کپسول,240 mg,انتریک کوتد خوراکی
ADAPALENE,آدالن,ژل,0.1 % 30 g,موضعی 
AMLODIPINE (AS BESILATE),نوروسک,قرص,5 mg,خوراکی 
FOSFOMYCIN (AS TROMETAMOL),برنی ادالتس,,3 g g,گرانول برای تهیه محلول خوراکی
CYCLOPHOSPHAMIDE,اندوکسان,پودر,500 mg mg,برای تهیه محلول تزریقی پرنترال
METRONIDAZOLE (AS BENZOATE),مترونیدارزول,سوسپانسیون,125 mg/5mL 120 mL,خوراکی 
SODIUM CHLORIDE,سدیم کلراید,محلول,0.45 % 500 mL,تزریقی پرنترال
EMPAGLIFLOZIN / METFORMIN HYDROCHLORIDE,سینوریپا,قرص,5 mg/500 mg,خوراکی 
THIORIDAZINE HYDROCHLORIDE,تیوریدازین,قرص,100 mg,خوراکی 
FUROSEMIDE,رزماید,تزریقی,10 mg/1mL 2 mL,داخل وریدی
ACETAMINOPHEN / CODEINE PHOSPHATE,پانافن کدئین,قرص,300 mg/20 mg,خوراکی 
ACETAMINOPHEN,استومینوزان,شیاف,325 mg,مقعدی 
PEDIATRIC GRIPPE,سرماخوردگی کودکان,شربت,0.67 mg/10 mg/5mL 60 mL,خوراکی 
EMPAGLIFLOZIN / LINAGLIPTIN,گلوز-لین,قرص,10 mg/5 mg,خوراکی 
MEMANTINE HYDROCHLORIDE,آلزیکسا ای آر,کپسول,21 mg,پیوسته رهش خوراکی
DULOXETINE,دلوکستین,کپسول,60 mg,انتریک کوتد خوراکی
MAGNESIUM HYDROXIDE,منیزیوم هیدروکساید,سوسپانسیون,8 % 240 mL,خوراکی 
L-CARNITINE,لووکارنیت,محلول,100 mg/1mL 10 mL,خوراکی 
LEVODOPA / CARBIDOPA,لوودوپا-سی جالینوس,قرص,100 mg/10 mg,خوراکی 
BUDESONIDE / FORMOTEROL FUMARATE,استریلا,کپسول,80 ug/4.5 ug,استنشاقی 
SUGAMMADEX (AS SODIUM),بریدیون,محلول,100 mg/1mL 2 mg,تزریقی پرنترال
SITAGLIPTIN (AS PHOSPHATE),گلیستا,قرص,50 mg,خوراکی 
ALUMINIUM HYDROXIDE / MAGNESIUM HYDROXIDE / SIMETHICONE,آلومینیوم ام جی اس-مینو,سوسپانسیون,225 mg/200 mg/25 mg/5mL 240 mL,خوراکی 
CYPROHEPTADINE HYDROCHLORIDE,سیپروهپتادین-الحاوی,قرص,4 mg,خوراکی 
TAMSULOSIN HYDROCHLORIDE,تامسوتک,کپسول,0.4 mg,پیوسته رهش خوراکی
LEVOTHYROXINE SODIUM,لووکسین,قرص,50 ug,خوراکی 
FAMOTIDINE,فاموسد,قرص,40 mg,خوراکی 
TICAGRELOR,تیکالیکس,قرص,90 mg,خوراکی 
PACLITAXEL,پکلی تاکسل اکویدا,تزریقی,6 mg/1mL 16.7 mg,پرنترال 
ADULT COLD PREPARATIONS (7-23),اکتوکلد,قرص,15 mg/2 mg/5 mg/500 mg,خوراکی 
ACETAMINOPHEN,استامینوفن,محلول,120 mg/5mL 60 mL,خوراکی 
GLICLAZIDE,کلازکس,قرص,80 mg,خوراکی 
TRIFLUOPERAZINE,پسینیزا,قرص,2 mg,خوراکی 
OMEPRAZOLE,مپرازون,کپسول,) 20 mg,(پلت های انتریک کوتد خوراکی
CALCIUM GLUCONATE,کلسیم گلوکونات,تزریقی,10 % 10 mL,پرنترال 
SUNITINIB (AS MALATE),باراتنت,کپسول,25 mg,خوراکی 
SULFACETAMIDE SODIUM,سلامید-آی,"محلول،",10 % 10 mL,قطره چشمی
ADULT COLD PREPARATIONS (4-3),آدالت فلو,قرص,325 mg/5 mg/2 mg,خوراکی 
VANCOMYCIN (AS HYDROCHLORIDE),ونکوماکس,پودر,500 mg mg,برای تهیه محلول تزریقی پرنترال
DACARBAZINE,دیکاربریکس,پودر,200 mg mg,برای تهیه محلول تزریقی پرنترال
PETHIDINE HYDROCHLORIDE,رلیدین,تزریقی,50 mg/1mL 1 mL,پرنترال 
BISOPROLOL FUMARATE,پروفام,قرص,2.5 mg,خوراکی 
METHYLPREDNISOLONE ACETATE,متیل پردنیزولون استات,سوسپانسیون,40 mg/1mL 1 mL,تزریقی پرنترال
ACETAMINOPHEN,استامینوفن,محلول,150 mg/1mL 6.7 mL,غلیظ تزریقی داخل وریدی
ERYTHROMYCIN,اریترومایسین پاک دارو,محلول,4 % 60 mL,موضعی 
PANTOPRAZOLE (AS SODIUM),پپتیکر,پودر,40 mg mg,لئوفیلیزه برای تهیه محلول تزریقی پرنترال
VALSARTAN,والسارتان,قرص,160 mg,خوراکی 
BROMHEXINE HYDROCHLORIDE,برم هگزین,محلول,4 mg/5mL 60 mL,خوراکی 
VITAMIN B12,سیانوویت,تزریقی,1000 ug/1mL ug,پرنترال 
CICLOSPORIN,لاکروسپورین,"محلول،",0.05 % 10 mL,قطره چشمی
BETHANECHOL CHLORIDE,بتانکول,قرص,25 mg,خوراکی 
HYDROCHLOROTHIAZIDE,هیدروکلروتیازید,قرص,25 mg,خوراکی 
POSACONAZOLE,نوکسافیل,سوسپانسیون,40 mg/1mL 105 mL,خوراکی 
RIFAMPICIN,ریفامپین-حکیم,کپسول,150 mg,خوراکی 
CO-TRIMOXAZOLE,کوتیمت سیدال,قرص,400 mg/80 mg,خوراکی 
KETOROLAC TROMETAMOL,کتورولاک,"محلول،",0.5 % 5 mL,قطره چشمی
SILVER SULFADIAZINE,فلامکسین,کرم,1 % 50 g,موضعی 
ALPRAZOLAM,سدالام,قرص,1 mg,خوراکی 
ADULT COLD PREPARATIONS (4-7),کلدکیم,قرص,500 mg/10 mg/25 mg,خوراکی 
CLINDAMYCIN (AS PHOSPHATE),داتی سین,تزریقی,150 mg/1mL 2 mL,پرنترال 
ACETAMINOPHEN / CAFFEINE / IBUPROFEN,نواپرل,کپسول,325 mg/40 mg/200 mg,حاوی مایع خوراکی
GANCICLOVIR,گانسی سدال,پودر,500 mg mg,لئوفیلیزه برای تهیه محلول تزریقی پرنترال
CLOTRIMAZOLE,کلوتریمازول,قرص,100 mg,واژینال 
CLOTRIMAZOLE,کلوتریمازول-فارما,کرم,2 % 20 g,واژینال 
BUSPIRONE HYDROCHLORIDE,بوسپانکس,قرص,5 mg,خوراکی 
PHENYLEPHRINE HYDROCHLORIDE,فنیل افرین,اسپری,0.5 % 15 mL,از راه بینی
EPLERENONE,پلرون,قرص,50 mg,خوراکی 
FINASTERIDE,فینوسکار,قرص,1 mg,خوراکی 
VITAMIN B1 / VITAMIN B6 / VITAMIN B12,بنوروویت,تزریقی,100 mg/100 mg/1000 ug/3mL mL,پرنترال 
FEXOFENADINE HYDROCHLORIDE,فکسوتد,قرص,120 mg,خوراکی 
ESCITALOPRAM (AS OXALATE),لگزوپرام,قرص,10 mg,خوراکی 
HYDROCHLOROTHIAZIDE,هیدروکلروتیازید,قرص,50 mg,خوراکی 
BISOPROLOL FUMARATE,بیزوفار,قرص,10 mg,خوراکی 
FEXOFENADINE HYDROCHLORIDE,فستوور,قرص,120 mg,خوراکی 
IMMUNE GLOBULIN,گلوبوسل وی اف,تزریقی,50 mg/1mL 100 g,داخل وریدی
CO-AMOXICLAV,کو-آموکسی کلاو,پودر,250 mg/62.5 mg/5mL 100 mL,برای تهیه سوسپانسیون خوراکی
BUDESONIDE,کورتوبودنیز-پی بی ای,اسپری,64 ug/1{dose} 120 mL,از راه بینی
MAPROTILINE HYDROCHLORIDE,ماپروتیلین,قرص,25 mg,خوراکی 
DOXYCYCLINE (AS HYCLATE),انتری داکس,کپسول,100 mg,انتریک کوتد خوراکی
ACITRETIN,آسیترتین,کپسول,25 mg,خوراکی 
CARMUSTINE,کارموستین,پودر,100 mg mg,برای تهیه محلول تزریقی پرنترال
TACROLIMUS,تاکریل,پماد,0.03 % 30 g,موضعی 
BUPROPION HYDROCHLORIDE,ولبان,قرص,150 mg,پیوسته رهش خوراکی
MANNITOL,مانیتول,محلول,20 % 500 mL,تزریقی داخل وریدی
ATORVASTATIN (AS CALCIUM),آتوکیم,قرص,20 mg,خوراکی 
PRAMIPEXOLE (AS DIHYDROCHLORIDE),پرامی پکسول نورمون,قرص,0.26 mg,پیوسته رهش خوراکی
MEXILETINE,مگزیتون,کپسول,200 mg,خوراکی 
DESLORATADINE,لورادسکو,قرص,5 mg,خوراکی 
ESOMEPRAZOLE (AS MAGNESIUM),اموزکت,کپسول,20 mg,انتریک کوتد خوراکی
TRAMADOL HYDROCHLORIDE,ترامادول,تزریقی,50 mg/1mL 1 mL,پرنترال 
PANTOPRAZOLE (AS SODIUM SESQUIHYDRATE),پنتوپرازول - ثنامد,قرص,40 mg,انتریک کوتد خوراکی
DISULFIRAM,آنتابوس,قرص,250 mg,خوراکی 
CALCIPOTRIOL,کلسیدرم,پماد,50 ug/1g 30 g,موضعی 
FULVESTRANT,فولوسترنت اور فارما,محلول,50 mg/1mL 5 mg,تزریقی پرنترال
ATORVASTATIN (AS CALCIUM),آتورواستاتین-ندا,قرص,10 mg,خوراکی 
BETAMETHASONE (AS VALERATE),بتازونیت,لوسیون,0.1 % 20 mL,موضعی 
VALPROATE SODIUM,سیمیوال,قرص,333 mg/145 mg,پیوسته رهش خوراکی
SIMETHICONE (DIMETHICONE ACTIVATED),دایمتیکون - حکیم,قرص,40 mg,جویدنی خوراکی
ZOLEDRONIC ACID,کلاستوز,محلول,5 mg/100mL mg,تزریقی پرنترال
LANSOPRAZOLE,لنسوکیم,کپسول,15 mg,انتریک کوتد خوراکی
LORATADINE,لوراتادین,شربت,5 mg/5 mL 60 mL,خوراکی 
LOSARTAN POTASSIUM,لوزارتان,قرص,50 mg,خوراکی 
CEFOTAXIME (AS SODIUM),سفوجکت,پودر,1 g g,برای تهیه محلول تزریقی پرنترال
ROSUVASTATIN (AS CALCIUM),رزوواستاتین-سبحان,قرص,40 mg,خوراکی 
DONEPEZIL HYDROCHLORIDE,یاسنال,قرص,10 mg,خوراکی 
DIMENHYDRINATE,دیمن هیدرینات,قرص,50 mg,خوراکی 
ROSUVASTATIN (AS CALCIUM),کرستوسد,قرص,10 mg,خوراکی 
ACETAMINOPHEN / CAFFEINE / IBUPROFEN,رهافن,کپسول,325 mg/40 mg/200 mg,خوراکی 
PANTOPRAZOLE (AS SODIUM SESQUIHYDRATE),پنتوسک,قرص,40 mg,انتریک کوتد خوراکی
ALLOPURINOL,آلوپورینول,قرص,100 mg,خوراکی 
AMLODIPINE (AS BESILATE) / VALSARTAN,والزومیکس,قرص,5 mg/160 mg,خوراکی 
FINGOLIMOD (AS HYDROCHLORIDE),فینگولیا,کپسول,0.5 mg,خوراکی 
VENETOCLAX,تنوکلاکس,قرص,100 mg,خوراکی 
DEXTROMETHORPHAN / PSEUDOEPHEDRINE,دکسترورامین-پی,شربت,15 mg/30 mg/5mL 60 mL,خوراکی 
PALBOCICLIB,پالبورین,کپسول,100 mg,خوراکی 
IBRUTINIB,برونیب,کپسول,140 mg,خوراکی 
AMINO ACID 5% WITH ELECTROLYTE,آمینوپلاسمال بی.براون 5% الکترولیت,محلول,500 mL,تزریقی داخل وریدی
METHYLERGONOVINE MALEATE,متیل ارگونوین,تزریقی,0.2 mg/1mL 1 mg,پرنترال 
BETAHISTINE DIHYDROCHLORIDE,بتووین,قرص,8 mg,خوراکی 
ACICLOVIR,آسیکلوویر,پودر,250 mg mg,لئوفیلیزه برای تهیه محلول تزریقی پرنترال
ADULT COLD PREPARATIONS (7-8),کلدژل-فورت,کپسول,15 mg/2 mg/5 mg/500 mg,حاوی مایع خوراکی
SODIUM CHLORIDE,رینوسالتین,اسپری,0.65 % 20 mL,از راه بینی
METHOCARBAMOL,متوکاربامول,قرص,750 mg,خوراکی 
VITAMIN B12,ویبالمین,تزریقی,1000 ug/1mL mL,پرنترال 
MENOTROPINS,منوترون,پودر,75 [iU]/75 [iU] [iU],لئوفیلیزه برای تهیه محلول تزریقی پرنترال
MELOXICAM,ملوکسیب,قرص,7.5 mg,خوراکی 
BUDESONIDE,بودزوناید,اسپری,64 ug/1{dose} 120 mL,از راه بینی
SERTRALINE (AS HYDROCHLORIDE),سرترالین,قرص,100 mg,خوراکی 
ADULT COLD PREPARATIONS (4-3),سرماخوردگی بزرگسالان,قرص,325 mg/5 mg/2 mg,خوراکی 
PHENYTOIN SODIUM,فنی توئین,کپسول,100 mg,خوراکی 
VITAMIN B COMPLEX,ویتامین ب کمپلکس,تزریقی,5 mg/2 mg/2 mg/3 mg/20 mg/1mL 2 mL,پرنترال 
CALCIPOTRIOL / BETAMETHASONE DIPROPIONATE,ناژو-بت,ژل,0.005 %/0.064 % 40 g,موضعی 
DIPHENHYDRAMINE / AMMONIUM CHLORIDE,دیفن هیدرامین کمپاند-عماد,شربت,12.5 mg/125 mg/5mL 60 mL,خوراکی 
FLUTICASONE PROPIONATE,کورتوفلو- پی بی ای,اسپری,50 ug/1{Puff} 200 mL,از راه بینی
ACETAMINOPHEN / DIPHENHYDRAMINE / PHENYLEPHRINE,کوریزان کودکان سرماخوردگی و آنفلوانزا,,160 mg/12.5 mg/2.5 mg/5mL 120 mL,شربت خوراکی
CLADRIBINE,مونکلاد,قرص,10 mg,خوراکی 
CALAMINE,بهلامین,کرم,8 % 30 g,موضعی 
FINASTERIDE,فینپشیا,قرص,1 mg,خوراکی 
INFLIXIMAB,رمیکید,پودر,100 mg mg,برای تهیه محلول تزریقی پرنترال
CONJUGATED ESTROGENS,پریکوئین,قرص,0.3 mg,خوراکی 
LEVETIRACETAM,لوسیژر,محلول,100 mg/1mL 5 mL,غلیظ تزریقی پرنترال
VITAMIN D3,ویتامین د3 - ثنامد,کپسول,50000 [iU],حاوی مایع خوراکی
LEVETIRACETAM,لوبل,قرص,500 mg,خوراکی 
EMPAGLIFLOZIN / METFORMIN HYDROCHLORIDE,امپاگلیفلوزین / متفورمین,قرص,5 mg/500 mg,خوراکی 
DICLOFENAC SODIUM,دیکلورن,تزریقی,25 mg/1mL 3 mL,پرنترال 
FAMOTIDINE,فاموتیدین - ثنامد,قرص,20 mg,خوراکی 
APREMILAST,پرمیلاتیک,قرص,30 mg,خوراکی 
NALOXONE HYDROCHLORIDE,نالوکسان تیدی,تزریقی,0.4 mg/1mL mL,پرنترال 
ACTIVATED PROTHROMBIN COMPLEX (CONCENTRATED),فیبا,پودر,500 [iU] [iU],لئوفیلیزه برای تهیه محلول تزریقی پرنترال
CHLORAMBUCIL,سلکران,قرص,2 mg,خوراکی 
INSULIN BIPHASIC ISOPHANE,لانسولین,تزریقی,70 %/30 % 10 [iU],پرنترال 
DIAZOXIDE,پروگلیسم,کپسول,100 mg,خوراکی 
ACETAMINOPHEN,استامینوفن,قرص,325 mg,خوراکی 
GABAPENTIN,گاباروکس,کپسول,300 mg,خوراکی 
MENOTROPINS,روتروپین-اچ ام جی,پودر,75 [iU]/75 [iU] [iU],لئوفیلیزه برای تهیه محلول تزریقی پرنترال
ONDANSETRON (AS HYDROCHLORIDE),اندانسترون,قرص,4 mg,خوراکی 
DESLORATADINE,نئوتادین,شربت,2.5 mg/5 mL 120 mL,خوراکی 
CLINDAMYCIN (AS PHOSPHATE),دالازان,ژل,1 % 15 g,موضعی 
BROMHEXINE HYDROCHLORIDE,برم هگزین,محلول,4 mg/5mL 60 mL,خوراکی 
CLIDINIUM / CHLORDIAZEPOXIDE,لیبرو-سی,قرص,2.5 mg/5 mg,خوراکی 
AZITHROMYCIN,آزیروسین,کپسول,250 mg,خوراکی 
BUDESONIDE,یوسناید,قرص,9 mg,پیوسته رهش خوراکی
HYDROCORTISONE ACETATE,هیدروکورتیزون-عماد,کرم,1 % 15 g,موضعی 
SITAGLIPTIN (AS PHOSPHATE),سیتاگلیپتین-حکیم,قرص,50 mg,خوراکی 
CALCIUM GLUCONATE,کلسیم گلوکونات,تزریقی,10 % 10 mL,پرنترال 
ACARBOSE,آکاربوز,قرص,100 mg,خوراکی 
HYOSCINE-N-BUTYL BROMIDE,لانیا,قرص,10 mg,خوراکی 
CELECOXIB,سلکوکسیب,کپسول,200 mg,خوراکی 
MELOXICAM,ملوکاکس,قرص,7.5 mg,خوراکی 
ACETYLCYSTEINE,زیموسیل,گرانول,100 mg mg,خوراکی 
ATORVASTATIN (AS CALCIUM),آتوکیم,قرص,40 mg,خوراکی 
TETRABENAZINE,کینبت,قرص,25 mg,خوراکی 
CARBAMAZEPINE,تگاتارد,سوسپانسیون,100 mg/5mL 250 mL,خوراکی 
DICLOFENAC SODIUM,رتافناک,قرص,100 mg,پیوسته رهش خوراکی
SILDENAFIL (AS CITRATE),ایرکتو,قرص,100 mg,خوراکی 
PROSTAGLANDIN E1 (ALPROSTADIL),پروستین وی آر,تزریقی,0.5 mg/1mL 1 ug,پرنترال 
LORATADINE,لورامنت,شربت,5 mg/5 mL 60 mL,خوراکی 
BIMATOPROST,بریتنیا,"محلول،",0.03 % 5 mL,قطره چشمی
VORICONAZOLE,وکوزیکس-آی اچ,قرص,200 mg,خوراکی 
PEDIATRIC GRIPPE,پدیزان,شربت,0.67 mg/10 mg/5mL 60 mL,خوراکی 
CO-AMOXICLAV,کو-آموکسی کلاو,قرص,500 mg/125 mg,خوراکی 
CARBOPLATIN,کربوپلات,محلول,10 mg/1mL 15 mL,غلیظ تزریقی داخل وریدی
ADULT COLD PREPARATIONS (4-7),کلد آوت فورت,قرص,500 mg/10 mg/25 mg,خوراکی 
ACETAMINOPHEN / CAFFEINE / IBUPROFEN,فارماپین,کپسول,325 mg/40 mg/200 mg,خوراکی 
ACETAMINOPHEN / CODEINE PHOSPHATE,کدامول,قرص,300 mg/20 mg,خوراکی 
"INFLUENZA VACCINE, RECOMBINANT, TETRAVALENT",فلوگارد,تزریقی,1 {dose} 0.5 mL,پرنترال 
INDAPAMIDE,اینداپامید,قرص,1.5 mg,پیوسته رهش خوراکی
TICAGRELOR,تیکاسام,قرص,90 mg,خوراکی 
CLOTRIMAZOLE,کاندیزل,کرم,1 % 50 g,واژینال 
ACETAMINOPHEN / CHLORPHENIRAMINE / DEXTROMETHORPHAN / PHENYLEPHRINE,دکستا کلد-سی,شربت,160 mg/1 mg/5 mg/2.5 mg/5mL 60 mL,خوراکی 
HYDROCORTISONE (AS SODIUM SUCCINATE),هیدروکورتیزون,پودر,100 mg mg,برای تهیه محلول تزریقی پرنترال
CLIDINIUM / CHLORDIAZEPOXIDE,کلیدینیوم - سی,قرص,2.5 mg/5 mg,خوراکی 
ACETAMINOPHEN,استامینوفن-عماد,شیاف,125 mg,مقعدی 
OXYCODONE HYDROCHLORIDE,اکسی کدون,قرص,15 mg,خوراکی 
QUETIAPINE (AS FUMARATE),سایکوئل,قرص,100 mg,خوراکی 
IOPROMIDE,اولتراویست,تزریقی,370 mg/1mL 100 mL,پرنترال 
FEXOFENADINE HYDROCHLORIDE,سد-آف,قرص,180 mg,خوراکی 
DEXTROSE / SODIUM CHLORIDE,دکستروز/سدیم کلراید,محلول,5 %/0.9 % 500 mL,تزریقی داخل وریدی
RIZATRIPTAN (AS BENZOATE),ریزاملت,قرص,10 mg,بازشونده در دهان خوراکی
SIPONIMOD,ریلاپزنت,قرص,0.25 mg,خوراکی 
PENICILLIN G PROCAINE,پنی سیلین جی پتاسیم,پودر,800000 [iU] [iU],برای تهیه فرآورده تزریقی پرنترال
AMLODIPINE (AS BESILATE),مداوسک,قرص,5 mg,خوراکی 
BORTEZOMIB,الوکید,پودر,3.5 mg mg,لئوفیلیزه برای تهیه محلول تزریقی پرنترال
ESOMEPRAZOLE (AS MAGNESIUM) / NAPROXEN,اس امپرازول / ناپروکسن,قرص,20 mg/500 mg,انتریک کوتد خوراکی
PACLITAXEL,پکلی تکسل,تزریقی,6 mg/1mL 25 mL,پرنترال 
DAPOXETINE (AS HYDROCHLORIDE),دیلی سین,قرص,30 mg,خوراکی 
ESOMEPRAZOLE,اسونکس,قرص,40 mg,انتریک کوتد خوراکی
LINEZOLID,بوکسوزاید,قرص,600 mg,خوراکی 
ESCITALOPRAM (AS OXALATE),نئوژینکس,قرص,20 mg,خوراکی 
FLUOROURACIL,فایورنا,تزریقی,50 mg/1mL 20 mg,پرنترال 
ZINC OXIDE,زینک اکساید,پماد,25 % 30 g,موضعی 
OCTREOTIDE (AS ACETATE),ساندوستاتین لار,پودر,30 mg mg,برای تهیه سوسپانسیون تزریقی پیوسته رهش پرنترال
MAGNESIUM SULFATE,منیزیم سولفات,تزریقی,50 % 50 mL,پرنترال 
BERACTANT,برکسورف,سوسپانسیون,25 mg/1mL 4 mg,تزریقی داخل تراشه ای
IBRUTINIB,بروکا,قرص,140 mg,خوراکی 
ACICLOVIR,آسیکلوویر عماد,کرم,5 % 10 g,موضعی 
PIPERACILLIN (AS SODIUM) / TAZOBACTAM (AS SODIUM),پیپراکتام,پودر,4 g/0.5 g mg,برای تهیه محلول تزریقی پرنترال
BUPRENORPHINE (AS HYDROCHLORIDE),بوپرنورفین,قرص,0.4 mg,زیرزبانی 
IOHEXOL,آیوهگزول,تزریقی,350 mg/1mL 50 mL,پرنترال 
DAPAGLIFLOZIN (AS PROPANEDIOL) / METFORMIN HYDROCHLORIDE,گلوداپلاس,قرص,5 mg/1000 mg,خوراکی 
TRAMADOL HYDROCHLORIDE,ترامادل آریا,قرص,100 mg,خوراکی 
BISACODYL,بیزاکودیل,شیاف,5 mg,مقعدی 
MESNA,مسناجک,تزریقی,100 mg/1mL 4 mL,پرنترال 
VITAMIN D3,ویتامین دی3,تزریقی,300000 [iU]/1mL mL,پرنترال 
VITAMIN B1 (THIAMINE),ویتامین ب1-ثنامد,قرص,300 mg,خوراکی 
TELMISARTAN / HYDROCHLOROTHIAZIDE,آربیکور-پلاس,قرص,80 mg/12.5 mg,خوراکی 
BISOPROLOL FUMARATE,بیزوفوماری,قرص,10 mg,خوراکی 
ACETAMINOPHEN / CAFFEINE / CODEINE PHOSPHATE,نوبلژین,قرص,300 mg/15 mg/15 mg,خوراکی 
PANTOPRAZOLE (AS SODIUM SESQUIHYDRATE),پنتوکیم,قرص,20 mg,انتریک کوتد خوراکی
EPROSARTAN (AS MESYLATE),توتن,قرص,600 mg,خوراکی 
ACETAMINOPHEN,استامینوفن-عماد,سوسپانسیون,120 mg/5mL 120 mL,خوراکی 
SELENIUM SULFIDE,سلراز,شامپو,2.5 % 150 mL,موضعی 
ALPRAZOLAM,آلپروکیم,قرص,0.5 mg,خوراکی 
CETIRIZINE HYDROCHLORIDE,آلرآف,قرص,10 mg,خوراکی 
IBRUTINIB,سبرویکا,کپسول,140 mg,خوراکی 
LEVOFLOXACIN,تاواپنو,قرص,500 mg,خوراکی 
METFORMIN HYDROCHLORIDE,گلای- وانس,قرص,1000 mg,پیوسته رهش خوراکی 
ADENOSINE,ریتموزین,تزریقی,3 mg/1mL 2 mg,پرنترال 
ESOMEPRAZOLE,نکسیفارم,کپسول,40 mg,انتریک کوتد خوراکی 
CEFALEXIN,آفالکس,کپسول,250 mg,خوراکی 
BECLOMETHASONE DIPROPIONATE,بکلکس,آئروسل,100 ug/1{dose} 200 {Puff},با دوز اندازه گیری شده استنشاقی 
CAPTOPRIL,کاپتوپریل,قرص,50 mg,خوراکی 
HYDROXYPROGESTERONE CAPROATE,فمولایف,تزریقی,250 mg/1mL 2 mg,پرنترال 
LABETALOL HYDROCHLORIDE,لابیجکت,تزریقی,5 mg/1mL 20 mL,پرنترال 
ALENDRONATE (AS SODIUM),بونروو,قرص,70 mg,جوشان خوراکی 
CONTRACEPTIVE TRIPHASIC,تری فاربه,قرص,,خوراکی 
VITAMIN B1 (THIAMINE),ویتامین ب1-جالینوس,قرص,300 mg,خوراکی 
PEDIATRIC GRIPPE,سرماخوردگی کودکان,شربت,0.67 mg/10 mg/5mL 60 mL,خوراکی 
TIZANIDINE,اسپالکس,قرص,4 mg,خوراکی 
CLOTRIMAZOLE / BETAMETHASONE (AS DIPROPIONATE),کلوتریزون,کرم,1 %/0.05 % 30 g,موضعی 
TACROLIMUS,کوگرافت,کپسول,1 mg,خوراکی 
PIRFENIDONE,دیفستور,قرص,200 mg,خوراکی 
ESCITALOPRAM (AS OXALATE),لگزاتال,قرص,20 mg,خوراکی 
VITAMIN A / VITAMIN D,ویتامین آ+د-حنان,پماد,850 [iU]/85 [iU]/1g 30 g,موضعی 
ACETAMINOPHEN,تاینوفن,قرص,500 mg,خوراکی 
SODIUM CHLORIDE,سدیم کلراید,اسپری,0.9 % 20 mL,از راه بینی
FLUDARABINE PHOSPHATE,فلوداسدال,محلول,25 mg/1mL 2 mg,تزریقی پرنترال
CIPROFLOXACIN (AS HYDROCHLORIDE),سیپروفلوکساسین,قرص,250 mg,خوراکی 
SACUBITRIL / VALSARTAN,بیتوال,قرص,97 mg/103 mg,خوراکی 
MEMANTINE HYDROCHLORIDE,آلزیکسا,قرص,10 mg,خوراکی 
DOMPERIDONE,دمپریدون-حکیم,قرص,10 mg,خوراکی 
SILDENAFIL (AS CITRATE),ویگراز,قرص,100 mg,خوراکی 
BECLOMETHASONE DIPROPIONATE / FORMOTEROL FUMARATE,فاستر,آئروسل,100 ug/6 ug/1{Puff} 120 {Puff},با دوز اندازه گیری شده استنشاقی
IBUPROFEN,ایبوپروفن,سوسپانسیون,100 mg/5mL 120 mL,خوراکی 
QUETIAPINE (AS FUMARATE),کوئتیاپین,قرص,25 mg,خوراکی 
FEXOFENADINE HYDROCHLORIDE,فکسوفنادین- ثنامد,قرص,120 mg,خوراکی 
METFORMIN HYDROCHLORIDE,زوگر,قرص,500 mg,پیوسته رهش خوراکی
TEICOPLANIN,تیکوپلانین- آرنگ,پودر,400 mg mg,برای تهیه محلول تزریقی پرنترال
CALCITRIOL,کلسیتریول,کپسول,0.25 ug,حاوی مایع خوراکی
CINNARIZINE,سینازین,قرص,25 mg,خوراکی 
ADULT COLD PREPARATIONS (1-4),فلونیکا فلو,پودر,650 mg/10 mg g,برای تهیه محلول خوراکی
TRANEXAMIC ACID,اف دی تی-ترنسیل,قرص,500 mg,خوراکی 
LOSARTAN POTASSIUM,لازارو,قرص,50 mg,خوراکی 
ACETAMINOPHEN / CHLORPHENIRAMINE / DEXTROMETHORPHAN / PHENYLEPHRINE,نوریز کاف,شربت,160 mg/1 mg/5 mg/2.5 mg/5mL 60 mL,خوراکی 
MEROPENEM,مروکسان,پودر,500 mg mg,برای تهیه محلول تزریقی پرنترال 
HYOSCINE-N-BUTYL BROMIDE,هیوسین ان بوتیل بروماید,قرص,10 mg,خوراکی 
ACETAMINOPHEN / CHLORPHENIRAMINE / DEXTROMETHORPHAN / PHENYLEPHRINE,ستادین دی-سی,شربت,160 mg/1 mg/5 mg/2.5 mg/5mL 200 mL,خوراکی 
TIMOLOL (AS MALEATE) / BRIMONIDINE TARTRATE,تیمولین-بی,"محلول،",0.5 %/0.2 % 5 mL,قطره چشمی 
AMYL NITRITE,آمیل نیتریت,اینهالر,0.3 mL 0.3 mL,استنشاقی 
HYOSCINE-N-BUTYL BROMIDE,هیوتکس,قرص,10 mg,خوراکی 
FEXOFENADINE HYDROCHLORIDE,هیسومین,قرص,120 mg,خوراکی 
"APREMILAST (10,20,30)",,,, 
MAGNESIUM HYDROXIDE,لاکسی ژل,سوسپانسیون,8 % 240 mL,خوراکی 
CINACALCET (AS HYDROCHLORIDE),سیناکلست,قرص,30 mg,خوراکی 
TRIFLUOPERAZINE,تری فلوئوپرازین,قرص,5 mg,خوراکی 
PHENOL GLYCERIN,گلیسرین فنل,"محلول،",6.4 g/93.6 g 10 mL,قطره گوشی 
IBRUTINIB,ایبرونب,قرص,280 mg,خوراکی 
DEFERASIROX,نانوجید,قرص,90 mg,خوراکی 
ESOMEPRAZOLE (AS MAGNESIUM),کیموبلاک,گرانول,10 mg g,انتریک کوتد خوراکی 
CLOBETASOL PROPIONATE,کلوبتازول-بهوزان,پماد,0.05 % 15 g,موضعی 
LEVOFLOXACIN HEMIHYDRATE,لووفلوکسازین,"محلول،",0.5 % 0.5 mL,قطره چشمی
LIRAGLUTIDE,ملیتاید,محلول,6 mg/1mL 3 mL,تزریقی پرنترال
METFORMIN HYDROCHLORIDE,متفوربت,قرص,1000 mg,خوراکی 
CYPROTERONE ACETATE,آندروستین,قرص,50 mg,خوراکی 
ESCITALOPRAM (AS OXALATE),دپروکوئیت,قرص,20 mg,خوراکی 
DEXPANTHENOL,ایپانتن,کرم,5 % 30 g,موضعی 
PRIMIDONE,پریمیوا,قرص,250 mg,خوراکی 
HALOPERIDOL,هالوپریدول,قرص,0.5 mg,خوراکی 
TRIHEXYPHENIDYL HYDROCHLORIDE,تری هگزیفنیدیل,قرص,2 mg,خوراکی 
DICLOFENAC SODIUM,دیکوتارد,قرص,100 mg,پیوسته رهش خوراکی
TACROLIMUS,ادواگرف,کپسول,0.5 mg,پیوسته رهش خوراکی
HYDRALAZINE HYDROCHLORIDE,هیدراپرس,پودر,20 mg mg,برای تهیه محلول تزریقی پرنترال
GABAPENTIN,نوروپنتین,کپسول,300 mg,خوراکی 
HYDROXYUREA,سایتودروکس,کپسول,500 mg,خوراکی 
METOCLOPRAMIDE HYDROCHLORIDE,متوکلوپرامید,قرص,10 mg,خوراکی 
TRIPLE SULFA,تریپل سولفا-ناژو,کرم,3.42 %/2.86 %/3.7 % 78 g,واژینال 
AMLODIPINE (AS BESILATE),آملودیپین سها,قرص,5 mg,خوراکی 
TOBRAMYCIN (AS SULFATE),توبرامایسین,تزریقی,50 mg/1mL 2 mg,پرنترال 
DONEPEZIL HYDROCHLORIDE / MEMANTINE HYDROCHLORIDE,تکامایند,کپسول,10 mg/28 mg,پیوسته رهش خوراکی
TACROLIMUS,ساپروتاک,کپسول,1 mg,خوراکی 
PREGABALIN,پرگابایوکس,کپسول,75 mg,خوراکی 
VASOPRESSIN,وازوپرسین,تزریقی,20 [iU]/1mL 1 [iU],پرنترال 
EPOETIN,پی دی پویتین,محلول,4000 [iU]/0.5mL [iU],تزریقی پرنترال
VITAMIN C,ویتامین سی واریو,تزریقی,100 mg/1mL 5 mL,پرنترال 
TIOTROPIUM (AS BROMIDE),تیوبروماید,کپسول,18 ug,استنشاقی 
DEXPANTHENOL,ب -پانوکس,محلول,250 mg/1mL 2 mL,تزریقی پرنترال
DEXTROMETHORPHAN / PSEUDOEPHEDRINE,دکسترومتورفان پی,شربت,15 mg/30 mg/5mL 60 mL,خوراکی 
CHLORPROMAZINE HYDROCHLORIDE,سایکوکالم,قرص,25 mg,خوراکی 
DAPOXETINE (AS HYDROCHLORIDE),داپوکستین,قرص,30 mg,خوراکی 
APIXABAN,اپیراکس,قرص,2.5 mg,خوراکی 
ONDANSETRON (AS HYDROCHLORIDE),اندانسترون,تزریقی,2 mg/1 mL 2 mg,پرنترال 
ADULT COLD PREPARATIONS (4-3),کوریزان,قرص,325 mg/5 mg/2 mg,خوراکی 
POTASSIUM CITRATE,کی- سیتب,قرص,10 meq,پیوسته رهش خوراکی
VALSARTAN / HYDROCHLOROTHIAZIDE,والزودک-اچ سی تی,قرص,160 mg/12.5 mg,خوراکی 
FOLLITROPIN ALFA,سینال اف,تزریقی,600 [iU]/1mL 0.75 [iU],پرنترال 
INTERFERON BETA-1A,ربیف,تزریقی,12000000 [iU] 0.5 ug,پرنترال 
CLOTRIMAZOLE,کلو-ژین,کرم,2 % 50 g,واژینال 
CLINDAMYCIN (AS HYDROCHLORIDE),کلیندامایسین,کپسول,150 mg,خوراکی 
SIMETHICONE (DIMETHICONE ACTIVATED),دایمتیکون,قرص,40 mg,جویدنی خوراکی
ESOMEPRAZOLE (AS MAGNESIUM),کیموبلاک,گرانول,5 mg g,انتریک کوتد خوراکی
CLINDAMYCIN (AS PHOSPHATE) / CLOTRIMAZOLE,بیوجرموسید,کرم,2 %/2 % 40 g,واژینال 
SACUBITRIL / VALSARTAN,انترسکور,قرص,24 mg/26 mg,خوراکی 
MESALAZINE,آساکول,قرص,800 mg,انتریک کوتد خوراکی
METRONIDAZOLE,مترونیدازول,ژل,0.75 % 30 g,موضعی 
GABAPENTIN,گاباپنتین,کپسول,400 mg,خوراکی 
VENETOCLAX,ونتوزا,قرص,100 mg,خوراکی 
CETUXIMAB,آراکسیا,تزریقی,5 mg/1mL 20 mg,پرنترال 
RIVAROXABAN,زالربان,قرص,15 mg,خوراکی 
DICLOFENAC SODIUM,لوفدیک,تزریقی,25 mg/1mL 3 mL,پرنترال 
DEXPANTHENOL,پانتینکس,محلول,250 mg/1mL 2 mL,تزریقی پرنترال
PEMETREXED (AS DISODIUM),آلمترا,پودر,500 mg mg,لئوفیلیزه برای تهیه محلول تزریقی پرنترال
OMEPRAZOLE,کیدیزول,پودر,20 mg g,برای تهیه سوسپانسیون خوراکی
FLUTICASONE PROPIONATE,آفیکازون,اسپری,50 ug/1{Puff} 120 mL,از راه بینی
IBUPROFEN,ایبوپروفن,ژل,5 % 50 g,موضعی 
PROPRANOLOL HYDROCHLORIDE,پروپرانولول-حکیم,قرص,10 mg,خوراکی 
PENICILLAMINE,وانا-پنی سیلامین,کپسول,250 mg,خوراکی 
MEXILETINE,مگزیل,کپسول,100 mg,خوراکی 
SODIUM TETRADECYL SULFATE,فیبرووین,تزریقی,1 % 2 mL,پرنترال 
CLINDAMYCIN (AS PHOSPHATE) / CLOTRIMAZOLE,کلیندامازول,کرم,2 %/2 % 40 g,واژینال 
IRINOTECAN HYDROCHLORIDE,ایرینوتکان هیدروکلراید,محلول,20 mg/1mL 5 mL,غلیظ تزریقی پرنترال
SACUBITRIL / VALSARTAN,والکوبیت,قرص,24 mg/26 mg,خوراکی 
CELECOXIB,سلکوکسیب,کپسول,100 mg,خوراکی 
FAMOTIDINE,فاموتیکا,محلول,10 mg/1mL 2 mL,تزریقی پرنترال
LEVODOPA / BENSERAZIDE,نوراستور,قرص,200 mg/50 mg,خوراکی 
METOCLOPRAMIDE HYDROCHLORIDE,پلامید گات,"محلول،",4 mg/1mL 15 mL,قطره خوراکی
PREGABALIN,لایرولیکس,کپسول,150 mg,خوراکی 
ARSENIC TRIOXIDE,تریسنال,تزریقی,0.1 % 10 mg,پرنترال 
OXAZEPAM,اگزازپام-حکیم,قرص,10 mg,خوراکی 
AMLODIPINE (AS BESILATE) / BISOPROLOL FUMARATE,آملودیپین/بیزوپرولول,قرص,5 mg/10 mg,خوراکی 
ROSUVASTATIN (AS CALCIUM),رزورکسین,قرص,20 mg,خوراکی 
CO-TRIMOXAZOLE,کوتریموکسازول نیکسادا,سوسپانسیون,200 mg/40 mg/5mL 100 mL,خوراکی 
MEMANTINE HYDROCHLORIDE,ممانتین,قرص,5 mg,خوراکی 
TELMISARTAN,تلمیک,قرص,40 mg,خوراکی 
ACETAMINOPHEN / OXYCODONE HYDROCHLORIDE,فاروکسیفن,قرص,325 mg/5 mg,خوراکی 
TACROLIMUS,ادواگرف,کپسول,5 mg,پیوسته رهش خوراکی
OMEPRAZOLE,امپرازول سها,کپسول,) 20 mg,(پلت های انتریک کوتد خوراکی
VITAMIN A / VITAMIN D,ویتامین آ+د,,850 [iU]/85 [iU]/1g 30 g,پماد موضعی
OMEPRAZOLE,کموزول,کپسول,) 20 mg,(پلت های انتریک کوتد خوراکی
QUETIAPINE (AS FUMARATE),سرامین,قرص,100 mg,خوراکی 
DIMETHYL FUMARATE,دیفوزل,کپسول,120 mg,انتریک کوتد خوراکی
BETAHISTINE DIHYDROCHLORIDE,بتاهیستین,قرص,8 mg,خوراکی 
NITROGLYCERIN,دروکانتین,قرص,6.4 mg,پیوسته رهش خوراکی
AZITHROMYCIN,آزیترومایسین-ثنامد,کپسول,250 mg,خوراکی 
NAPROXEN,ناپروکسن,شیاف,500 mg,مقعدی 
SODIUM CHLORIDE,سدیم کلراید,محلول,0.9 % 1000 L,تزریقی پرنترال
ONDANSETRON (AS HYDROCHLORIDE),اندانسترون,تزریقی,2 mg/1 mL 4 mL,پرنترال 
VALSARTAN,والسارتان-سبحان,قرص,80 mg,خوراکی 
DASATINIB,داسامد,قرص,70 mg,خوراکی 
ATROPINE SULFATE,آتروپین,تزریقی,0.5 mg/1mL mL,پرنترال 
RETEPLASE,میرل,پودر,10.4 [iU] mg,برای تهیه محلول تزریقی پرنترال
CLINDAMYCIN (AS PHOSPHATE),کلیندامایسین- عماد,کرم,2 % 40 g,واژینال 
TIRZEPATIDE,اسپارتینا,محلول,10 mg/0.5 mL mg,تزریقی زیر جلدی
METFORMIN HYDROCHLORIDE,متفوربت,قرص,500 mg,خوراکی 
METFORMIN HYDROCHLORIDE,رومتزا,قرص,500 mg,خوراکی 
PEMBROLIZUMAB,کیترودا,محلول,25 mg/1mL 4 mg,تزریقی پرنترال
IBUPROFEN / METHOCARBAMOL,ایبوتاکفن,قرص,200 mg/500 mg,خوراکی 
METOPROLOL SUCCINATE,متوپرولول سوکسینات,قرص,47.5 mg,پیوسته رهش خوراکی
INDAPAMIDE,ناتاماید,قرص,1.5 mg,پیوسته رهش خوراکی
FAMOTIDINE,پپسومید,پودر,40 mg/5mL 50 mL,برای تهیه سوسپانسیون خوراکی
OMEPRAZOLE,پایلوزک,کپسول,) 20 mg,(پلت های انتریک کوتد خوراکی
AMLODIPINE (AS BESILATE),آملودیپین-شفا,قرص,5 mg,خوراکی 
LOSARTAN POTASSIUM,لوزکسیر,قرص,50 mg,خوراکی 
ASA (ACETYLSALICYLIC ACID),وناپرین,قرص,81 mg,انتریک کوتد خوراکی
AMOXICILLIN,فاراموکس بی دی,پودر,200 mg/5 mL 70 mL,برای تهیه سوسپانسیون خوراکی
ERGOTAMINE TARTRATE / CAFFEINE,ارگوتامین-سی,قرص,1 mg/100 mg,خوراکی 
RISPERIDONE,رسپیروز,قرص,1 mg,خوراکی 
PHENYLEPHRINE HYDROCHLORIDE,نئوفرین,"محلول،",5 % 10 mL,قطره چشمی
ACETAMINOPHEN,روزافن,قرص,500 mg,خوراکی 
CEFTRIAXONE (AS SODIUM),سفتراکس,پودر,500 mg mg,برای تهیه محلول تزریقی پرنترال
METRONIDAZOLE,متروواژ,ژل,0.75 % 70 g,واژینال 
ESCITALOPRAM (AS OXALATE),لگزوپرام,قرص,20 mg,خوراکی 
DABIGATRAN ETEXILATE (AS MESYLATE),مت-بیگ,کپسول,110 mg,خوراکی 
BEVACIZUMAB,استیوانت,محلول,25 mg/1mL 4 mg,غلیظ تزریقی پرنترال
ACETAMINOPHEN,استامینوفن,شیاف,75 mg,مقعدی 
ENALAPRIL MALEATE,انالاپریل,قرص,20 mg,خوراکی 
PHENYLEPHRINE HYDROCHLORIDE,نازوفرین,"محلول،",0.5 % 10 mL,قطره از راه بینی
CHLORPROMAZINE HYDROCHLORIDE,سایکوکالم,قرص,100 mg,خوراکی 
ONDANSETRON (AS HYDROCHLORIDE),واریسترون,تزریقی,2 mg/1 mL 2 mL,پرنترال 
EPIRUBICIN HYDROCHLORIDE,اپی روبیسین,محلول,2 mg/1mL 25 mg,غلیظ تزریقی پرنترال
BETAMETHASONE LA (BETAMETHASONE AS DISODIUM PHOSPHATE / BETAMETHASONE ACETATE),بتازون ال آ,سوسپانسیون,3 mg/3 mg/1mL mL,تزریقی پیوسته رهش پرنترال
ACETAMINOPHEN,کوریزان کودکان درد و تب,محلول,120 mg/5mL 120 mL,خوراکی 
RIVAROXABAN,ریواروکسابان,قرص,10 mg,خوراکی 
ACETAMINOPHEN,آمیفن,قرص,160 mg,بازشونده در دهان خوراکی
PETHIDINE HYDROCHLORIDE,پتیدین,تزریقی,50 mg/1mL 2 mL,پرنترال 
CINACALCET (AS HYDROCHLORIDE),سیناکلست نورمون,قرص,30 mg,خوراکی 
SIMETHICONE (DIMETHICONE ACTIVATED),دای کولیک گات,"سوسپانسیون،",40 mg/1mL 30 mL,قطره خوراکی
ITRACONAZOLE,ایترامدازول,کپسول,100 mg,خوراکی 
SODIUM CHLORIDE,ناتریسالت,پماد,5 % 5 g,چشمی 
VONOPRAZAN (AS FUMARATE),فورایز,قرص,20 mg,خوراکی 
AZITHROMYCIN,زیمکسیر,قرص,500 mg,خوراکی 
SOLIFENACIN SUCCINATE,وزی سولین,قرص,10 mg,خوراکی 
METFORMIN HYDROCHLORIDE,متلین,قرص,500 mg,خوراکی 
LAMOTRIGINE,لاموتریژین,قرص,100 mg,خوراکی 
VALPROATE SODIUM,رهاکین,قرص,333 mg/145 mg,پیوسته رهش خوراکی
PREGABALIN,پرلینکا,کپسول,100 mg,خوراکی 
GLICLAZIDE,گلی کلازید آریا,قرص,80 mg,خوراکی 
PERITONEAL DIALYSIS I,دیالیز صفاقی I,محلول,13.62 g/132 meq/3.5 meq/1.5 meq/35 meq/102 meq/1000 mL 5 L,داخل صفاقی
RIVAROXABAN,زالربان,قرص,10 mg,خوراکی 
RITUXIMAB,مبترا,تزریقی,10 mg/1mL 50 mg,پرنترال 
NAPROXEN,ناپروکسن-ناژو,قرص,500 mg,انتریک کوتد خوراکی
METHYLPHENIDATE HYDROCHLORIDE,متیل فنیدات ساندوز,قرص,36 mg,پیوسته رهش خوراکی
TETRACYCLINE HYDROCHLORIDE,آئروتکس,پماد,3 % 15 g,موضعی 
LIDOCAINE HYDROCHLORIDE,لیدوکائین,محلول,2 % 50 mL,تزریقی پرنترال
OMEPRAZOLE,پریزل گات,کپسول,) 20 mg,(پلت های انتریک کوتد خوراکی
"INFLUENZA VACCINE, INACTIVATED, TRIVALENT",واکسی گریپ تری والان,تزریقی,1 {dose} mL,پرنترال 
SODIUM CHLORIDE,پرولاین,محلول,0.9 % 500 mL,تزریقی پرنترال
CAPECITABINE,زلودا,قرص,500 mg,خوراکی 
MIRTAZAPINE,زامرون,قرص,45 mg,خوراکی 
AMPHOTERICIN B LIPOSOME,گوفیسام,پودر,50 mg mg,برای تهیه محلول تزریقی پرنترال
CLOPIDOGREL (AS BISULFATE),اسویکس,قرص,75 mg,خوراکی 
APIXABAN,زابانو,قرص,5 mg,خوراکی 
MIGLUSTAT,زوسکا,کپسول,100 mg,خوراکی 
CLOBETASOL PROPIONATE,کلوبتازول-ناژو,لوسیون,0.05 % 30 mL,موضعی 
LINAGLIPTIN,دیاجنیکس,قرص,5 mg,خوراکی 
ELTROMBOPAG (AS OLAMINE),آرولید,قرص,50 mg,خوراکی 
INSULIN ISOPHANE,لانسولین ان,تزریقی,100 [iU]/1mL 10 [iU],پرنترال 
ISOSORBIDE MONONITRATE,مونونیترال,کپسول,50 mg,پیوسته رهش خوراکی
PHENYLEPHRINE HYDROCHLORIDE,افونیکس,اسپری,0.5 % 15 mL,از راه بینی
HYDROXYZINE HYDROCHLORIDE,هیدروکسی زین-اکسیر,شربت,10 mg/5mL 120 mL,خوراکی 
OXYCODONE HYDROCHLORIDE,فاروکسی,قرص,15 mg,خوراکی 
THIOPENTAL SODIUM,تیوپنتال پن فارما,پودر,1 g mg,برای تهیه محلول تزریقی پرنترال
DOCETAXEL,الوتر,محلول,20 mg/1mL 4 mg,تزریقی داخل وریدی
AMOXICILLIN,آموکسی سیلین,پودر,250 mg/5mL 100 mL,برای تهیه سوسپانسیون خوراکی
ROSUVASTATIN (AS CALCIUM),رزوتکس,قرص,40 mg,خوراکی 
ACETAMINOPHEN,ولوتیل,"محلول،",100 mg/1mL 15 mL,قطره خوراکی
CARBAMAZEPINE,تگرازپین,قرص,200 mg,خوراکی 
METHOTREXATE,ترگستا,محلول,25 mg/1mL 0.6 mg,تزریقی پرنترال
POVIDONE IODINE,فارمادین,محلول,10 % 3800 mL,موضعی 
BUDESONIDE,فرنولین,پودر,200 ug/1{dose} 200 {Puff},با دوز اندازه گیری شده استنشاقی
ETHINYLESTRADIOL,اتینیل استرادیول,قرص,0.05 mg,خوراکی 
SALMETEROL (AS XINAFOATE) / FLUTICASONE PROPIONATE,سروفلو,آئروسل,25 ug/125 ug/1{dose} 120 {dose},با دوز اندازه گیری شده استنشاقی
LACOSAMIDE,آرو-لاکوزامید,قرص,50 mg,خوراکی 
MEBEVERINE HYDROCHLORIDE,مبکول,قرص,135 mg,خوراکی 
ADULT COLD PREPARATIONS (4-3),سرماخوردگی بزرگسالان-شفا,قرص,325 mg/5 mg/2 mg,خوراکی 
DILTIAZEM HYDROCHLORIDE,دیلتیازم,قرص,60 mg,خوراکی 
SAPROPTERIN DIHYDROCHLORIDE,کووان,قرص,100 mg,حل شونده خوراکی
DESLORATADINE,لورکستادین,شربت,2.5 mg/5 mL 120 mL,خوراکی 
SITAGLIPTIN (AS PHOSPHATE),گلیستا,قرص,100 mg,خوراکی 
MIDAZOLAM,میدازولکس,تزریقی,5 mg/1mL 1 mL,پرنترال 
DICLOFENAC DIETHYLAMMONIUM,دیکلوفناک- ناژو,ژل,1 % 60 g,موضعی 
INTERFERON ALFA-2B,پی دی فرون,تزریقی,3000000 U 1 [iU],پرنترال 
BETAMETHASONE (AS VALERATE),بتامتازون,لوسیون,0.1 % 20 mL,موضعی 
LINEZOLID,لینزولید,محلول,2 mg/1mL 300 mL,تزریقی پرنترال
PEDIATRIC GRIPPE,کیدی گریپ,شربت,0.67 mg/10 mg/5mL 60 mL,خوراکی 
SITAGLIPTIN (AS PHOSPHATE) / METFORMIN HYDROCHLORIDE,سیگومت,قرص,50 mg/500 mg,خوراکی 
OXCARBAZEPINE,اکس کاربین,قرص,300 mg,خوراکی 
METFORMIN HYDROCHLORIDE / LINAGLIPTIN,دیپتا پلاس,قرص,1000 mg/2.5 mg,خوراکی 
ERYTHROMYCIN,اریترومایسین پاک دارو,محلول,2 % 60 mL,موضعی 
PHENOBARBITAL,فنوباربیتال,قرص,100 mg,خوراکی 
RALOXIFENE HYDROCHLORIDE,رالوکسن,قرص,60 mg,خوراکی 
ATORVASTATIN (AS CALCIUM),آتورواستاتین,قرص,80 mg,خوراکی 
IBRUTINIB,ایبروزا,کپسول,140 mg,خوراکی 
FENTANYL,فنتانیل- هگزال اس,پچ,50 ug/1h mg,از راه پوستی
POVIDONE IODINE,پارساداین,محلول,10 % 1000 mL,موضعی 
PREGABALIN,پرگابایوکس,کپسول,50 mg,خوراکی 
AZELASTINE HYDROCHLORIDE / FLUTICASONE PROPIONATE,آلرگومیست-پی بی ای,اسپری,137 ug/50 ug/1 {Puff} 120 mL,با دوز اندازه گیری شده از راه بینی
EPIRUBICIN HYDROCHLORIDE,فارموروبیسین,محلول,2 mg/1mL 25 mg,غلیظ تزریقی پرنترال
DIAZEPAM,دیازپام,قرص,5 mg,خوراکی 
CLOTRIMAZOLE / BETAMETHASONE (AS DIPROPIONATE),بتاکلوزان,کرم,1 %/0.05 % 45 g,موضعی 
ENALAPRIL MALEATE,وازو اکت,قرص,5 mg,خوراکی 
SORBITOL,سوربیتول,پودر,5 g g,خوراکی 
ACETYLCYSTEINE,اگزوموسیل,قرص,600 mg,جوشان خوراکی
GLICLAZIDE,دیابزید,قرص,30 mg,پیوسته رهش خوراکی
ANAGRELIDE HYDROCHLORIDE,آناگریمُد,کپسول,500 ug,خوراکی 
CASPOFUNGIN ACETATE,کوفاژن,پودر,50 mg mg,برای تهیه محلول تزریقی پرنترال
AMPICILLIN,آمپی ویل,پودر,250 mg mg,برای تهیه محلول تزریقی پرنترال
MONTELUKAST (AS SODIUM),اکتولوکاست,قرص,10 mg,خوراکی 
HYDROCORTISONE ACETATE,هیدروکورتیزون-عماد,پماد,1 % 15 g,موضعی 
ASA (ACETYLSALICYLIC ACID),آساپتد,قرص,80 mg,انتریک کوتد خوراکی
METRONIDAZOLE,متوژیل,قرص,500 mg,خوراکی 
OSIMERTINIB (AS MESYLATE),سیمرتا,قرص,40 mg,خوراکی 
RAMIPRIL,رامیپریل جی پی,کپسول,2.5 mg,خوراکی 
COLCHICINE,مداسین,قرص,1 mg,خوراکی 
AGOMELATINE,آگولیپ,قرص,25 mg,خوراکی 
DICLOFENAC SODIUM,دیکلوفناک,شیاف,100 mg,مقعدی 
OSELTAMIVIR (AS PHOSPHATE),مهبافلو,کپسول,30 mg,خوراکی 
TENOFOVIR ALAFENAMIDE (AS FUMARATE),وملیدای,قرص,25 mg,خوراکی 
POTASSIUM CHLORIDE CONCENTRATED,پتاسیم کلراید,محلول,2 meq/1mL 10 mL,غلیظ تزریقی داخل وریدی
EPOETIN,سیناپویتین,تزریقی,4000 [iU]/0.3mL [iU],پرنترال 
RIFAXIMIN,زیگات,قرص,200 mg,خوراکی 
OXYMETAZOLINE HYDROCHLORIDE,اکسی متازولین,اسپری,0.05 % 20 mL,از راه بینی
TRAZODONE HYDROCHLORIDE,ترازودی,قرص,50 mg,خوراکی 
TENOFOVIR ALAFENAMIDE (AS FUMARATE),ویریتاف,قرص,25 mg,خوراکی 
FEXOFENADINE HYDROCHLORIDE,آلگزافن,قرص,120 mg,خوراکی 
APREPITANT,ایمند,کپسول,125 mg,خوراکی 
BOTULINUM A TOXIN,دیستون,پودر,500 [iU] [iU],لئوفیلیزه برای تهیه محلول تزریقی پرنترال
EMPAGLIFLOZIN / METFORMIN HYDROCHLORIDE,جارینومت,قرص,5 mg/500 mg,خوراکی 
LAMIVUDINE,بایوودین,قرص,100 mg,خوراکی 
RIVAROXABAN,کلاتوور,قرص,2.5 mg,خوراکی 
TADALAFIL,تیافیل,قرص,5 mg,خوراکی 
QUETIAPINE (AS FUMARATE),بیکوئل,قرص,25 mg,خوراکی 
PAROXETINE (AS HYDROCHLORIDE),پاروکستین,قرص,20 mg,خوراکی 
ACETAMINOPHEN,پاراتل,سوسپانسیون,120 mg/5mL 120 mL,خوراکی 
GLYCERIN,گلیسیرین-ناژو,شیاف,1 g,مقعدی 
METRONIDAZOLE,متروفن,قرص,500 mg,خوراکی 
DESMOPRESSIN (AS ACETATE),دی دی ای وی پی,تزریقی,4 ug/1mL ug,پرنترال 
DEXMEDETOMIDINE (AS HYDROCHLORIDE),آرو-میدین,محلول,100 ug/1mL 2 ug,غلیظ تزریقی پرنترال
LOSARTAN POTASSIUM,لوزار,قرص,50 mg,خوراکی 
ESCITALOPRAM (AS OXALATE),اس‌سیتاور,قرص,20 mg,خوراکی 
DAPAGLIFLOZIN (AS PROPANEDIOL),گلوکسیگا,قرص,10 mg,خوراکی 
LOSARTAN POTASSIUM / HYDROCHLOROTHIAZIDE,لوکرازید,قرص,50 mg/12.5 mg,خوراکی 
CYTARABINE,آرا-سل,محلول,20 mg/1mL 5 mg,تزریقی پرنترال
ASA (ACETYLSALICYLIC ACID),آسپریمکس,قرص,80 mg,انتریک کوتد خوراکی
METFORMIN HYDROCHLORIDE / LINAGLIPTIN,آوامت,قرص,1000 mg/2.5 mg,خوراکی 
KETOTIFEN (AS FUMARATE),کتوفتالمیک,"محلول،",0.025 % 5 mL,قطره چشمی
OLANZAPINE,اولاروز,قرص,5 mg,خوراکی 
LEVOFLOXACIN,لووفکت,قرص,500 mg,خوراکی 
GENTAMICIN,جنتامایسین,تزریقی,10 mg/1mL 2 mL,پرنترال 
VALGANCICLOVIR (AS HYDROCHLORIDE),والگانسیکلوویر,قرص,450 mg,خوراکی 
ACETAMINOPHEN,پاراکید,سوسپانسیون,120 mg/5mL 120 mL,خوراکی 
ADULT COLD PREPARATIONS (5-4),پاریکسا,پودر,650 mg/20 mg/10 mg g,برای تهیه محلول خوراکی
GABAPENTIN,ریپنتین,کپسول,100 mg,خوراکی 
ALBUMIN (HUMAN),آلبومین,محلول,20 % 50 g,تزریقی پرنترال
EMPAGLIFLOZIN / LINAGLIPTIN / METFORMIN HYDROCHLORIDE,گلوتریو,قرص,12.5 mg/2.5 mg/1000 mg,پیوسته رهش خوراکی
ESOMEPRAZOLE,ازونیوم عبیدی,کپسول,40 mg,انتریک کوتد خوراکی
LIDOCAINE / HYDROCORTISONE ACETATE,لیدوکائین/هیدروکورتیزون بهسا,پماد,5 %/0.5 % 15 g,مقعدی 
EMPAGLIFLOZIN,امیفلوز,قرص,10 mg,خوراکی 
MEXILETINE,مگزیلران,کپسول,100 mg,خوراکی 
LACOSAMIDE,یونیماید,قرص,200 mg,خوراکی 
OXALIPLATIN,زوپلات,محلول,5 mg/1mL 20 mL,غلیظ تزریقی پرنترال
CLOTRIMAZOLE / BETAMETHASONE (AS DIPROPIONATE),دیپروکل,کرم,1 %/0.05 % 30 g,موضعی 
BISOPROLOL FUMARATE,پرولی زکس,قرص,2.5 mg,خوراکی 
ESOMEPRAZOLE,اس امپرازول,,20 mg,کپسول انتریک کوتد خوراکی
ACETYLCYSTEINE,استیل سیتئین,پودر,600 mg mg,خوراکی 
OXALIPLATIN,اکسالی پلاتین آکویدا,محلول,5 mg/1mL 10 mg,غلیظ تزریقی پرنترال
EMPAGLIFLOZIN / METFORMIN HYDROCHLORIDE,سینوریپا,قرص,5 mg/500 mg,خوراکی 
PROSTAGLANDIN E1 (ALPROSTADIL),جکترا,پودر,20 ug ug,برای تهیه محلول تزریقی پرنترال
VITAMIN C,ویتامین ث,تزریقی,100 mg/1mL 5 mL,پرنترال 
LANSOPRAZOLE,لانزو عبیدی,کپسول,15 mg,انتریک کوتد خوراکی
SULFASALAZINE,زوپیرین,قرص,500 mg,انتریک کوتد خوراکی
AZITHROMYCIN,آزیترودر,کپسول,500 mg,خوراکی 
PERITONEAL DIALYSIS II,دیالیز صفاقی II,,22.7 g/1025.67 meq/3.5 meq/1.5 meq/35 meq/132 meq/1000 mL 2 L,محلول داخل صفاقی
HUMAN PAPILLOMAVIRUS VACCINE (QUADRIVALENT),پاپیلوگارد4,تزریقی,0.5 mL mL,پرنترال 
AMOXICILLIN,ایراموکس,پودر,125 mg/5mL 100 mL,برای تهیه سوسپانسیون خوراکی
DICLOFENAC SODIUM,دیکوتارد,قرص,100 mg,پیوسته رهش خوراکی
DIPHENHYDRAMINE / AMMONIUM CHLORIDE,دیفاند,شربت,12.5 mg/125 mg/5mL 60 mL,خوراکی 
PREGABALIN,پرگاسول,کپسول,50 mg,خوراکی 
EMPAGLIFLOZIN / METFORMIN HYDROCHLORIDE,پگلیمت,قرص,5 mg/500 mg,خوراکی 
SEVELAMER CARBONATE,تاولامر,قرص,800 mg,خوراکی 
PERPHENAZINE,پرفنازین,قرص,2 mg,خوراکی 
ADULT COLD PREPARATIONS (7-23),کافوکلد,قرص,15 mg/2 mg/5 mg/500 mg,خوراکی 
ATOMOXETINE HYDROCHLORIDE,استراموکس,کپسول,25 mg,خوراکی 
CLINDAMYCIN (AS PHOSPHATE) / CLOTRIMAZOLE,کلیندازول,کرم,2 %/2 % 40 g,واژینال 
LACTULOSE,لاکتولوز,شربت,10 g/15mL 240 mL,خوراکی 
FINASTERIDE,فیناید,قرص,5 mg,خوراکی 
ACETAMINOPHEN,استافلش,قرص,500 mg,خوراکی 
FLUOCINOLONE ACETONIDE,فلوئوسینولون,پماد,0.025 % 15 g,موضعی 
PROPRANOLOL HYDROCHLORIDE,آمی درال,شربت,4.28 mg/1mL 60 mL,خوراکی 
EXPECTORANT CODEINE,اکسپکتورانت کدئین-خوارزمی,شربت,100 mg/30 mg/10 mg/5 mL 60 mm,خوراکی 
ONDANSETRON (AS HYDROCHLORIDE),اندانسترون پاک دارو,محلول,4 mg/5mL 60 mL,خوراکی 
HYDRALAZINE HYDROCHLORIDE,هیدرالازین,قرص,25 mg,خوراکی 
NANDROLONE DECANOATE,ناندرودک,تزریقی,25 mg/1mL mL,پرنترال 
ALBUMIN (HUMAN),آلبومین 20 % 50 م ل ویال,محلول,20 % 50,تزریقی پرنترال
MELOXICAM,ریلوکا,قرص,15 mg,خوراکی 
INDOMETHACIN,ایندیک,شیاف,100 mg,مقعدی 
PYRVINIUM,پیروی ساید,سوسپانسیون,50 mg/5mL 50 mL,خوراکی 
PEGASPARGASE,پگ ال-آسپاترو,پودر,3750 [iU] [iU],برای تهیه محلول تزریقی پرنترال
CLARITHROMYCIN,کلاریسین,پودر,250 mg/5 mL 60 mL,برای تهیه سوسپانسیون خوراکی
TRIFLUOPERAZINE,تری فلوئوپرازین,قرص,2 mg,خوراکی 
ALUMINIUM HYDROXIDE / MAGNESIUM HYDROXIDE,آلومینیوم ام جی سها,قرص,200 mg/200 mg,جویدنی خوراکی
GENTAMICIN,جنتکس,تزریقی,40 mg/1mL 2 mL,پرنترال 
ACETYLCYSTEINE,موکوسولوین,قرص,200 mg,خوراکی 
CIPROFLOXACIN (AS HYDROCHLORIDE),سیپروکینول,قرص,500 mg,خوراکی 
MEMANTINE HYDROCHLORIDE,مموکسا,قرص,5 mg,خوراکی 
CHLORPHENIRAMINE MALEATE,کلرفنیرامین,تزریقی,10 mg/1mL mL,پرنترال 
IOHEXOL,امنی پک,تزریقی,300 mg/1mL 50 mL,پرنترال 
LINEZOLID,زوویکس,قرص,600 mg,خوراکی 
TOFACITINIB (AS CITRATE),توفازا,قرص,5 mg,خوراکی 
IBUPROFEN,ایبوپین,قرص,800 mg,پیوسته رهش خوراکی
LIDOCAINE / PRILOCAINE,ماینولا,کرم,2.5 %/2.5 % 30 g,موضعی 
ALLOPURINOL,آلوپورینول,قرص,100 mg,خوراکی 
PEDIATRIC GRIPPE,سرماخوردگی کودکان نیکسادا,شربت,0.67 mg/10 mg/5mL 60 mL,خوراکی 
MIRTAZAPINE,تازادپ,قرص,30 mg,خوراکی 
LINEZOLID,زایولید,قرص,600 mg,خوراکی 
EMPAGLIFLOZIN / METFORMIN HYDROCHLORIDE,پگلیمت,قرص,12.5 mg/1000 mg,پیوسته رهش خوراکی
DEFEROXAMINE MESYLATE,فروز آف,پودر,500 mg mg,برای تهیه محلول تزریقی پرنترال
ALBUMIN (HUMAN),اومن آلبومین,محلول,20 % 50 g,تزریقی پرنترال
DIPYRIDAMOLE,دی پیریدامول,قرص,25 mg,خوراکی 
GABAPENTIN,گاباپنتین,کپسول,300 mg,خوراکی 
SUNITINIB (AS MALATE),سوتنت,کپسول,25 mg,خوراکی 
ONDANSETRON (AS HYDROCHLORIDE),اندانسترون,تزریقی,2 mg/1 mL 2 mL,پرنترال 
EZETIMIBE,ازتیکول,قرص,10 mg,خوراکی 
THIORIDAZINE HYDROCHLORIDE,تایریکس,قرص,10 mg,خوراکی 
VINORELBINE (AS TARTRATE),وینوسدال,محلول,10 mg/1mL 5 mL,غلیظ تزریقی پرنترال
TERAZOSIN,ترازوسین,قرص,2 mg,خوراکی 
IDARUBICIN HYDROCHLORIDE,زاودوز,پودر,10 mg mg,لئوفیلیزه برای تهیه محلول تزریقی پرنترال
DOCETAXEL,دسه تاکسل آکویدا,محلول,20 mg/1mL 1 mg,تزریقی داخل وریدی
ADAPALENE,آکنالن,ژل,0.1 % 30 g,موضعی 
SITAGLIPTIN (AS PHOSPHATE),سیتاگلیپتین-شفا,قرص,50 mg,خوراکی 
ISOFLURANE,ترل,اینهالر,100 % 100 mL,استنشاقی 
HYDROCORTISONE ACETATE,هیدروکورتیزون,کرم,1 % 15 g,موضعی 
OXALIPLATIN,اکسالان,محلول,5 mg/1mL 10 mL,غلیظ تزریقی پرنترال
APIXABAN,آپیکسابان-سبحان,قرص,2.5 mg,خوراکی 
EZETIMIBE,ازتیمایب-حکیم,قرص,10 mg,خوراکی 
PREGABALIN,پرگابالین,کپسول,100 mg,خوراکی 
DICLOFENAC SODIUM,دیکلوفناک سدیم,شیاف,50 mg,مقعدی 
ESCITALOPRAM (AS OXALATE),ازیپم,قرص,10 mg,خوراکی 
ACICLOVIR,آسیکلوویر,کرم,5 % 10 g,موضعی 
MYCOPHENOLATE MOFETIL,سلسپت,قرص,500 mg,خوراکی 
ALBENDAZOLE,بندکس,قرص,400 mg,جویدنی خوراکی
TACROLIMUS,ساپروتاک,کپسول,1 mg,خوراکی 
PEMETREXED (AS DISODIUM),آلمترا,پودر,500 mg mg,لئوفیلیزه برای تهیه محلول تزریقی پرنترال
MISOPROSTOL,میزپروست,قرص,200 ug,خوراکی 
PRAZOSIN,پرازوسین,قرص,1 mg,خوراکی 
FLUOXETINE (AS HYDROCHLORIDE),میراسر,قرص,20 mg,خوراکی 
FEXOFENADINE HYDROCHLORIDE,هیسومین,قرص,180 mg,خوراکی 
SALMETEROL (AS XINAFOATE) / FLUTICASONE PROPIONATE,سروفلو سیپهیلر,دیسک,50 ug/500 ug/1{dose} 60 {dose},استنشاقی 
RIVAROXABAN,زابیتا,قرص,2.5 mg,خوراکی 
ADULT COLD PREPARATIONS (7-23),گریپین,قرص,15 mg/2 mg/5 mg/500 mg,خوراکی 
CEFTIZOXIME,آفازوکس,پودر,1 g g,برای تهیه محلول تزریقی پرنترال
FLUTICASONE PROPIONATE,فلوسینوز,اسپری,50 ug/1{Puff} 200 mL,از راه بینی
PRIMIDONE,لیسمیدون,قرص,250 mg,خوراکی 
CROMOLYN SODIUM,کرومولین,اسپری,20 mg/1mL 20 mL,از راه بینی
GLICLAZIDE,گلی زیتکس,قرص,80 mg,خوراکی 
CEFALEXIN,سفالکسین,پودر,250 mg/5 mL 100 mL,برای تهیه سوسپانسیون خوراکی
SERTRALINE (AS HYDROCHLORIDE),سرمنتا,قرص,50 mg,خوراکی 
FOLIC ACID,فولیک اسید-شفا,قرص,5 mg,خوراکی 
APIXABAN,الاکوئیت,قرص,2.5 mg,خوراکی 
C1-ESTRASE INHIBITOR,سلستراز 1,پودر,500 [iU] [iU],برای تهیه محلول تزریقی پرنترال
AMANTADINE HYDROCHLORIDE,آماترل,کپسول,100 mg,خوراکی 
CEFIXIME,آفاکسیم,پودر,100 mg/5 mL 100 mg,برای تهیه سوسپانسیون خوراکی
AMIODARONE HYDROCHLORIDE,آمیوفارم,قرص,200 mg,خوراکی 
SODIUM CHLORIDE,راینوپ,اسپری,0.65 % 20 mL,از راه بینی
RANOLAZINE,رانولیز,قرص,500 mg,پیوسته رهش خوراکی
RANOLAZINE,زینارو,قرص,500 mg,پیوسته رهش خوراکی
AZITHROMYCIN,زیترومکس,پودر,200 mg/5mL 22.5 mg,برای تهیه سوسپانسیون خوراکی
BLINATUMOMAB,بلینسیتو,پودر,38.5 ug ug,برای تهیه محلول تزریقی پرنترال
DEXTROSE,دکستروز,محلول,10 % 500 mL,تزریقی داخل وریدی
BRIVARACETAM,بریواکین,قرص,25 mg,خوراکی 
PREDNISOLONE,مکسولون,قرص,5 mg,خوراکی 
ZOLPIDEM TARTRATE,زولیور,قرص,5 mg,خوراکی 
DIPHENHYDRAMINE HYDROCHLORIDE,دیفن هیدرامین هیدروکلراید,کپسول,25 mg,حاوی مایع خوراکی
DICLOFENAC SODIUM,دیکلوفناک-ناژو,شیاف,50 mg g,مقعدی 
PREGABALIN,نوریکا,کپسول,50 mg,خوراکی 
ACETAMINOPHEN,ولوتیل,محلول,120 mg/5mL 60 mL,خوراکی 
GLYCERIN,لاکساتور,شیاف,1 g,مقعدی 
LIDOCAINE / PRILOCAINE,لیکادین- پی,کرم,2.5 %/2.5 % 30 g,موضعی 
THEOPHYLLINE / GUAIFENESIN,تئوفیلین-جی,محلول,50 mg/30 mg/5mL 120 mL,خوراکی 
DULOXETINE,دلوکستین,کپسول,30 mg,انتریک کوتد خوراکی
EMPAGLIFLOZIN,امپاگلیفلوزین - حکیم,قرص,10 mg,خوراکی 
RIFAMPICIN,ریفامپین-حکیم,کپسول,300 mg,خوراکی 
LACOSAMIDE,اکتوور لاکسا,قرص,100 mg,خوراکی 
EPLERENONE,لپرنزو,قرص,25 mg,خوراکی 
TRIAMCINOLONE NN,تریامسینولون ان ان,پماد,1 mg/2.5 mg/100000 [iU]/1g 15 g,موضعی 
LEVETIRACETAM,لوکین,قرص,1000 mg,خوراکی 
ACICLOVIR,زوویدرم,کرم,5 % 15 g,موضعی 
CEFALEXIN,سفالکسین,کپسول,500 mg,خوراکی 
SODIUM TETRADECYL SULFATE,سترول,تزریقی,3 % 2 mg,پرنترال 
INSULIN ASPART,نوومیکس,سوسپانسیون,100 [iU]/1mL 3 [iU],تزریقی پرنترال
IPRATROPIUM BROMIDE,ایپرانازال,اسپری,42 ug/1{Puff} {dose},با دوز اندازه گیری شده از راه بینی
KETOCONAZOLE,کتوزانول,کرم,2 % 30 g,موضعی 
ACETAMINOPHEN / OXYCODONE HYDROCHLORIDE,لنیتون پلاس,قرص,325 mg/5 mg,خوراکی 
DORZOLAMIDE (AS HYDROCHLORIDE) / TIMOLOL (AS MALEATE),درزیم-آی,"محلول،",2 %/0.5 % 5 mL,قطره چشمی
LAMOTRIGINE,لاموژین,قرص,100 mg,خوراکی 
IPRATROPIUM BROMIDE / SALBUTAMOL (AS SULFATE),ایپرانکست,آئروسل,20 ug/100 ug 200 {dose},با دوز اندازه گیری شده استنشاقی
IMIGLUCERASE,ابسرتین,پودر,400 [iU] [iU],برای تهیه محلول تزریقی پرنترال
IMIGLUCERASE,سرزایم,پودر,400 [iU] [iU],برای تهیه محلول تزریقی پرنترال
DESMOPRESSIN (AS ACETATE),مینیرین ملت,قرص,120 ug,زیرزبانی 
IDARUBICIN HYDROCHLORIDE,ایدانترا,محلول,1 mg/1mL 10 mg,تزریقی پرنترال
ASA (ACETYLSALICYLIC ACID),تداسا,قرص,100 mg,جویدنی خوراکی
CO-AMOXICLAV,کوآموکسی-کلاو,,250 mg/62.5 mg mL,پودر برای تهیه سوسپانسیون خوراکی
DICLOFENAC SODIUM,دیکلوکیم,قرص,25 mg,انتریک کوتد خوراکی
ERYTHROMYCIN,اریترومایسین-ناژو,محلول,4 % 60 mL,موضعی 
PIOGLITAZONE,پی توز,,45 mg,قرص خوراکی
ONDANSETRON (AS HYDROCHLORIDE),اندانسترون - حکیم,قرص,4 mg,خوراکی 
ROSUVASTATIN (AS CALCIUM),لیپروز,,20 mg,قرص خوراکی
ROSUVASTATIN (AS CALCIUM),رزورکسین,قرص,40 mg,خوراکی 
METFORMIN HYDROCHLORIDE,متفورتکس,قرص,1000 mg,خوراکی 
BETAMETHASONE (AS VALERATE),بتامتازون بهسا,کرم,0.1 % 15 g,موضعی 
BISACODYL,بیزاکودیل,قرص,5 mg,انتریک کوتد خوراکی
TENOFOVIR ALAFENAMIDE (AS FUMARATE),تاف شاری,قرص,25 mg,خوراکی 
PEDIATRIC GRIPPE,کوریزان سرماخوردگی کودکان,شربت,0.67 mg/10 mg/5mL 120 mL,خوراکی 
BISOPROLOL FUMARATE,پرولی زکس,قرص,10 mg,خوراکی 
QUETIAPINE (AS FUMARATE),ترانکوپین,قرص,50 mg,پیوسته رهش خوراکی
CYPROHEPTADINE HYDROCHLORIDE,ترز امین,محلول,2 mg/5mL 60 mL,خوراکی 
METHYLPHENIDATE HYDROCHLORIDE,ریتافن,قرص,36 mg,پیوسته رهش خوراکی
TRASTUZUMAB,آریوتراست,پودر,440 mg mg,لئوفیلیزه برای تهیه محلول تزریقی پرنترال
ESTRADIOL VALERATE,استرادیول والرات,قرص,1 mg,خوراکی 
LEVOFLOXACIN,تاوانکس,قرص,500 mg,خوراکی 
DAPOXETINE (AS HYDROCHLORIDE),داپوفورس,قرص,30 mg,خوراکی 
BOSENTAN,بوسنتان,قرص,125 mg,خوراکی 
CLOTRIMAZOLE,کلوتریمازول بهسا,کرم,1 % 50 g,واژینال 
GLICLAZIDE,گلی کلازید,قرص,30 mg,پیوسته رهش خوراکی
METFORMIN HYDROCHLORIDE,متفورمین-سبحان,قرص,1000 mg,پیوسته رهش خوراکی
INSULIN ASPART,نوومیکس فلکس‌پن,سوسپانسیون,100 [iU]/1mL 3 [iU],تزریقی پرنترال
ADULT COLD PREPARATIONS (5-4),فلوسیپ کلد و کاف روز,پودر,650 mg/20 mg/10 mg g,برای تهیه محلول خوراکی
CLINDAMYCIN (AS PHOSPHATE) / CLOTRIMAZOLE,کلیندامازول,کرم,2 %/2 % 40 g,واژینال 
TENOFOVIR ALAFENAMIDE (AS FUMARATE),تنوماید,قرص,25 mg,خوراکی 
MIRTAZAPINE,تازادپ,قرص,15 mg,خوراکی 
NITROGLYCERIN,تداگلیز,قرص,2.6 mg,پیوسته رهش خوراکی
PALBOCICLIB,پالبورین,کپسول,75 mg,خوراکی 
INDAPAMIDE,ایندالکس,قرص,1.5 mg,پیوسته رهش خوراکی
HYDROCORTISONE (AS SODIUM SUCCINATE),هیدروکورتیزون,پودر,100 mg mg,برای تهیه محلول تزریقی پرنترال
IPRATROPIUM BROMIDE,ایپراترونکس-پی بی ای,اسپری,42 ug/1{Puff} mL,با دوز اندازه گیری شده از راه بینی
AZITHROMYCIN,زیتروکم,پودر,200 mg/5mL 15 mL,برای تهیه سوسپانسیون خوراکی
QUETIAPINE (AS FUMARATE),ترانکوپین,قرص,25 mg,خوراکی 
FLUCONAZOLE,فلوکونازول,قرص,100 mg,خوراکی 
MESALAZINE,مزالازین آریا,قرص,500 mg,انتریک کوتد خوراکی
LARONIDASE,هیروزایم,تزریقی,0.58 mg/1mL 5 mg,پرنترال 
AMLODIPINE (AS BESILATE) / TELMISARTAN,آربیتویین,قرص,5 mg/40 mg,خوراکی 
ONDANSETRON (AS HYDROCHLORIDE),ومترال,قرص,4 mg,خوراکی 
OMEPRAZOLE,اکسی پرازول,کپسول,) 20 mg,(پلت های انتریک کوتد خوراکی
DACARBAZINE,داکاسدال,پودر,100 mg mg,برای تهیه محلول تزریقی پرنترال
ALUMINIUM HYDROXIDE,آلومینیوم هیدروکساید,سوسپانسیون,320 mg/5mL 240 mL,خوراکی 
CO-TRIMOXAZOLE,کوتریموکسازول,قرص,400 mg/80 mg,خوراکی 
IBUPROFEN,ایبوپروفن,ژل,5 % 50 g,موضعی 
ALUMINIUM HYDROXIDE / MAGNESIUM HYDROXIDE / SIMETHICONE,آلومینیوم ام جی اس-الحاوی,قرص,200 mg/200 mg/25 mg,جویدنی خوراکی
GALANTAMINE (AS HYDROBROMIDE),گالانتامین نورمون,کپسول,8 mg,پیوسته رهش خوراکی
POTASSIUM CITRATE,یورکا,قرص,10 meq,پیوسته رهش خوراکی
SODIUM CHLORIDE,دکوسالین,اسپری,0.65 % 20 mL,از راه بینی
URSODEOXYCHOLIC ACID,کولیکری,کپسول,300 mg,خوراکی 
KETOROLAC TROMETAMOL,کتورولاک,قرص,10 mg,خوراکی 
SITAGLIPTIN (AS PHOSPHATE) / METFORMIN HYDROCHLORIDE,سیگومت,قرص,50 mg/1000 mg,خوراکی 
DEFERASIROX,دفرازیت,قرص,180 mg,خوراکی 
REMIFENTANIL (AS HYDROCHLORIDE),رمی فنتانیل داروپخش,پودر,5 mg mg,برای تهیه محلول تزریقی پرنترال
TRIPLE SULFA,تریپل سولفا بهسا,کرم,3.42 %/2.86 %/3.7 % 78 g,واژینال 
ERYTHROMYCIN,اریترومایسین-ناژو,پماد,0.5 % 3 g,چشمی 
EMICIZUMAB,هملیبرا,محلول,150 mg/1mL 1 mg,تزریقی پرنترال
QUETIAPINE (AS FUMARATE),سروتیاپین,قرص,25 mg,خوراکی 
TRIMIPRAMINE (AS MALEATE),تریمونتیل,قرص,100 mg,خوراکی 
APOMORPHINE HYDROCHLORIDE,داسپتون,تزریقی,10 mg/1mL 3 mg,پرنترال 
FLUTICASONE PROPIONATE,فلوتیکازون,اینهالر,250 ug/1{dose} 120 {Puff},استنشاقی 
GLICLAZIDE,آنی کلاز,قرص,80 mg,خوراکی 
VINCRISTINE SULFATE,وین کریستین,تزریقی,1 mg/1mL 1 mg,پرنترال 
ATORVASTATIN (AS CALCIUM),آتورواستاتین,قرص,10 mg,خوراکی 
ATORVASTATIN (AS CALCIUM),آتورواستاتین آریا,قرص,40 mg,خوراکی 
PRIMIDONE,مایسولپس,سوسپانسیون,125 mg/5mL 250 mL,خوراکی 
FEXOFENADINE HYDROCHLORIDE,کیدوفست,سوسپانسیون,30 mg/5mL 120 mL,خوراکی 
FLUOXETINE (AS HYDROCHLORIDE),سدوکستین,کپسول,10 mg,خوراکی 
FEXOFENADINE HYDROCHLORIDE,فکسوفنادین-ثنامد,قرص,60 mg,خوراکی 
VERAPAMIL HYDROCHLORIDE,وراپامیل سوفارما,تزریقی,2.5 mg/1mL 2 mg,پرنترال 
LORATADINE,لورادین,شربت,5 mg/5 mL 60 mL,خوراکی 
CLIDINIUM / CHLORDIAZEPOXIDE,کلیدینیوم-سی,قرص,2.5 mg/5 mg,خوراکی 
ONDANSETRON,انستین,قرص,4 mg,بازشونده در دهان خوراکی
ANTIHEMORRHOID,آنتی هموروئید-بهوزان,پماد,50 mg/2.75 mg/35 mg/180 mg/1g 15 g,مقعدی 
LISINOPRIL,لیزیوفا,قرص,10 mg,خوراکی 
IMMUNE GLOBULIN,اینتراتکت,تزریقی,50 mg/1mL 50 g,داخل وریدی
METRONIDAZOLE,آمیزول,قرص,500 mg,خوراکی 
ETANERCEPT,آلتبرل,محلول,50 mg/1mL 1 mg,تزریقی زیر جلدی
CLINDAMYCIN (AS HYDROCHLORIDE),کلیندامایسین,کپسول,150 mg,خوراکی 
ACETAMINOPHEN / CAFFEINE / IBUPROFEN,پینالژی,کپسول,325 mg/40 mg/200 mg,خوراکی 
PERMETHRIN,پیرتومکس,شامپو,1 % 100 mL,موضعی 
KETOCONAZOLE,کیمانازول,شامپو,2 % 100 mL,موضعی 
METHYLPREDNISOLONE ACETATE,کورتامدرول,سوسپانسیون,40 mg/1mL 1 mL,تزریقی پرنترال
REPAGLINIDE,رپاگلیناید,قرص,0.5 mg,خوراکی 
ACICLOVIR,آسیکلوروز,قرص,200 mg,خوراکی 
TERIFLUNOMIDE,جیوماید,قرص,14 mg,خوراکی 
BOSENTAN,فارانتان,قرص,62.5 mg,خوراکی 
LANSOPRAZOLE,لنسوزول,کپسول,15 mg,انتریک کوتد خوراکی
ESOMEPRAZOLE,اس امپیکر,کپسول,40 mg,انتریک کوتد خوراکی
NYSTATIN,نیستاتینا,پودر,100000 [iU]/1mL [iU],برای تهیه سوسپانسیون خوراکی
ACETAMINOPHEN,اکتوفن,قرص,500 mg,جوشان خوراکی
HEMODIALYSIS CONCENTRATED II ACIDIC,همودیالیز اسیدی II-عماد,محلول,4920 mL,غلیظ همودیالیز
LENALIDOMIDE,لنوما,کپسول,25 mg,خوراکی 
DANAZOL,دانازول,کپسول,200 mg,خوراکی 
BIOTIN,بیوتین,قرص,5 mg,خوراکی 
ROSUVASTATIN (AS CALCIUM),رزوتکس,قرص,20 mg,خوراکی 
RIFAXIMIN,ریفاتو,قرص,200 mg,خوراکی 
CLINDAMYCIN (AS PHOSPHATE),منکلین,تزریقی,150 mg/1mL 2 mL,پرنترال 
IBRUTINIB,ایبرونب,قرص,560 mg,خوراکی 
GENTAMICIN,جنتامایسین-ناژو,پماد,3 mg/1g 3 g,چشمی 
AMITRIPTYLINE HYDROCHLORIDE,آمی تریپتیلین,قرص,10 mg,خوراکی 
VITAMIN E,ویتامین ای (آلفا توکوفرول استات),تزریقی,100 [iU]/1mL mL,پرنترال 
PROPAFENONE HYDROCHLORIDE,پروفسین,قرص,150 mg,خوراکی 
LORATADINE,لوراتکس,شربت,5 mg/5 mL 60 mL,خوراکی 
TRIAMCINOLONE NN,تریامسیکورت ان ان,پماد,1 mg/2.5 mg/100000 [iU]/1g 15 g,موضعی 
OPIUM,اپیوم,تنطور,10 mg/1mL 250 mL,خوراکی 
PANTOPRAZOLE (AS SODIUM SESQUIHYDRATE),پنتوپرازول,قرص,20 mg,انتریک کوتد خوراکی
FINASTERIDE,فینازکس-آی اچ,قرص,1 mg,خوراکی 
VALPROATE SODIUM,روزوکین,قرص,333 mg/145 mg,پیوسته رهش خوراکی
DIPHENHYDRAMINE / AMMONIUM CHLORIDE,دیفاند,شربت,12.5 mg/125 mg/5mL 60 mL,خوراکی 
BETAMETHASONE (AS DISODIUM PHOSPHATE),بتاویژن- پی بی ای,"محلول،",0.1 % 5 mL,قطره چشمی
PREGABALIN,پرلینکا,کپسول,50 mg,خوراکی 
PHENAZOPYRIDINE HYDROCHLORIDE,فنازومکس,قرص,100 mg,خوراکی 
MACITENTAN,ماسیتنتان,قرص,10 mg,خوراکی 
LACOSAMIDE,اپیلامید,قرص,100 mg,خوراکی 
ACETYLCYSTEINE,استیل سیستئین,قرص,600 mg,جوشان خوراکی
AZITHROMYCIN,آزیتروکی,قرص,250 mg,خوراکی 
CABERGOLINE,کابرگولکس,قرص,0.5 mg,خوراکی 
FEXOFENADINE HYDROCHLORIDE,سد-آف,قرص,180 mg,خوراکی 
TETRABENAZINE,زنترا,قرص,25 mg,خوراکی 
PNEUMOCOCCAL VACCINE 23-VALENT,واکسن پنومووکس23,تزریقی,0.5 mL,پرنترال 
FLUCONAZOLE,فلوکونازول,کپسول,50 mg,خوراکی 
FEXOFENADINE HYDROCHLORIDE,تلفست,قرص,120 mg,خوراکی 
OCTREOTIDE (AS ACETATE),اکتوستاتین,تزریقی,50 ug/1mL mL,پرنترال 
DICLOFENAC SODIUM,ولدیک,قرص,50 mg,انتریک کوتد خوراکی
DIPHENHYDRAMINE HYDROCHLORIDE,دیمین-جکت,تزریقی,50 mg/1mL mL,پرنترال 
ACETAMINOPHEN / CAFFEINE / CHLORPHENIRAMINE / VITAMIN C,تایلمیکس,کپسول,200 mg/25 mg/2.5 mg/150 mg,خوراکی 
ACICLOVIR,آسیکلوویر-حکیم,قرص,400 mg,خوراکی 
RISPERIDONE,ریسپردال کنستا,پودر,25 mg mg,برای تهیه سوسپانسیون تزریقی پیوسته رهش پرنترال
MYCOPHENOLATE MOFETIL,سل سپت,قرص,500 mg,خوراکی 
DIGOXIN,دیگوکسین سوفارما,تزریقی,0.25 mg/1mL 2 mg,پرنترال 
NITROGLYCERIN,نیتروساستین,قرص,6.4 mg,پیوسته رهش خوراکی
PROPRANOLOL HYDROCHLORIDE,پروپرانولول,تزریقی,1 mg/1mL 1 mg,پرنترال 
SODIUM CHLORIDE,سدیم کلراید,محلول,0.9 % 500 L,تزریقی پرنترال
SERTACONAZOLE NITRATE,درموفیکس,کرم,2 % 20 g,موضعی 
ADAPALENE,آداپالن,ژل,0.1 % 30 g,موضعی 
HEPARIN SODIUM,هپارین,تزریقی,5000 [iU]/1mL 1 mL,پرنترال 
ACETAMINOPHEN / CAFFEINE,پانافن کافئین,قرص,500 mg/65 mg,خوراکی 
GEMIFLOXACIN (AS MESILATE),جمیکسوسین,قرص,320 mg,خوراکی 
HYDROXYCHLOROQUINE SULFATE,روماتورست,قرص,200 mg,خوراکی 
IBUPROFEN,ایبوفین,قرص,200 mg,خوراکی 
DICLOFENAC SODIUM,دیکلوفناک-سبحان,قرص,50 mg,انتریک کوتد خوراکی
METHYLPREDNISOLONE (AS SODIUM SUCCINATE),آفامدرول,پودر,500 mg mg,برای تهیه محلول تزریقی پرنترال
ROSUVASTATIN (AS CALCIUM),رزوواستاتین,قرص,5 mg,خوراکی 
OSIMERTINIB (AS MESYLATE),سیمرتا,قرص,80 mg,خوراکی 
HYDROCORTISONE ACETATE,بهکورت,پماد,1 % 15 g,موضعی 
CHLORPHENIRAMINE MALEATE,کلرفنیرامین واریو,تزریقی,10 mg/1mL mL,پرنترال 
VENLAFAXINE,دپرکسین,قرص,37.5 mg,خوراکی 
DOXAPRAM HYDROCHLORIDE,دوپرام,تزریقی,20 mg/1mL 5 mg,پرنترال 
SODIUM CHLORIDE,سدیم کلراید,محلول,0.9 % 500 mm,تزریقی پرنترال
VALPROATE SEMISODIUM,دیوالدین,قرص,250 mg,انتریک کوتد خوراکی
AMLODIPINE (AS BESILATE),آملودیپین,قرص,10 mg,خوراکی 
ATOMOXETINE HYDROCHLORIDE,آتوموکستین-حکیم,کپسول,25 mg,خوراکی 
HYDRALAZINE HYDROCHLORIDE,آروزولین,قرص,25 mg,خوراکی 
RIVAROXABAN,زاریوان,قرص,15 mg,خوراکی 
CLOMIPRAMINE HYDROCHLORIDE,آبنیل,قرص,75 mg,خوراکی 
INDOMETHACIN,ایندومتاسین-اکسیر,کپسول,25 mg,خوراکی 
FAMOTIDINE / CALCIUM CARBONATE / MAGNESIUM HYDROXIDE,پپتی لاک,قرص,10 mg/800 mg/165 mg,جویدنی خوراکی
ENZALUTAMIDE,انزالوتامید,قرص,80 mg,خوراکی 
NILOTINIB,بانولیب,کپسول,200 mg,خوراکی 
BILASTINE,بیلاستین,قرص,20 mg,خوراکی 
GENTAMICIN,جنتافیوژن,تزریقی,0.8 mg/1mL mL,پرنترال 
MACITENTAN,آنارتا,قرص,10 mg,خوراکی 
PANTOPRAZOLE (AS SODIUM SESQUIHYDRATE),پنتوپرازول-اکسیر,قرص,40 mg,انتریک کوتد خوراکی
EXEMESTANE,اگزیمکس,قرص,25 mg,خوراکی 
ATORVASTATIN (AS CALCIUM),لیپاستین,قرص,20 mg,خوراکی 
SOLIFENACIN SUCCINATE,وزیکر,قرص,10 mg,خوراکی 
CARBOPLATIN,کربوناتین,محلول,10 mg/1mL 45 mg,غلیظ تزریقی داخل وریدی
ATENOLOL,آتنوکیم,قرص,50 mg,خوراکی 
FLUVOXAMINE MALEATE,فلووکسامین مالئات,قرص,100 mg,خوراکی 
ITRACONAZOLE,ایتراکونازول,کپسول,100 mg,خوراکی 
FENOFIBRATE,فنوفیبرات,کپسول,200 mg,خوراکی 
SACUBITRIL / VALSARTAN,ساکوبیتریل / والسارتان,قرص,24 mg/26 mg,خوراکی 
DIPHENHYDRAMINE / AMMONIUM CHLORIDE,دیفن هیدرامین کامپاند بهسا,شربت,12.5 mg/125 mg/5mL 60 mL,خوراکی 
GEMFIBROZIL,جم فیبروزیل,,300 mg,کپسول خوراکی
FOMEPIZOLE,فومپیزول,تزریقی,1 g/1mL 1.5 mL,پرنترال 
LIDOCAINE / PRILOCAINE,فارملا-پی,کرم,2.5 %/2.5 % 30 g,موضعی 
METFORMIN HYDROCHLORIDE,متفورمین-ناژو,قرص,500 mg,خوراکی 
MONOBENZONE,منوبنزون-بهوزان,کرم,20 % 30 g,موضعی 
PROPRANOLOL HYDROCHLORIDE,پروپراتد,قرص,10 mg,خوراکی 
BUSULFAN,میلوسان,تزریقی,6 mg/1mL 10 mg,پرنترال 
VALACYCLOVIR,ویراترکس-آی اچ,قرص,500 mg,خوراکی 
LORATADINE,لوراتکس,شربت,5 mg/5 mL 60 mL,خوراکی 
SUNITINIB (AS MALATE),کیتنت,کپسول,25 mg,خوراکی 
VITAMIN B COMPLEX,بکوویت,تزریقی,5 mg/2 mg/2 mg/3 mg/20 mg/1mL 2 mL,پرنترال 
CARBOPLATIN,کربوپلاتین ویاتریس,محلول,10 mg/1mL 5 mg,غلیظ تزریقی داخل وریدی
ISOTRETINOIN,رواکوتان,کپسول,20 mg,حاوی مایع خوراکی
KETOCONAZOLE,کتوکونازول-آیروکس,شامپو,2 % 100 mL,موضعی 
ACETAMINOPHEN / CAFFEINE / IBUPROFEN,راکسال,کپسول,325 mg/40 mg/200 mg,خوراکی 
THIORIDAZINE HYDROCHLORIDE,تیوریدازین,قرص,10 mg,خوراکی 
ACETAMINOPHEN / OXYCODONE HYDROCHLORIDE,استامینوفن/اکسی کدون,قرص,325 mg/5 mg,خوراکی 
TRASTUZUMAB,هرسپتین,پودر,440 mg mg,لئوفیلیزه برای تهیه محلول تزریقی پرنترال
EXPECTORANT,اکسپکتورانت بهسا,,100 mg/2 mg/30 mg/5mL 60 mL,شربت خوراکی
ATENOLOL,آتنولول-سبحان,قرص,50 mg,خوراکی 
EMPAGLIFLOZIN / METFORMIN HYDROCHLORIDE,امپاورپلاس,قرص,5 mg/1000 mg,خوراکی 
TERAZOSIN,ترازوسین آریا,قرص,5 mg,خوراکی 
ADULT COLD PREPARATIONS (5-4),فلوسیترین روز,پودر,650 mg/20 mg/10 mg g,برای تهیه محلول خوراکی
AZITHROMYCIN,آزیتروکی,پودر,200 mg/5mL 30 mg,برای تهیه سوسپانسیون خوراکی
TEMOZOLOMIDE,براتوما,کپسول,250 mg,خوراکی 
TETRACYCLINE HYDROCHLORIDE,تتراسایکلین,,3 % 15 g,پماد موضعی
LINAGLIPTIN,ملیجنت,قرص,5 mg,خوراکی 
RIVAROXABAN,ریواروکسابان,قرص,2.5 mg,خوراکی 
LEVOFLOXACIN,لووفلوکساسین,قرص,750 mg,خوراکی 
LORAZEPAM,لورازپام,قرص,1 mg,خوراکی 
ACICLOVIR,آلوویر,کرم,5 % 10 g,موضعی 
ZINC OXIDE,زینک اکساید,پماد,25 % 30 g,موضعی 
ESOMEPRAZOLE,مکسوپرازول,قرص,40 mg,انتریک کوتد خوراکی
TAMSULOSIN HYDROCHLORIDE,یوریترال,کپسول,0.4 mg,پیوسته رهش خوراکی
SUNITINIB (AS MALATE),تایسونا,کپسول,25 mg,خوراکی 
TRASTUZUMAB EMTANSINE,پادینکس,پودر,100 mg mg,لئوفیلیزه برای تهیه محلول تزریقی پرنترال
IMATINIB (AS MESYLATE),ایماتینیب,کپسول,100 mg,خوراکی 
GEMFIBROZIL,جم فیبروزیل,کپسول,300 mg,خوراکی 
BUPROPION HYDROCHLORIDE,بوپرکسیر,قرص,100 mg,خوراکی 
CETIRIZINE HYDROCHLORIDE,ستزینا,قرص,10 mg,خوراکی 
IPRATROPIUM BROMIDE / FENOTEROL HYDROBROMIDE,آتروونت کامپ,آئروسل,20 ug/50 ug/1{dose} 200 {dose},با دوز اندازه گیری شده استنشاقی
INSULIN ASPART,ویتاسپالن,محلول,100 [iU]/1mL 3 mL,تزریقی پرنترال
METFORMIN HYDROCHLORIDE,اسوه-متفورمین,قرص,500 mg,خوراکی 
LEUPRORELIN ACETATE,لوپرومر,پودر,7.5 mg mg,برای تهیه سوسپانسیون تزریقی پیوسته رهش پرنترال
AMIKACIN (AS SULFATE),ایپاسین,تزریقی,50 mg/1mL 2 mL,پرنترال 
OPIUM,دیپیوم,تنطور,10 mg/1mL 250 mL,خوراکی 
MITOTANE,لیزودرن,قرص,500 mg,خوراکی 
ACARBOSE,آکاربکس,قرص,100 mg,خوراکی 
CALCITRIOL,کلسیترون,تزریقی,1 ug/1mL mL,پرنترال 
CLOMIPRAMINE HYDROCHLORIDE,کلومیپرامین,قرص,50 mg,خوراکی 
SITAGLIPTIN (AS PHOSPHATE) / METFORMIN HYDROCHLORIDE,ژانومیکس,قرص,50 mg/500 mg,خوراکی 
FERRIC CARBOXYMALTOSE,فرینجکت,تزریقی,50 mg/1mL 10 mg,پرنترال 
ADULT COLD PREPARATIONS (5-3),کلدپلکس,قرص,500 mg/15 mg/5 mg,خوراکی 
PIPERACILLIN (AS SODIUM) / TAZOBACTAM (AS SODIUM),پیپراکتام,پودر,2 g/0.25 g mg,برای تهیه محلول تزریقی پرنترال
METOPROLOL TARTRATE,بیتورول,قرص,50 mg,خوراکی 
ZOLEDRONIC ACID,زولدرونیک اسید,پودر,4 mg mg,برای تهیه محلول تزریقی پرنترال
ADULT COLD PREPARATIONS (7-23),اکتوکلد,قرص,15 mg/2 mg/5 mg/500 mg,خوراکی 
FAMPRIDINE,فمزیرا,قرص,10 mg,پیوسته رهش خوراکی
EMPAGLIFLOZIN / LINAGLIPTIN,امپکوگلیپتین,قرص,25 mg/5 mg,خوراکی 
ESTRADIOL VALERATE,استرادیول والرات,قرص,2 mg,خوراکی 
KETOROLAC TROMETAMOL,کتورین مد,محلول,30 mg/1mL 1 mL,تزریقی پرنترال
DICLOFENAC SODIUM,دیکلوفناک- ناژو,شیاف,100 mg,مقعدی 
PROPRANOLOL HYDROCHLORIDE,پروپرانولول-حکیم,قرص,20 mg,خوراکی 
INDAPAMIDE,ناتاوین,قرص,1.5 mg,پیوسته رهش خوراکی
ERLOTINIB (AS HYDROCHLORIDE),تارسبان,قرص,150 mg,خوراکی 
LEVETIRACETAM,مت اور,محلول,100 mg/1mL 5 mL,غلیظ تزریقی پرنترال
POVIDONE IODINE,پوویدون آیداین,محلول,10 % 60 mL,موضعی 
EMPAGLIFLOZIN / LINAGLIPTIN,آوانو,قرص,25 mg/5 mg,خوراکی 
TADALAFIL,تادالافیل,قرص,10 mg,خوراکی 
FINGOLIMOD (AS HYDROCHLORIDE),فینگولیمود,کپسول,0.5 mg,خوراکی 
VITAMIN B1 (THIAMINE),ویتامین ب1-جالینوس,قرص,100 mg,خوراکی 
POTASSIUM CHLORIDE CONCENTRATED,پتاسیم کلراید,محلول,2 meq/1mL 50 mm,غلیظ تزریقی داخل وریدی
ADULT COLD PREPARATIONS (4-12),فلوسیپ کلد و کاف شب,پودر,650 mg/10 mg/25 mg g,برای تهیه محلول خوراکی
INDOMETHACIN,ایندومتاسین-ناژو,شیاف,100 mg g,مقعدی 
LORAZEPAM,لورازپام,قرص,2 mg,خوراکی 
DICLOFENAC SODIUM,دیکلوکیم,قرص,50 mg,انتریک کوتد خوراکی
CLONAZEPAM,کلونازپام,قرص,1 mg,خوراکی 
NITROGLYCERIN,میوکاردین,قرص,2.6 mg,پیوسته رهش خوراکی
LACOSAMIDE,اکتوور لاکسا,قرص,50 mg,خوراکی 
FLUOROURACIL,ابفلورو,تزریقی,50 mg/1mL 5 mg,پرنترال 
ACETYLCYSTEINE / ASCORBIC ACID,برونستیل ث,پودر,600 mg/75 mg g,خوراکی 
LAMOTRIGINE,لامیکتال,قرص,50 mg,خوراکی 
TRASTUZUMAB EMTANSINE,کدسایلا,پودر,160 mg mg,لئوفیلیزه برای تهیه محلول تزریقی پرنترال
FLUOXETINE (AS HYDROCHLORIDE),فلوکستین,کپسول,10 mg,خوراکی 
CLOBETASOL PROPIONATE,کلوبتازول بهسا,لوسیون,0.05 % 20 mL,موضعی 
CLEMASTINE,کلماستین,قرص,1 mg,خوراکی 
CLOTRIMAZOLE,کلوتریمازول-بهوزان,کرم,1 % 15 g,موضعی 
TEICOPLANIN,اکسی پلانین,پودر,400 mg mg,برای تهیه محلول تزریقی پرنترال
SILVER SULFADIAZINE / EGF,برنامین,کرم,1 %/0.001 % 15 g,موضعی 
SALBUTAMOL (AS SULFATE),آستالین رسپیولز,محلول,2.5 mg/2.5mL mL,استنشاقی 
MEBEVERINE HYDROCHLORIDE,مبکول,قرص,135 mg,خوراکی 
AMLODIPINE (AS BESILATE) / TELMISARTAN,آربیتویین,قرص,10 mg/80 mg,خوراکی 
PIMOZIDE,اورپ,قرص,1 mg,خوراکی 
AZITHROMYCIN,آزیترومایسین - ثنامد,قرص,250 mg,خوراکی 
GABAPENTIN,گاباپنتین-رازک,کپسول,100 mg,خوراکی 
POVIDONE IODINE,تولیدین,محلول,10 % 1000 mL,موضعی 
OLAPARIB,لینپارزا,قرص,100 mg,خوراکی 
TRAZODONE HYDROCHLORIDE,ترازوریکس,قرص,50 mg,خوراکی 
CLINDAMYCIN (AS HYDROCHLORIDE),کلینداک سها,کپسول,300 mg,خوراکی 
LEVOTHYROXINE SODIUM,یوتید,قرص,50 ug,خوراکی 
CETRORELIX,ستروآرت,پودر,250 ug ug,برای تهیه محلول تزریقی پرنترال
CARBOPLATIN,کربوناتین,محلول,10 mg/1mL 5 mg,غلیظ تزریقی داخل وریدی
INFLIXIMAB,ایکسیفی,پودر,100 mg mg,برای تهیه محلول تزریقی پرنترال
PIROXICAM,پیروکسیکام-ناژو,ژل,0.5 g/100g 60 g,موضعی 
TAMSULOSIN HYDROCHLORIDE,تامسولوسین,کپسول,0.4 mg,پیوسته رهش خوراکی
TRIPTORELIN (AS ACETATE),دیفرلین,پودر,3.75 mg mg,لئوفیلیزه برای تهیه سوسپانسیون تزریقی پیوسته رهش پرنترال
METHYLPHENIDATE HYDROCHLORIDE,استیمدیت,قرص,10 mg,خوراکی 
PHENOBARBITAL SODIUM,فنوباربیتال,تزریقی,200 mg/1mL mL,پرنترال 
MYCOPHENOLATE MOFETIL,سلسپت,پودر,500 mg mg,برای تهیه محلول تزریقی پرنترال
INDOMETHACIN,ایندومتاسین بهسا,شیاف,100 mg,مقعدی 
LINAGLIPTIN,دیپتا,قرص,5 mg,خوراکی 
IOPROMIDE,اولتراویست,تزریقی,370 mg/1mL 50 mL,پرنترال 
MEDROXYPROGESTERONE ACETATE,مدروفم,قرص,5 mg,خوراکی 
IBUPROFEN,ایبوپروفن,شیاف,75 mg,مقعدی 
BISOPROLOL FUMARATE,زبتادر,قرص,2.5 mg,خوراکی 
TIRZEPATIDE,اسپارتینا,محلول,5 mg/0.6 mL mL,تزریقی پرنترال
IBUPROFEN,ایبوکیم,کپسول,400 mg,حاوی مایع خوراکی
HYDROXYZINE HYDROCHLORIDE,هیدروکسی زین هیدروکلراید,شربت,10 mg/5mL 120 mL,خوراکی 
QUETIAPINE (AS FUMARATE),کوپتین,قرص,100 mg,خوراکی 
SERTACONAZOLE NITRATE,اپتازان,کرم,2 % 30 g,موضعی 
ZONISAMIDE,بایوساماید,کپسول,100 mg,خوراکی 
ACETAMINOPHEN / CAFFEINE / IBUPROFEN,استامینوفن/ کافئین / ایبوپروفن,کپسول,325 mg/40 mg/200 mg,خوراکی 
ZOLEDRONIC ACID,بونستا,تزریقی,4 mg/5mL mg,پرنترال 
NALOXONE HYDROCHLORIDE,نالوکسون,تزریقی,0.4 mg/1mL mg,پرنترال 
SILDENAFIL (AS CITRATE),سیلدنافیل,قرص,100 mg,خوراکی 
HALOPERIDOL (AS LACTATE),هالوپریدول,محلول,2 mg/1mL 15 mL,خوراکی 
AMLODIPINE (AS BESILATE) / VALSARTAN,والفورت,قرص,10 mg/160 mg,خوراکی 
POVIDONE IODINE,بهسادین,محلول,10 % 60 mL,موضعی 
ACETYLCYSTEINE,اسستین,قرص,600 mg,جوشان خوراکی
AMOXICILLIN,آموکسی سیلین,پودر,125 mg/5mL 100 mL,برای تهیه سوسپانسیون خوراکی
AMLODIPINE (AS BESILATE) / VALSARTAN,آملودیپین / والسارتان,قرص,5 mg/160 mg,خوراکی 
NITROGLYCERIN,نیتروکارد,پماد,2 % 30 g,موضعی 
NEOSTIGMINE METHYLSULFATE,نئوستیگمین متیل سولفات,تزریقی,0.5 mg/1mL 1 mL,پرنترال 
ARIPIPRAZOLE,بایوپیپرازول,قرص,10 mg,خوراکی 
HYDROCHLOROTHIAZIDE,دیورزید,قرص,50 mg,خوراکی 
HYDRALAZINE HYDROCHLORIDE,آپو-هیدرالازین,قرص,25 mg,خوراکی 
CHORIONIC GONADOTROPHIN (HUMAN),گنارکس,پودر,5000 [iU] [iU],برای تهیه محلول تزریقی پرنترال
OCTREOTIDE (AS ACETATE),واریوتاید ال ای آر,"تزریق،",20 mg mg,"پودر، رهش طولانی مدت پرنترال"
QUETIAPINE (AS FUMARATE),کوئپین ای آر,قرص,150 mg,پیوسته رهش خوراکی
EMPAGLIFLOZIN,گلایسانو,قرص,10 mg,خوراکی 
ADENOSINE,کاردیوسین,تزریقی,3 mg/1mL 2 mL,پرنترال 
PANTOPRAZOLE (AS SODIUM SESQUIHYDRATE),پنتوبست,کپسول,40 mg,انتریک کوتد خوراکی
TETRABENAZINE,تتراکور,قرص,25 mg,خوراکی 
CONJUGATED ESTROGENS,اکوئین,کرم,0.625 mg/1g 42.5 g,واژینال 
ZOLPIDEM TARTRATE,زولپیدم,قرص,10 mg,خوراکی 
SODIUM CHLORIDE,سدیم کلراید,محلول,5 % 50 mL,تزریقی داخل وریدی
PRILOCAINE / FELYPRESSIN,پریلودنت,تزریقی,30 mg/0.54 ug/1mL 1.8 mL,پرنترال 
HYDROXYZINE HYDROCHLORIDE,هیدروکسی زین-عماد,شربت,10 mg/5mL 120 mL,خوراکی 
BENDAMUSTINE HYDROCHLORIDE,ریباموستین,پودر,25 mg mg,برای تهیه محلول تزریقی پرنترال
HUMAN PAPILLOMAVIRUS VACCINE (QUADRIVALENT),گاردیسان,تزریقی,0.5 mL mL,پرنترال 
CEFALEXIN,سفال-ایکس,کپسول,500 mg,خوراکی 
OLOPATADINE HYDROCHLORIDE,لپاتونیز,اسپری,0.6 % 20 mL,از راه بینی
GENTAMICIN,جنتادیک,تزریقی,40 mg/1mL 2 mL,پرنترال 
TAMSULOSIN HYDROCHLORIDE,پروترال اپاس,قرص,0.4 mg,پیوسته رهش خوراکی
MESALAZINE,مداکولیت,گرانول,2 g g,پیوسته رهش خوراکی
FACTOR IX,آیمافیکس,پودر,500 [iU] [iU],لئوفیلیزه برای تهیه محلول تزریقی پرنترال
AMIKACIN (AS SULFATE),ایپاسین,تزریقی,250 mg/1mL 2 mL,پرنترال 
TAMSULOSIN HYDROCHLORIDE,تامسوکیم,کپسول,0.4 mg,پیوسته رهش خوراکی
DULOXETINE,لوکستا,کپسول,30 mg,انتریک کوتد خوراکی
SILDENAFIL (AS CITRATE),سیلدنافیل-حکیم,قرص,100 mg,خوراکی 
DACARBAZINE,دی تی آی,پودر,200 mg mg,برای تهیه محلول تزریقی پرنترال
TIRZEPATIDE,لانیسا,محلول,10 mg/0.5 mL mg,تزریقی زیر جلدی
ACETAMINOPHEN,مگافن,قرص,500 mg,خوراکی 
HYDROCORTISONE ACETATE,هیدروکورتیزون,کرم,1 % 15 g,موضعی 
IBUPROFEN,ادوی کید,سوسپانسیون,100 mg/5mL 120 mL,خوراکی 
POLYETHYLENE GLYCOL - ELECTROLYTE 2,لاگزاپگ 2,پودر,70 g,برای تهیه محلول خوراکی
CEFTAZIDIME,آفازید,پودر,1 g g,برای تهیه محلول تزریقی پرنترال
MELOXICAM,موبیفارم,قرص,15 mg,خوراکی 
BICALUTAMIDE,بیکاناکس-آی اچ,قرص,50 mg,خوراکی 
SITAGLIPTIN (AS PHOSPHATE) / METFORMIN HYDROCHLORIDE,متگلیپت,قرص,50 mg/1000 mg,خوراکی 
IBUPROFEN,ایبوکسیر,سوسپانسیون,100 mg/5mL 120 mL,خوراکی 
ABIRATERONE ACETATE,زایبرون,قرص,250 mg,خوراکی 
VORICONAZOLE,وینازول,قرص,50 mg,خوراکی 
VALPROATE SODIUM,روزوکین,قرص,200 mg,انتریک کوتد خوراکی
QUETIAPINE (AS FUMARATE),کوئنتیاکس,قرص,25 mg,خوراکی 
ACETAMINOPHEN / OXYCODONE HYDROCHLORIDE,فاروکسیفن,قرص,325 mg/10 mg,خوراکی 
LINEZOLID,اکسیزولاید,قرص,600 mg,خوراکی 
ADAPALENE,آدالن,ژل,0.1 % 30 g,موضعی 
DESLORATADINE,دس لوراتادین,شربت,2.5 mg/5 mL 60 mL,خوراکی 
TRAMADOL HYDROCHLORIDE,ترامادل,قرص,100 mg,خوراکی 
PIROXICAM,پیروکسیکام,ژل,0.5 g/100g 60 g,موضعی 
OLOPATADINE (AS HYDROCHLORIDE),سنسیت -آی,"محلول،",0.1 % 5 mg,قطره چشمی
LOSARTAN POTASSIUM,لوزارتان-شفا,قرص,50 mg,خوراکی 
VITAMIN A / VITAMIN D,ویتامین آ+د,,850 [iU]/85 [iU]/1g 30 g,پماد موضعی
NITROGLYCERIN,نیتروپرل,کپسول,0.4 mg,حاوی مایع خوراکی
MONTELUKAST (AS SODIUM),آسمورال,قرص,10 mg,خوراکی 
AMIKACIN (AS SULFATE),نکاسین,تزریقی,250 mg/1mL 2 mg,پرنترال 
ACETYLCYSTEINE,اسستین,قرص,600 mg,جوشان خوراکی
IPRATROPIUM BROMIDE,ایپراونت,اسپری,20 ug/1{dose} 200 mg,استنشاقی 
BROMHEXINE HYDROCHLORIDE,بلتیل,محلول,4 mg/5mL 60 mL,خوراکی 
GABAPENTIN,گاباتین,کپسول,100 mg,خوراکی 
ROSUVASTATIN (AS CALCIUM),روپیکسون,قرص,40 mg,خوراکی 
ADULT COLD PREPARATIONS (1-3),تدافن سینوس,کپسول,200 mg/5 mg,حاوی مایع خوراکی
METHOCARBAMOL,متوکاربامول-ناژو,قرص,500 mg,خوراکی 
KETOTIFEN (AS FUMARATE),کتوتیفن,قرص,1 mg,خوراکی 
INFLIXIMAB,اینفلیکسی رل,پودر,100 mg mg,برای تهیه محلول تزریقی پرنترال
PACLITAXEL,سوبوتکسل,تزریقی,6 mg/1mL 5 mg,پرنترال 
HYDROXYCHLOROQUINE SULFATE,مداکوئنیل,قرص,200 mg,خوراکی 
REMIFENTANIL (AS HYDROCHLORIDE),رپاکسیر,پودر,5 mg mg,برای تهیه محلول تزریقی پرنترال
GEMFIBROZIL,جم فیبروزیل,,450 mg,قرص خوراکی
FLUOCINOLONE ACETONIDE,فلوسیزان,کرم,0.025 % 15 g,موضعی 
EMPAGLIFLOZIN,امپاگلوز,قرص,25 mg,خوراکی 
EVEROLIMUS,نئوراپا,قرص,5 mg,خوراکی 
ACETAMINOPHEN / CAFFEINE / IBUPROFEN,کافی پین,کپسول,325 mg/40 mg/200 mg,خوراکی 
ALLOPURINOL,آلوپورینول,قرص,300 mg,خوراکی 
MEROPENEM,آفاپنم,پودر,500 mg mg,برای تهیه محلول تزریقی پرنترال
SALMETEROL (AS XINAFOATE) / FLUTICASONE PROPIONATE,سروفلو,آئروسل,25 ug/125 ug/1{dose} 120 {Puff},با دوز اندازه گیری شده استنشاقی
OLAPARIB,پارزینو,قرص,150 mg,خوراکی 
NICORANDIL,آگنالیز,قرص,20 mg,خوراکی 
METHYLERGONOVINE MALEATE,ملنه,قرص,0.125 mg,خوراکی 
MESALAZINE,ناژو-کولیت,شیاف,500 mg,مقعدی 
FEXOFENADINE HYDROCHLORIDE,فکسوکیم,قرص,60 mg,خوراکی 
ESOMEPRAZOLE,اس امپرازول,,40 mg,قرص انتریک کوتد خوراکی
DAPAGLIFLOZIN (AS PROPANEDIOL) / METFORMIN HYDROCHLORIDE,زیگفورویت-ام,قرص,5 mg/850 mg,خوراکی 
EVEROLIMUS,اورولیموس,قرص,10 mg,خوراکی 
LOPERAMIDE HYDROCHLORIDE,آمیلوپرا,محلول,1 mg/5mL 60 mL,خوراکی 
LEVETIRACETAM,لوبل,محلول,100 mg/1mL 5 mL,غلیظ تزریقی پرنترال
METFORMIN HYDROCHLORIDE / LINAGLIPTIN,لاگیپتا-ام,قرص,1000 mg/5 mg,پیوسته رهش خوراکی
PIOGLITAZONE,پیوگلیتازون - ثنامد,قرص,30 mg,خوراکی 
PRAMIPEXOLE (AS DIHYDROCHLORIDE),پراسول,قرص,0.7 mg,خوراکی 
TRAMADOL HYDROCHLORIDE,ایرامادول,قرص,100 mg,خوراکی 
SALMETEROL (AS XINAFOATE) / FLUTICASONE PROPIONATE,فلوتیکورت پلاس,آئروسل,25 ug/125 ug/1{dose} 120 {dose},با دوز اندازه گیری شده استنشاقی
ESCITALOPRAM (AS OXALATE),اس سیتالوتد,قرص,20 mg,خوراکی 
SIMETHICONE (DIMETHICONE ACTIVATED),سایمتیکون,قرص,40 mg,جویدنی خوراکی
PACLITAXEL,لیپکسول,تزریقی,6 mg/1mL 5 mg,پرنترال 
LATANOPROST,لاتانوپروست استادا,"محلول،",50 ug/1mL 2.5 mL,قطره چشمی
DAPOXETINE (AS HYDROCHLORIDE),داپوفورس,قرص,60 mg,خوراکی 
FENOFIBRATE,لیپوسولوین,کپسول,200 mg,خوراکی 
IBUPROFEN,ایبوپروفن-ندا,قرص,400 mg,خوراکی 
ESCITALOPRAM (AS OXALATE),لگزیرام,قرص,20 mg,خوراکی 
EMPAGLIFLOZIN / METFORMIN HYDROCHLORIDE,امپاگلیفلوزین / متفورمین,قرص,12.5 mg/500 mg,خوراکی 
PENTOXIFYLLINE,پنتوکسی فیلین,قرص,400 mg,پیوسته رهش خوراکی
DICYCLOMINE HYDROCHLORIDE,سیکلومین,تزریقی,10 mg/1mL 2 mL,پرنترال 
BRIMONIDINE (AS TARTRATE),بریموتاپ,ژل,3 mg/1g 30 g,موضعی 
BACLOFEN,باکلوول,قرص,10 mg,خوراکی 
CICLOSPORIN,ساندیمون نئورال,کپسول,50 mg,حاوی مایع خوراکی
BUSPIRONE HYDROCHLORIDE,بوسپیراکس,قرص,10 mg,خوراکی 
PIROXICAM,روکامیکس,تزریقی,20 mg/1mL mL,پرنترال 
VITAMIN A / VITAMIN D,ویتامین آ+د,پماد,850 [iU]/85 [iU]/1g 30 g,موضعی 
VIGABATRIN,نیورل,قرص,500 mg,خوراکی 
ENOXAPARIN SODIUM,ُسیناستیم,تزریقی,100 mg/1mL 0.4 mg,پرنترال 
OLAPARIB,الانیب,قرص,150 mg,خوراکی 
SUNITINIB (AS MALATE),سونیتنت,کپسول,25 mg,خوراکی 
INSULIN BIPHASIC ISOPHANE,لانسولین,تزریقی,70 %/30 % 3 mL,پرنترال 
AZITHROMYCIN DIHYDRATE,آزیترکس,"محلول،",1 % 2.5 mL,قطره چشمی
MUPIROCIN,موپیروسین,پماد,2 % 15,موضعی 
FLUVOXAMINE MALEATE,وکسام,قرص,100 mg,خوراکی 
CLOBETASOL PROPIONATE,آفی کلوبت,لوسیون,0.05 % 25 mL,موضعی 
RISPERIDONE,ریسپادون,قرص,3 mg,خوراکی 
VITAMIN K1 (PHYTOMENADIONE),اسوه-ویتامین کا1,تزریقی,10 mg/1mL 1 mL,پرنترال 
DIPHENHYDRAMINE HYDROCHLORIDE,دیفن هیدرامین هیدروکلراید,محلول,12.5 mg/5mL 60 mL,خوراکی 
COLISTIMETHATE SODIUM,کلیتکس,پودر,4500000 [iU] [iU],برای تهیه محلول تزریقی پرنترال
IMIQUIMOD,کلی وارتس,کرم,5 % 250 mg,موضعی 
GENTAMICIN,جنتامایسین,"محلول،",3 mg/1mL 5 mL,قطره چشمی
PRAZOSIN,پرازوسین,قرص,1 mg,خوراکی 
SACUBITRIL / VALSARTAN,والکوبیت,قرص,49 mg/51 mg,خوراکی 
FLUTICASONE PROPIONATE,کاتوسین,اینهالر,125 ug/1{dose} 120 {Puff},استنشاقی 
POVIDONE IODINE,پوویدون آیداین,محلول,10 % 60 mL,موضعی 
DAPAGLIFLOZIN (AS PROPANEDIOL),گلوورت,قرص,10 mg,خوراکی 
EMPAGLIFLOZIN,گلوکولیمپا,قرص,10 mg,خوراکی 
THIOPENTAL SODIUM,تیوپنتال وی یو ای بی,پودر,1 g g,برای تهیه محلول تزریقی پرنترال
LEVODOPA / CARBIDOPA,ایزیکام,قرص,100 mg/25 mg,خوراکی 
SOMATROPIN,سوماتین,تزریقی,10 [iU]/1mL 1.5 mL,پرنترال 
ACETAMINOPHEN / DIPHENHYDRAMINE / PHENYLEPHRINE,نوریز کلد,شربت,160 mg/12.5 mg/2.5 mg/5mL 60 mL,خوراکی 
CITALOPRAM,سیتالورامین,قرص,20 mg,خوراکی 
CHLORPROMAZINE HYDROCHLORIDE,کلرپرومازین,قرص,100 mg,خوراکی 
OXYCODONE HYDROCHLORIDE,اکسی کدون,قرص,5 mg,خوراکی 
SACUBITRIL / VALSARTAN,ساکوفید,قرص,24 mg/26 mg,خوراکی 
BECLOMETHASONE DIPROPIONATE,بکلوتروکس,اینهالر,50 ug/1{dose} 200 ug,استنشاقی 
METFORMIN HYDROCHLORIDE,گلای-وانس,قرص,500 mg,پیوسته رهش خوراکی
ASPARAGINASE,اسپکتریلا,پودر,10000 [iU] [iU],برای تهیه محلول تزریقی پرنترال
ACETAMINOPHEN / CAFFEINE / IBUPROFEN,نوافن,قرص,325 mg/40 mg/200 mg,خوراکی 
GUSELKUMAB,الدیکسیا,محلول,100 mg/1mL 1 mg,تزریقی پرنترال
PREGABALIN,لایریور,کپسول,150 mg,خوراکی 
METHOTREXATE (AS SODIUM),ایموترکس,قرص,2.5 mg,خوراکی 
BECLOMETHASONE DIPROPIONATE,بکلومتازون,آئروسل,100 ug/1{dose} 200 {Puff},با دوز اندازه گیری شده استنشاقی
DEXAMETHASONE (AS DISODIUM PHOSPHATE),دگزامتازون,تزریقی,4 mg/1mL 2 mL,پرنترال 
BISOPROLOL FUMARATE,بیسوتا,قرص,5 mg,خوراکی 
APIXABAN,آپیراکس,قرص,5 mg,خوراکی 
TESTOSTERONE ENANTHATE,آندوزیکس-آی اچ,تزریقی,100 mg/1mL mL,پرنترال 
NAPHAZOLINE HYDROCHLORIDE,ناپریوین,"محلول،",0.1 % 10 mL,قطره چشمی
METHOCARBAMOL,متوکاربامول,قرص,500 mg,خوراکی 
TACROLIMUS,ساپروتاک,کپسول,0.5 mg,خوراکی 
IPRATROPIUM BROMIDE,ایپرانوز,اسپری,42 ug/1{Puff} mL,با دوز اندازه گیری شده از راه بینی
BECLOMETHASONE DIPROPIONATE,دی بی نازال کورت,,50 ug/1 {dose} 200 mL,اسپری از راه بینی
CELECOXIB,سلبرکس,کپسول,200 mg,خوراکی 
ALBUMIN (HUMAN),اومن آلبومین,محلول,20 % 100 g,تزریقی پرنترال
PHENYTOIN SODIUM,هیدانتیک,تزریقی,50 mg/1mL 5 mL,پرنترال 
VANCOMYCIN (AS HYDROCHLORIDE),ونکو,پودر,500 mg mg,برای تهیه محلول تزریقی پرنترال
EMPAGLIFLOZIN / LINAGLIPTIN / METFORMIN HYDROCHLORIDE,تریلیپا,قرص,5 mg/2.5 mg/1000 mg,پیوسته رهش خوراکی
CHLOROQUINE (AS PHOSPHATE),کلروکین,قرص,150 mg,خوراکی 
BARICITINIB,اینتیما,قرص,4 mg,خوراکی 
MEXILETINE,مگزیتک,کپسول,100 mg,خوراکی 
CEFIXIME,ایراپراکس,پودر,100 mg/5 mL 50 g,برای تهیه سوسپانسیون خوراکی
TOPOTECAN (AS HYDROCHLORIDE),توپو اسپال,پودر,4 mg mg,لئوفیلیزه برای تهیه محلول تزریقی پرنترال
SALMETEROL (AS XINAFOATE) / FLUTICASONE PROPIONATE,سروفلو,آئروسل,25 ug/250 ug/1{dose} 120 {Puff},با دوز اندازه گیری شده استنشاقی
ARIPIPRAZOLE,ابیلیزول,قرص,5 mg,خوراکی 
PALBOCICLIB,سُبرانس,کپسول,100 mg,خوراکی 
BETAHISTINE DIHYDROCHLORIDE,بتاهیستین-حکیم,قرص,8 mg,خوراکی 
CLINDAMYCIN (AS PHOSPHATE),کلیندامایسین,کرم,2 % 40 g,واژینال 
GRANISETRON,گراتریل,محلول,1 mg/1mL 3 mL,تزریقی داخل وریدی
VALPROATE SODIUM,روپاکین,قرص,333 mg/145 mg,پیوسته رهش خوراکی
THIOPENTAL SODIUM,تیوپنتال پن فارما,پودر,1 g mg,برای تهیه محلول تزریقی پرنترال
DULOXETINE,لوکسور,کپسول,60 mg,انتریک کوتد خوراکی
EMPAGLIFLOZIN,پگلینو,قرص,25 mg,خوراکی 
SOLIFENACIN SUCCINATE,وزیکر,قرص,5 mg,خوراکی 
ROSUVASTATIN (AS CALCIUM),روزانا,قرص,20 mg,خوراکی 
TAMSULOSIN HYDROCHLORIDE,امنیسین,کپسول,0.4 mg,پیوسته رهش خوراکی
BISMUTH SUBCITRATE EQU. TO BISMUTH OXIDE,بیسمولیکس,قرص,120 mg,خوراکی 
SERTRALINE (AS HYDROCHLORIDE),سرتیرا,قرص,50 mg,خوراکی 
AMPICILLIN / SULBACTAM,آمپی سول,پودر,1 g/0.5 g g,برای تهیه محلول تزریقی پرنترال
ISOCARBOXAZID,مارپلان,قرص,10 mg,خوراکی 
CLINDAMYCIN (AS PHOSPHATE) / CLOTRIMAZOLE,کلیندامایسین / کلوتریمازول,کرم,2 %/2 % 40 g,واژینال 
ANTIHEMORRHOID,هموروزان,پماد,50 mg/2.75 mg/35 mg/180 mg/1g 15 g,مقعدی 
TEMOZOLOMIDE,آمیتزو,کپسول,20 mg,خوراکی 
KETOROLAC TROMETAMOL,کتوریک,محلول,30 mg/1mL 1 mg,تزریقی پرنترال
SALMETEROL (AS XINAFOATE) / FLUTICASONE PROPIONATE,سروفلو سینکروبرث,آئروسل,25 ug/250 ug/1{dose} 120 {dose},با دوز اندازه گیری شده استنشاقی
SODIUM CHLORIDE,پروفلکس,محلول,0.9 % 500 mL,تزریقی پرنترال
METHYLPHENIDATE HYDROCHLORIDE,ریتافن,قرص,10 mg,خوراکی 
SITAGLIPTIN (AS PHOSPHATE) / METFORMIN HYDROCHLORIDE,سیتفومین,قرص,50 mg/500 mg,خوراکی 
INDAPAMIDE,اینداول,قرص,1.5 mg,پیوسته رهش خوراکی
LOPERAMIDE HYDROCHLORIDE,آمیلوپرا,قرص,2 mg,خوراکی 
TADALAFIL,جیالیکسو,قرص,20 mg,خوراکی 
CEFTAZIDIME / AVIBACTAM (AS SODIUM),زاک زیدیم پلاس,پودر,2 g/0.5 g g,برای تهیه فرآورده تزریقی پرنترال
TRIAMCINOLONE NN,تریلوتاپ ان ان,,1 mg/2.5 mg/100000 [iU]/1g 15 g,پماد موضعی
GLYCERIN,گلیسیرین-ناژو,شیاف,2 g,مقعدی 
DEXTROMETHORPHAN / PSEUDOEPHEDRINE,دکس پی,شربت,15 mg/30 mg/5mL 60 mL,خوراکی 
EPIRUBICIN HYDROCHLORIDE,فارموروبیسین,محلول,2 mg/1mL 5 mg,غلیظ تزریقی پرنترال
PILOCARPINE HYDROCHLORIDE,وایوپیک,"محلول،",1.25 % 2.5 mL,قطره چشمی
ONDANSETRON (AS HYDROCHLORIDE),اندانسترون,تزریقی,2 mg/1 mL 2 mm,پرنترال 
BISMUTH SUBCITRATE EQU. TO BISMUTH OXIDE,بیسموت ساب سیترات,قرص,120 mg,خوراکی 
DULOXETINE,دلوکستین,کپسول,20 mg,انتریک کوتد خوراکی
MEFENAMIC ACID,فارسانته,قرص,500 mg,خوراکی 
CITALOPRAM,سیتالوپرام-شفا,قرص,40 mg,خوراکی 
HYDRALAZINE HYDROCHLORIDE,آپو-هیدرالازین,قرص,50 mg,خوراکی 
DEXTROSE,دکستروز,محلول,10 % 250 mL,تزریقی داخل وریدی
SULFASALAZINE,سولفاسالازین,قرص,500 mg,خوراکی 
DIPHENHYDRAMINE HYDROCHLORIDE,دیفن هیدرامین-الحاوی,محلول,12.5 mg/5mL 60 mL,خوراکی 
MELPHALAN (AS HYDROCHLORIDE),ملپ اسپال-پی,پودر,50 mg mg,برای تهیه محلول تزریقی پرنترال
ESMOLOL HYDROCHLORIDE,اسمولول امومد,تزریقی,10 mg/1mL 10 mg,پرنترال 
MENOTROPINS,هومگنان,پودر,75 [iU]/75 [iU] [iU],لئوفیلیزه برای تهیه محلول تزریقی پرنترال
ROSUVASTATIN (AS CALCIUM),رزوواستاتین-حکیم,قرص,10 mg,خوراکی 
CLIDINIUM / CHLORDIAZEPOXIDE,لیبرو-سی,قرص,2.5 mg/5 mg,خوراکی 
LOSARTAN POTASSIUM,لوزارتان - حکیم,قرص,50 mg,خوراکی 
VANCOMYCIN (AS HYDROCHLORIDE),ونکوجکت,پودر,500 mg mg,برای تهیه محلول تزریقی پرنترال
HYDROQUINONE,هیدروکینون,کرم,4 % 30 g,موضعی 
DEXTROMETHORPHAN / GUAIFENESIN / PHENYLEPHRINE,ستادکس,شربت,10 mg/100 mg/5 mg/5mL 200 mL,خوراکی 
IBUPROFEN,ژلوپین,کپسول,400 mg,حاوی مایع خوراکی
PAMIDRONATE DISODIUM,پامیدات,محلول,9 mg/1mL 10 mL,غلیظ تزریقی پرنترال
BETAHISTINE DIHYDROCHLORIDE,آفاسرک,قرص,8 mg,خوراکی 
IMATINIB (AS MESYLATE),ماتینب,قرص,100 mg,خوراکی 
VALACYCLOVIR,ویرابکس,قرص,500 mg,خوراکی 
ZOLPIDEM TARTRATE,رپیدم,قرص,5 mg,خوراکی 
ELOSULFASE ALFA,ویمیزیم,محلول,1 mg/1mL 5 mg,غلیظ تزریقی پرنترال
DOMPERIDONE,موتیوین,قرص,10 mg,خوراکی 
RIVAROXABAN,آکسابین,قرص,10 mg,خوراکی 
METOPROLOL SUCCINATE,تداسپت,قرص,23.75 mg,پیوسته رهش خوراکی
ONDANSETRON (AS HYDROCHLORIDE),ومترال,محلول,4 mg/5mL 60 mL,خوراکی 
AMIKACIN (AS SULFATE),آمیکاسین-اکسیر,تزریقی,250 mg/1mL 2 mg,پرنترال 
ROCURONIUM BROMIDE,کاسمرون,محلول,10 mg/1mL 5 mL,تزریقی پرنترال
ROSUVASTATIN (AS CALCIUM),رزوواستاتین-حکیم,قرص,20 mg,خوراکی 
CLOZAPINE,کلوزاپین,قرص,100 mg,خوراکی 
IBUPROFEN,ادوالژین کودکان,سوسپانسیون,100 mg/5mL 120 mL,خوراکی 
COAGULATION FACTOR VIII (HUMAN PLASMA DERIVED),اکتانیت,پودر,500 [iU] [iU],لئوفیلیزه برای تهیه محلول تزریقی پرنترال
ESOMEPRAZOLE,اسونکس,قرص,20 mg,انتریک کوتد خوراکی
DIPHENHYDRAMINE HYDROCHLORIDE,بهدیفن,محلول,12.5 mg/5mL 60 mL,خوراکی 
ATOMOXETINE HYDROCHLORIDE,آتوبایوکس,کپسول,18 mg,خوراکی 
SACUBITRIL / VALSARTAN,نپریوال,قرص,97 mg/103 mg,خوراکی 
CLARITHROMYCIN,کلاریکو,قرص,500 mg,خوراکی 
ACETAMINOPHEN,استامینوفن,محلول,10 mg/1mL 100 mL,تزریقی داخل وریدی
CLINDAMYCIN (AS HYDROCHLORIDE),کلیماندا,کپسول,300 mg,خوراکی 
TICAGRELOR,تیکورا,قرص,60 mg,خوراکی 
LACOSAMIDE,اپیلامید,قرص,150 mg,خوراکی 
FLUOCINOLONE ACETONIDE,فلوسینولون,پماد,0.025 % 15 g,موضعی 
SERTRALINE (AS HYDROCHLORIDE),زولامین,قرص,100 mg,خوراکی 
PRIMIDONE,لیسمیدون,سوسپانسیون,125 mg/5mL 250 mL,خوراکی 
KETOTIFEN (AS FUMARATE),زکسیفن,شربت,1 mg/5mL 120 mL,خوراکی 
FUSIDIC ACID,فوزیرم,کرم,2 % 15 g,موضعی 
CLOBETASOL PROPIONATE,کلوبتازول-بهوزان,کرم,0.05 % 15 g,موضعی 
HALOPERIDOL,هالوپریدول,قرص,5 mg,خوراکی 
FENOFIBRATE,فنوپید,کپسول,200 mg,خوراکی 
THIOGUANINE,تیوگوانینا,قرص,40 mg,خوراکی 
ESOMEPRAZOLE,نکسیو,کپسول,40 mg,انتریک کوتد خوراکی
WARFARIN SODIUM,مرکین,قرص,5 mg,خوراکی 
TRIFLUOPERAZINE,فلوریکس,قرص,5 mg,خوراکی 
CROTAMITON,کروتادرم,کرم,10 % 30 g,موضعی 
LOSARTAN POTASSIUM,لوزار,قرص,50 mg,خوراکی 
MEDROXYPROGESTERONE ACETATE,پروژرا,قرص,5 mg,خوراکی 
SEVELAMER CARBONATE,رناهلث,قرص,800 mg,خوراکی 
CO-AMOXICLAV,کو-آموکسی کلاو,قرص,500 mg/125 mg,خوراکی 
DULOXETINE,دلوکسیما,کپسول,20 mg,انتریک کوتد خوراکی
VITAMIN B12,بیتاویون,تزریقی,1000 ug/1mL mL,پرنترال 
TIRZEPATIDE,اسپارتینا,محلول,7.5 mg/0.6 mL mL,تزریقی پرنترال
EMPAGLIFLOZIN / METFORMIN HYDROCHLORIDE,جارینومت,قرص,12.5 mg/500 mg,خوراکی 
TRANEXAMIC ACID,ترنسید,کپسول,250 mg,خوراکی 
ACITRETIN,نئوتیگازون,کپسول,25 mg,خوراکی 
EXPECTORANT CODEINE,اکسپکتورانت کدئین-عماد,شربت,100 mg/30 mg/10 mg/5 mL 60 mL,خوراکی 
DAPSONE,داپسون سانا,ژل,5 % 30 g,موضعی 
TELMISARTAN / HYDROCHLOROTHIAZIDE,آربیکور-پلاس,قرص,80 mg/25 mg,خوراکی 
ETOPOSIDE,اتوپوزاید ویاتریس,محلول,20 mg/1mL 5 mg,تزریقی داخل وریدی
FLUOROURACIL,نسیل,تزریقی,50 mg/1mL 10 mL,پرنترال 
METHOTREXATE (AS SODIUM),ایموترکس,قرص,2.5 mg,خوراکی 
TOFACITINIB (AS CITRATE),روفانیب,قرص,5 mg,خوراکی 
PYRIDOSTIGMINE BROMIDE,میاستوسین,قرص,60 mg,خوراکی 
CO-TRIMOXAZOLE,سولتریکس,قرص,400 mg/80 mg,خوراکی 
ALUMINIUM HYDROXIDE / MAGNESIUM HYDROXIDE,آدی ژل,سوسپانسیون,225 mg/200 mg/5 mL 240 mL,خوراکی 
AMLODIPINE (AS BESILATE) / VALSARTAN,بلووان ای,قرص,5 mg/160 mg,خوراکی 
CETIRIZINE HYDROCHLORIDE,ستریکیم,شربت,1 mg/1mL 60 mL,خوراکی 
CARBAMAZEPINE,کاربامازپین,قرص,200 mg,خوراکی 
CYPROHEPTADINE HYDROCHLORIDE,سیپروهپتادین-جالینوس,قرص,4 mg,خوراکی 
CO-AMOXICLAV,آموکسی سیلین و کلاوونات پتاسیم,قرص,500 mg/125 mg,خوراکی 
PIMECROLIMUS,پیمودرم,کرم,1 % 15 g,موضعی 
MEXILETINE,مگزیلران,کپسول,200 mg,خوراکی 
PEDIATRIC GRIPPE,کوریزان سرماخوردگی کودکان,شربت,0.67 mg/10 mg/5mL 120 mL,خوراکی 
LEVODOPA / CARBIDOPA,ال دورام-سی,,100 mg/10 mg,قرص خوراکی
OXYCODONE HYDROCHLORIDE,فاروکسی,قرص,10 mg,پیوسته رهش خوراکی
DICLOFENAC DIETHYLAMMONIUM,دیکلوفناک- عماد,ژل,1 % 60 g,موضعی 
BENDAMUSTINE HYDROCHLORIDE,بندانیت,پودر,100 mg mg,برای تهیه محلول تزریقی پرنترال
CLOTRIMAZOLE / BETAMETHASONE (AS DIPROPIONATE),کلوتریمازول/بتامتازون,کرم,1 %/0.05 % 15 g,موضعی 
GELATIN MODIFIED (2),ژلاسپان,تزریقی,4 % 500 mL,پرنترال 
TETRACYCLINE HYDROCHLORIDE,آئروتکس,پماد,1 % 3 g,چشمی 
THIOPENTAL SODIUM,تیوپنتال وی یو ای بی,پودر,500 mg mg,برای تهیه محلول تزریقی پرنترال
METFORMIN HYDROCHLORIDE / LINAGLIPTIN,تاگلیدا-دو,قرص,1000 mg/2.5 mg,خوراکی 
MICONAZOLE NITRATE,مایکونازول,کرم,2 % 45 g,واژینال 
PROPOFOL,پروپوون ام سی تی,امولسیون,20 mg/1mL 50 mL,تزریقی پرنترال
PALBOCICLIB,آیبرکت,کپسول,100 mg,خوراکی 
PERITONEAL DIALYSIS III,دیالیز صفاقی III,محلول,38.6 g/5.67 g/0.257 g/0.152 g/3.922 g/1000 mL 2 L,داخل صفاقی
SILODOSIN,آپریلو,کپسول,4 mg,خوراکی 
BEMPEDOIC ACID,بمپلید,قرص,180 mg,خوراکی 
FOLLITROPIN BETA,پیورگون,محلول,833 [iU]/1mL 1.08 [iU],تزریقی پرنترال
MAPROTILINE HYDROCHLORIDE,ماپروتیلین,قرص,75 mg,خوراکی 
CALCIUM FOLINATE,روفولین,پودر,100 mg mg,برای تهیه محلول تزریقی پرنترال
LOSARTAN POTASSIUM / HYDROCHLOROTHIAZIDE,لوزاتن-اچ,قرص,50 mg/12.5 mg,خوراکی 
CLOBETASOL PROPIONATE,کلوبتازول,لوسیون,0.05 % 25 mL,موضعی 
ADULT COLD PREPARATIONS (4-12),فلوسیترین شب,پودر,650 mg/10 mg/25 mg g,برای تهیه محلول خوراکی
PROPOFOL,پروپوفول ام سی تی,امولسیون,10 mg/1mL 50 mL,تزریقی پرنترال
CALCITRIOL,وانا کلسی تریول,کپسول,0.25 ug,حاوی مایع خوراکی
IBUPROFEN,بروپین,سوسپانسیون,40 mg/1mL 30 mL,خوراکی 
ANTIHEMORRHOID,آنتی هموروئید-عماد,شیاف,60 mg/5 mg/50 mg/400 mg,مقعدی 
FLUOROURACIL,فایورنا,تزریقی,50 mg/1mL 10 mg,پرنترال 
DEXTROSE,دکستروز,محلول,5 % 500 mL,تزریقی داخل وریدی
CIPROFLOXACIN (AS LACTATE),سیپروفلوکساسین در سدیم کلراید,محلول,2 mg/1mL 100 mL,تزریقی داخل وریدی
BOTULINUM A TOXIN,دیستون,پودر,500 [iU] U,لئوفیلیزه برای تهیه محلول تزریقی پرنترال
FLUOCINOLONE ACETONIDE,فلوکورتف,پماد,0.025 % 15 g,موضعی 
PREGABALIN,پرگابالین,کپسول,75 mg,خوراکی 
DIAZOXIDE,پروگلیسم,کپسول,100 mg,خوراکی 
OSELTAMIVIR (AS PHOSPHATE),تاماویر,پودر,60 mg/5mL 75 mg,برای تهیه سوسپانسیون خوراکی
ENALAPRIL MALEATE,انالاپریل-عبیدی,قرص,20 mg,خوراکی 
EZETIMIBE / ROSUVASTATIN (AS CALCIUM),کروزت,قرص,10 mg/40 mg,خوراکی 
FORMOTEROL FUMARATE,ونیدیل,کپسول,12 ug,استنشاقی 
METOCLOPRAMIDE HYDROCHLORIDE,پلامید گات,"محلول،",4 mg/1mL 15 mL,قطره خوراکی
BETAHISTINE DIHYDROCHLORIDE,بتاسرک,قرص,8 mg,خوراکی 
OMEPRAZOLE,روژیپرازول,کپسول,) 20 mg,(پلت های انتریک کوتد خوراکی
CICLOSPORIN,ریجستاپ,کپسول,100 mg,حاوی مایع خوراکی
INSULIN GLARGINE,گلاین,تزریقی,100 [iU]/1mL 3 mL,پرنترال 
BISOPROLOL FUMARATE,بیزوپرولول,قرص,10 mg,خوراکی 
THEOPHYLLINE / GUAIFENESIN,تئوفیلین/گایافنزین,محلول,50 mg/30 mg/5mL 120 mL,خوراکی 
ACETAMINOPHEN,ولوتیل,قرص,500 mg,خوراکی 
FLUTAMIDE,فلوتاناکس,قرص,250 mg,خوراکی 
DIGOXIN SPECIFIC ANTIBODY,دیجیفب,تزریقی,40 mg mg,پرنترال 
SIPONIMOD,ریلاپزنت,قرص,2 mg,خوراکی 
IBUPROFEN,پروویل,سوسپانسیون,100 mg/5mL 120 mL,خوراکی 
METHADONE HYDROCHLORIDE,متادون,قرص,20 mg,خوراکی 
AZITHROMYCIN,آزيترومايسين,کپسول,250 mg,خوراکی 
RIVAROXABAN,کلاتوور,قرص,20 mg,خوراکی 
DEXTROSE,دکستروز,محلول,5 % 500 mL,تزریقی داخل وریدی
MITOMYCIN,میتومایسین,پودر,2 mg mg,برای تهیه محلول تزریقی پرنترال
SUNITINIB (AS MALATE),سانیزا,کپسول,50 mg,خوراکی 
DASATINIB,داسازا,قرص,80 mg,خوراکی 
SAPROPTERIN DIHYDROCHLORIDE,کووان,قرص,100 mg,حل شونده خوراکی
FLUTICASONE PROPIONATE,فلومیست,اسپری,50 ug/1{Puff} 100 mL,از راه بینی
IMMUNE GLOBULIN,آی جی ونا,تزریقی,50 mg/1mL 100 g,داخل وریدی
VITAMIN A / VITAMIN D,ویتامین آ+د- ناژو,پماد,850 [iU]/85 [iU]/1g 30 g,موضعی 
OPIUM,اپیوم,تنطور,10 mg/1mL 250 mL,خوراکی 
LOSARTAN POTASSIUM,لوزارتان-تدافارم,قرص,50 mg,خوراکی 
ACETAMINOPHEN,بهستامول,"محلول،",100 mg/1mL 15 mL,قطره خوراکی
MINOCYCLINE (AS HYDROCHLORIDE),میندروکس,قرص,100 mg,خوراکی 
ANTIHEMORRHOID,آنتی هموروئید- عماد,,50 mg/2.75 mg/35 mg/180 mg/1g 15 g,پماد مقعدی
CARBOPLATIN,کارپتین,محلول,10 mg/1mL 5 mL,غلیظ تزریقی داخل وریدی
METFORMIN HYDROCHLORIDE / LINAGLIPTIN,لیناگلیپتین/متفورمین,قرص,1000 mg/2.5 mg,خوراکی 
LIRAGLUTIDE,ساکسندا,محلول,6 mg/1mL 3 mg,تزریقی پرنترال
CITICOLINE,تیدی کولین,تزریقی,125 mg/1mL 2 mL,پرنترال 
PACLITAXEL,الوپکس,تزریقی,6 mg/1mL 16.7 mg,پرنترال 
BETAMETHASONE (AS VALERATE),بتامتازون-بهوزان,پماد,0.1 % 15 g,موضعی 
GLICLAZIDE,گلی زیتکس,قرص,30 mg,پیوسته رهش خوراکی
SORAFENIB (AS TOSYLATE),سورانکس,قرص,200 mg,خوراکی 
VITAMIN B COMPLEX,کیوویت,تزریقی,5 mg/2 mg/2 mg/3 mg/20 mg/1mL 2 mL,پرنترال 
DILTIAZEM HYDROCHLORIDE,دیلتیازم آریا,قرص,120 mg,پیوسته رهش خوراکی
IBUPROFEN,ایبوگان,سوسپانسیون,100 mg/5mL 120 mL,خوراکی 
ESOMEPRAZOLE (AS MAGNESIUM),اسونکس,کپسول,40 mg,انتریک کوتد خوراکی
METHYL SALICYLATE,متیل سالیسیلات,پماد,30 % 30 g,موضعی 
CEFTRIAXONE (AS SODIUM),سفتریاکسون,پودر,1 g g,برای تهیه محلول تزریقی پرنترال
RILUZOLE,ریلوزان,قرص,50 mg,خوراکی 
CLOTRIMAZOLE / HYDROCORTISONE (AS ACETATE),کورتی مولد,کرم,1 %/1 % 30 g,موضعی 
HALOPERIDOL,هالوپریدول-سبحان,قرص,5 mg,خوراکی 
FILGRASTIM,اکسی پوژن,تزریقی,600 ug/1mL 0.5 mL,پرنترال 
ERLOTINIB (AS HYDROCHLORIDE),تینلو,قرص,150 mg,خوراکی 
BENDAMUSTINE HYDROCHLORIDE,بنداموستین مداک,پودر,25 mg mg,برای تهیه محلول تزریقی پرنترال
ALPRAZOLAM,زاناکس,قرص,0.5 mg,خوراکی 
VINORELBINE (AS TARTRATE),سوبلوین,محلول,10 mg/1mL 1 mL,غلیظ تزریقی پرنترال
MEROPENEM,مروپنم-اکسیر,پودر,500 mg mg,برای تهیه محلول تزریقی پرنترال
EMPAGLIFLOZIN / LINAGLIPTIN / METFORMIN HYDROCHLORIDE,آوانومت,قرص,12.5 mg/2.5 mg/1000 mg,پیوسته رهش خوراکی
NITROGLYCERIN,نیتروکسیر,قرص,2.6 mg,پیوسته رهش خوراکی
CEFOTAXIME (AS SODIUM),سفوجکت,پودر,1 g g,برای تهیه محلول تزریقی پرنترال
SODIUM CHLORIDE,نئوفلکس,محلول,0.9 % 500 mL,تزریقی پرنترال
PANTOPRAZOLE (AS SODIUM SESQUIHYDRATE),پنتوپرازول,کپسول,20 mg,انتریک کوتد خوراکی
DIMETHYL FUMARATE,زادیوا,کپسول,120 mg,انتریک کوتد خوراکی
MONTELUKAST (AS SODIUM),لوتریکس,گرانول,4 mg mg,خوراکی 
RISPERIDONE,ریسپادون,قرص,4 mg,خوراکی 
OMEPRAZOLE,امپرازول,کپسول,) 20 mg,(پلت های انتریک کوتد خوراکی
SEVELAMER CARBONATE,بایولا,قرص,800 mg,خوراکی 
CICLOSPORIN,ایمینورال,کپسول,25 mg,حاوی مایع خوراکی
MYCOPHENOLIC ACID,ماینالیک,قرص,360 mg,انتریک کوتد خوراکی
DEXTROMETHORPHAN HYDROBROMIDE,دکسترومتورفان,شربت,15 mg/5mL 60 mL,خوراکی 
VONOPRAZAN (AS FUMARATE),ونزیتو,قرص,20 mg,خوراکی 
SOLIFENACIN SUCCINATE,سولیفناسین,قرص,10 mg,خوراکی 
BUSPIRONE HYDROCHLORIDE,بوسپیرون,قرص,5 mg,خوراکی 
CLOBETASOL PROPIONATE,کلوبتازول-بهوزان,لوسیون,0.05 % 25 mL,موضعی 
OXYMETAZOLINE HYDROCHLORIDE,رینوزولین,اسپری,0.05 % 15 mL,از راه بینی
SUMATRIPTAN (AS SUCCINATE),آنتی میگرامین,قرص,50 mg,خوراکی 
QUETIAPINE (AS FUMARATE),سرامین,قرص,25 mg,خوراکی 
PIOGLITAZONE,پیوسد,قرص,30 mg,خوراکی 
DOPAMINE HYDROCHLORIDE,دپادیک,تزریقی,40 mg/1mL 5 mL,پرنترال 
NITROGLYCERIN,سوستاک,قرص,2.6 mg,پیوسته رهش خوراکی
CLOTRIMAZOLE,آفی تریمازول,کرم,2 % 50 g,واژینال 
L-CARNITINE,کارنیمکس,قرص,250 mg,خوراکی 
NIMODIPINE,نموتان,قرص,30 mg,خوراکی 
SILDENAFIL (AS CITRATE),اس دی اف,قرص,50 mg,خوراکی 
DUTASTERIDE,تراوکس,کپسول,0.5 mg,حاوی مایع خوراکی
DORZOLAMIDE (AS HYDROCHLORIDE) / TIMOLOL (AS MALEATE),دورزومول- پی بی ای,"محلول،",2 %/0.5 % 10 mL,قطره چشمی
ONDANSETRON,بهسترون,قرص,4 mg,بازشونده در دهان خوراکی
DEFERASIROX,آوی سیروکس,,360 mg,قرص خوراکی
ACTIVATED PROTHROMBIN COMPLEX (CONCENTRATED),فیبا,پودر,500 [iU] [iU],لئوفیلیزه برای تهیه محلول تزریقی پرنترال
VALPROATE SODIUM,اپی وال,قرص,200 mg,انتریک کوتد خوراکی
MELOXICAM,ملوکسیکام - حکیم,قرص,7.5 mg,خوراکی 
EMPAGLIFLOZIN / METFORMIN HYDROCHLORIDE,پگلیمت,قرص,12.5 mg/500 mg,خوراکی 
EVEROLIMUS,رولیما,قرص,0.75 mg,خوراکی 
CHLORAMPHENICOL,کلوبیوتیک,"محلول،",0.5 % 5 mL,قطره چشمی
IBUPROFEN,فوریمو,قرص,800 mg,پیوسته رهش خوراکی
FAMOTIDINE,فاموتد,قرص,20 mg,خوراکی 
TICAGRELOR,برلور,قرص,90 mg,خوراکی 
HYDROCORTISONE / ACETIC ACID,اوتیسپت,"محلول،",1 %/2 % 10 mL,قطره گوشی
TADALAFIL,جیالیکسو,قرص,10 mg,خوراکی 
FLUDROCORTISONE ACETATE,فلودروکورتیزون,قرص,0.1 mg,خوراکی 
PRIMIDONE,لیسکانتین سافت,سوسپانسیون,125 mg/5mL 250 mL,خوراکی 
GLICLAZIDE,گلی زیتکس,قرص,80 mg,خوراکی 
FLUTICASONE PROPIONATE,فلوتیزوکس,اینهالر,250 ug/1{dose} 120 ug,استنشاقی 
MYCOPHENOLATE MOFETIL,مایکوفنولات مفتیل ساندوز,قرص,500 mg,خوراکی 
CETIRIZINE HYDROCHLORIDE,ستیریزین,,5 mg,قرص خوراکی
METFORMIN HYDROCHLORIDE,متفورمین هگزال,قرص,500 mg,خوراکی 
OXALIPLATIN,الوکسال,محلول,5 mg/1mL 10 mg,غلیظ تزریقی پرنترال
ERLOTINIB (AS HYDROCHLORIDE),ارلوکو,قرص,150 mg,خوراکی 
SUMATRIPTAN (AS SUCCINATE) / NAPROXEN,میگرکسترا,قرص,85 mg/500 mg,خوراکی 
DIMENHYDRINATE,تراولین,قرص,50 mg,خوراکی 
DOMPERIDONE,موتیلوور,قرص,10 mg,خوراکی 
ENOXAPARIN SODIUM,سیناستیم,تزریقی,100 mg/1mL 0.6 mg,پرنترال 
TRIPTORELIN (AS PAMOATE),دیفرلین,پودر,11.25 mg mg,لئوفیلیزه برای تهیه سوسپانسیون تزریقی پیوسته رهش پرنترال
FAMOTIDINE,فاموتیدین - حکیم,قرص,40 mg,خوراکی 
KETOTIFEN (AS FUMARATE),تیکوف-آی,"محلول،",0.025 % 5 mL,قطره چشمی
LIDOCAINE / PRILOCAINE,پملا,کرم,2.5 %/2.5 % 30 g,موضعی 
FENOFIBRATE,ردولیپ,کپسول,100 mg,خوراکی 
DONEPEZIL HYDROCHLORIDE / MEMANTINE HYDROCHLORIDE,مانازیل,کپسول,10 mg/14 mg,پیوسته رهش خوراکی
IVERMECTIN,آیوروتب,قرص,6 mg,خوراکی 
CLOTRIMAZOLE,کلو-ژین,کرم,1 % 50 g,واژینال 
ISOTRETINOIN,ایزوتن,ژل,0.05 % 30 g,موضعی 
LITHIUM CARBONATE,لیتیبکس,قرص,300 mg,خوراکی 
CIPROFLOXACIN (AS HYDROCHLORIDE),سیپروفکت,قرص,500 mg,خوراکی 
METHOTREXATE,رکسیمد,محلول,25 mg/1mL 2 mg,تزریقی پرنترال
ATORVASTATIN (AS CALCIUM),لیپیکات,قرص,20 mg,خوراکی 
ACETAMINOPHEN / CAFFEINE / CHLORPHENIRAMINE / VITAMIN C,کوریزان ویتامین سی,کپسول,200 mg/25 mg/2.5 mg/150 mg,خوراکی 
TIRZEPATIDE,زیکورپا,محلول,5 mg/0.5mL mL,تزریقی زیر جلدی
KETOROLAC TROMETAMOL,کتروفال,"محلول،",0.5 % 5 mL,قطره چشمی
TIOTROPIUM (AS BROMIDE),تیوتروپیوم,کپسول,18 ug,استنشاقی 
SOLIFENACIN SUCCINATE,یوریناسین,قرص,10 mg,خوراکی 
DEXTROMETHORPHAN HYDROBROMIDE,برینیل,شربت,15 mg/5mL 60 mL,خوراکی 
SULFASALAZINE,سولفاسالازین,قرص,500 mg,خوراکی 
TEMOZOLOMIDE,تمودال,کپسول,20 mg,خوراکی 
FINGOLIMOD (AS HYDROCHLORIDE),دانلوین,کپسول,0.5 mg,خوراکی 
FLUOROMETHOLONE,فلوکورت,"سوسپانسیون،",0.1 % 5 mL,قطره چشمی
EXEMESTANE,آرومستان,قرص,25 mg,خوراکی 
POVIDONE IODINE,فارمادین,,7.5 % 1 mL,محلول موضعی
EMPAGLIFLOZIN / METFORMIN HYDROCHLORIDE,پگلیمت,قرص,5 mg/1000 mg,خوراکی 
NALTREXONE HYDROCHLORIDE,نالتروکسون,کپسول,25 mg,خوراکی 
PROPRANOLOL HYDROCHLORIDE,پروپراتد,قرص,40 mg,خوراکی 
IVABRADINE (AS HYDROCHLORIDE),برادیکس,قرص,5 mg,خوراکی 
TRAZODONE HYDROCHLORIDE,ترازودون,قرص,50 mg,خوراکی 
CEFALEXIN,کفالکس,کپسول,500 mg,خوراکی 
QUETIAPINE (AS FUMARATE),بیکوئل,قرص,100 mg,خوراکی 
VITAMIN B1 (THIAMINE),ویتامین ب 1,قرص,300 mg,خوراکی 
APIXABAN,آپیکسابان,قرص,5 mg,خوراکی 
VENLAFAXINE,فلاکسور,قرص,75 mg,خوراکی 
VALSARTAN,واساران,قرص,80 mg,خوراکی 
COLISTIMETHATE SODIUM,کلیستیمتات سدیم,پودر,1000000 [iU] [iU],برای تهیه محلول تزریقی پرنترال
YOHIMBINE HYDROCHLORIDE,یوهمبین,قرص,2 mg,خوراکی 
IBUPROFEN,رابوفن,ژل,5 % 50 g,موضعی 
OZANIMOD (AS HYDROCHLORIDE),زپونیم,کپسول,0.46 mg,خوراکی 
PRIMIDONE,پریمیدون,قرص,250 mg,خوراکی 
FLUTICASONE PROPIONATE,فلازون,اسپری,50 ug/1{Puff} 200 mL,از راه بینی
PANTOPRAZOLE (AS SODIUM SESQUIHYDRATE),نولپازا,قرص,20 mg,انتریک کوتد خوراکی
DEFERASIROX,آوی سیروکس,,500 mg,قرص برای تهیه سوسپانسیون خوراکی
DICLOFENAC SODIUM,دیکلوفناک-ناژو,شیاف,50 mg g,مقعدی 
LEVETIRACETAM,لوبل,محلول,100 mg/1mL 5 mL,غلیظ تزریقی پرنترال
BURN OINTMENT,سوختگی-ناژو,پماد,30 %/50 % 30 g,موضعی 
RIFAXIMIN,روفاکسیم,قرص,550 mg,خوراکی 
DAPOXETINE (AS HYDROCHLORIDE),اگزیرکت,قرص,60 mg,خوراکی 
ESCITALOPRAM (AS OXALATE),دپروکوئیت,قرص,10 mg,خوراکی 
MINOCYCLINE (AS HYDROCHLORIDE),آکنوفاژ,قرص,50 mg,خوراکی 
PERPHENAZINE,پرفنازین,قرص,8 mg,خوراکی 
CALCIUM FOLINATE,روفولین,پودر,200 mg mg,برای تهیه فرآورده تزریقی پرنترال
DIPHENHYDRAMINE / AMMONIUM CHLORIDE,دیفرامیکس,شربت,12.5 mg/125 mg/5mL 60 mL,خوراکی 
BARICITINIB,باریسب,قرص,4 mg,خوراکی 
ENOXAPARIN SODIUM,رولکسان,تزریقی,100 mg/1mL 0.4 mL,پرنترال 
METRONIDAZOLE,آفیژیل,شیاف,500 mg,واژینال 
AMLODIPINE (AS BESILATE) / VALSARTAN,آملودیپین/والسارتان,قرص,5 mg/80 mg,خوراکی 
TACROLIMUS,تاکلیروس,کپسول,0.5 mg,خوراکی 
INTERFERON BETA-1A,سینووکس,تزریقی,12000000 [iU]/1mL 0.5 [iU],پرنترال 
VITAMIN B1 (THIAMINE),تیا-وان,قرص,300 mg,خوراکی 
ACETAMINOPHEN / CAFFEINE,لگزانول,قرص,500 mg/65 mg,خوراکی 
BRIMONIDINE TARTRATE,بریمونیدین,"محلول،",0.2 % 5 mL,قطره چشمی
DOMPERIDONE,موتیوین,قرص,10 mg,خوراکی 
ACARBOSE,آکاربوز,قرص,100 mg,خوراکی 
DOXEPIN,داکسیپن,کپسول,10 mg,خوراکی 
PANTOPRAZOLE (AS SODIUM),دی پی پنتوکس,پودر,40 mg mg,لئوفیلیزه برای تهیه محلول تزریقی پرنترال
MELOXICAM,ملوکاکس,قرص,15 mg,خوراکی 
ROPIVACAINE HYDROCHLORIDE,روپیواکائین,محلول,2 mg/1 mL 10 mL,تزریقی پرنترال
PACLITAXEL,پاکلکس,تزریقی,6 mg/1mL 50 mg,پرنترال 
METOPROLOL SUCCINATE,متواکستند,قرص,47.5 mg,پیوسته رهش خوراکی
TRAMADOL HYDROCHLORIDE,مهترام,قرص,100 mg,خوراکی 
MACITENTAN,ماسیپول,قرص,10 mg,خوراکی 
ALENDRONATE (AS SODIUM),آلوانس,قرص,70 mg,خوراکی 
ESOMEPRAZOLE,راکسوم,قرص,40 mg,انتریک کوتد خوراکی
BALANCED SALT SOLUTION (2),بالانسد سالت,محلول,500 mL,چشمی 
FILGRASTIM,زارزیو,تزریقی,600 ug/1mL 0.5 ug,پرنترال 
EMPAGLIFLOZIN / METFORMIN HYDROCHLORIDE,امپادیانس-ام,قرص,5 mg/1000 mg,خوراکی 
POVIDONE IODINE,پوویدون آیداین,محلول,10 % 1000 L,موضعی 
METRONIDAZOLE,متروماکس,ژل,0.75 % 70 g,واژینال 
AMLODIPINE (AS BESILATE) / VALSARTAN,والماپین,قرص,5 mg/80 mg,خوراکی 
ATORVASTATIN (AS CALCIUM),لیپوفیکس,قرص,10 mg,خوراکی 
CO-TRIMOXAZOLE,کوتریکسول,قرص,400 mg/80 mg,خوراکی 
SOLIFENACIN SUCCINATE,سوفاسین- آی اچ,قرص,5 mg,خوراکی 
LEVODOPA / BENSERAZIDE,نوراستور,قرص,100 mg/25 mg,بازشونده در دهان خوراکی
DONEPEZIL HYDROCHLORIDE,دونپت,قرص,5 mg,خوراکی 
DAPAGLIFLOZIN (AS PROPANEDIOL),داپاگلوز,قرص,5 mg,خوراکی 
METHYLPHENIDATE HYDROCHLORIDE,متیل فنیدیت ساندوز,قرص,36 mg,پیوسته رهش خوراکی
HYDROXYZINE HYDROCHLORIDE,هیدروکسی زین,قرص,25 mg,خوراکی 
CELECOXIB,سلبونک,کپسول,100 mg,خوراکی 
ACETAMINOPHEN,استاژل,کپسول,500 mg,با روکش ژلاتین خوراکی
IBUPROFEN,ادویفن,کپسول,200 mg,حاوی مایع خوراکی
SODIUM CHLORIDE,ناتریسالت,"محلول،",5 % 10 mL,قطره چشمی
ONDANSETRON (AS HYDROCHLORIDE),اندانمکس,قرص,4 mg,خوراکی 
CHLORTHALIDONE,کلرتالیدون,قرص,100 mg,خوراکی 
AMLODIPINE (AS BESILATE),آملودیپین,قرص,2.5 mg,خوراکی 
CLINDAMYCIN (AS PHOSPHATE),آفیندامایسین,کرم,2 % 40 g,واژینال 
GUAIFENESIN,موتیسین,شربت,100 mg/5mL 60 mL,خوراکی 
DICYCLOMINE HYDROCHLORIDE,ایپی کلومین,تزریقی,10 mg/1mL 2 mL,پرنترال 
EZETIMIBE / ROSUVASTATIN (AS CALCIUM),ازستاتین,قرص,10 mg/5 mg,خوراکی 
AZITHROMYCIN,آزیترومایسین,پودر,100 mg/5mL 30 mL,برای تهیه سوسپانسیون خوراکی
MOMETASONE FUROATE,راویزون,"اسپری،",0.05 % 20 mL,سوسپانسیون از راه بینی
METHOTREXATE,کیوراترکس,محلول,25 mg/1mL 2 mg,تزریقی پرنترال
EMPAGLIFLOZIN / LINAGLIPTIN / METFORMIN HYDROCHLORIDE,ترای‌تیس,قرص,10 mg/5 mg/1000 mg,پیوسته رهش خوراکی
DEXPANTHENOL,دکسپانتنول-عماد,کرم,5 % 30 g,موضعی 
PERMETHRIN,پرمترا,شامپو,1 % 60 mL,موضعی 
AZELASTINE HYDROCHLORIDE / FLUTICASONE PROPIONATE,آزلاستین هیدروکلراید / فلوتیکازون پروپیونات,اسپری,137 ug/50 ug/1 {Puff} 120 mL,با دوز اندازه گیری شده از راه بینی
LANSOPRAZOLE,لانسوپرازول,کپسول,30 mg,انتریک کوتد خوراکی
OSIMERTINIB (AS MESYLATE),تایروزیو,قرص,80 mg,خوراکی 
VASOPRESSIN,های پرس,تزریقی,20 [iU]/1mL 1 [iU],پرنترال 
METRONIDAZOLE,مترونیدازول,محلول,5 mg/1mL 100 mm,تزریقی پرنترال
FEXOFENADINE HYDROCHLORIDE,هیسومین,قرص,60 mg,خوراکی 
LEVOFLOXACIN,لتانکس,قرص,500 mg,خوراکی 
ENOXAPARIN SODIUM,انوکساپارین,تزریقی,100 mg/1mL 0.4 mL,پرنترال 
SALMETEROL (AS XINAFOATE) / FLUTICASONE PROPIONATE,ساتیکا,کپسول,50 ug/250 ug/1{dose},استنشاقی 
CLOBETASOL PROPIONATE,کورتام,پماد,0.05 % 15 g,موضعی 
AMLODIPINE (AS BESILATE) / VALSARTAN,والزومیکس,قرص,10 mg/160 mg,خوراکی 
ENOXAPARIN SODIUM,کلاتاز,تزریقی,100 mg/1mL 0.6 [iU],پرنترال 
METOPROLOL SUCCINATE,متوماپس,قرص,47.5 mg,پیوسته رهش خوراکی
ACETAMINOPHEN / CAFFEINE / CHLORPHENIRAMINE / VITAMIN C,فلوسیپ سی,کپسول,200 mg/25 mg/2.5 mg/150 mg,خوراکی 
AGOMELATINE,آگولیپ,قرص,25 mg,خوراکی 
DASATINIB,دوتیکسا,قرص,70 mg,خوراکی 
CISPLATIN,سیپلونا,محلول,1 mg/1mL 10 mg,غلیظ تزریقی داخل وریدی
FINGOLIMOD (AS HYDROCHLORIDE),نورابکس,کپسول,0.5 mg,خوراکی 
CIPROFLOXACIN (AS HYDROCHLORIDE),سیپروفلوکساسین آریا,قرص,250 mg,خوراکی 
TADALAFIL,تادارکتیل,قرص,20 mg,خوراکی 
EMPAGLIFLOZIN / LINAGLIPTIN,امپاگلیفلوزین/لیناگلیپتین,قرص,10 mg/5 mg,خوراکی 
PACLITAXEL,پکلی تکسل,تزریقی,6 mg/1mL 16.7 mL,پرنترال 
METHADONE HYDROCHLORIDE,متادون,محلول,25 mg/5 mL 250 mL,خوراکی 
BISOPROLOL FUMARATE,بیزوفوماری,قرص,5 mg,خوراکی 
VITAMIN D3,دی-ویژل,کپسول,50000 [iU],حاوی مایع خوراکی
CLOMIPRAMINE HYDROCHLORIDE,آبنیل,قرص,50 mg,خوراکی 
METFORMIN HYDROCHLORIDE,مهبامت,قرص,500 mg,خوراکی 
HYDROXYPROGESTERONE CAPROATE,هیدروکسی پروژسترون کاپروت,تزریقی,250 mg/1mL 1 mg,پرنترال 
DICLOFENAC SODIUM,دیکلوتان,قرص,100 mg,پیوسته رهش خوراکی
FINASTERIDE,فیناید,قرص,5 mg,خوراکی 
EMPAGLIFLOZIN,گلوکولیمپا,قرص,25 mg,خوراکی 
MOMETASONE FUROATE,ویوانلا,"اسپری،",0.05 % 14 mL,سوسپانسیون از راه بینی
DAPOXETINE (AS HYDROCHLORIDE),داپوکستین-اکسیر,قرص,30 mg,خوراکی 
BROMHEXINE HYDROCHLORIDE,برم هگزین-عماد,محلول,4 mg/5mL 60 mL,خوراکی 
VERTEPORFIN,ویزوداین,پودر,15 mg mg,برای تهیه محلول تزریقی پرنترال
EXPECTORANT CODEINE,اکسپکتورانت کدئین-الحاوی,شربت,100 mg/30 mg/10 mg/5 mL 60 mL,خوراکی 
VALSARTAN,واسکوران,قرص,160 mg,خوراکی 
METHOTREXATE SODIUM,ابترکس,تزریقی,10 mg/1mL 5 mg,پرنترال 
MESALAZINE,آساکول,قرص,1600 mg,پیوسته رهش خوراکی
ACETAMINOPHEN / CODEINE PHOSPHATE,استامینوفن/کدئین سها,قرص,300 mg/20 mg,خوراکی 
FOLIC ACID,فولیک اسید-جالینوس,قرص,5 mg,خوراکی 
URSODEOXYCHOLIC ACID,اورسوکپ,کپسول,300 mg,خوراکی 
IOHEXOL,آیوپک,تزریقی,300 mg/1mL 50 mL,پرنترال 
CIPROFLOXACIN (AS HYDROCHLORIDE),پوریک سیدال,قرص,500 mg,خوراکی 
TRASTUZUMAB EMTANSINE,پادینکس,پودر,160 mg mg,لئوفیلیزه برای تهیه محلول تزریقی پرنترال
FLUOCINOLONE ACETONIDE,درماسینول,پماد,0.025 % 15 g,موضعی 
TRIMIPRAMINE (AS MALEATE),تریمونتیل,قرص,25 mg,خوراکی 
BACLOFEN,باکلوفن,قرص,25 mg,خوراکی 
METFORMIN HYDROCHLORIDE,متفورمین-سبحان,قرص,500 mg,پیوسته رهش خوراکی
MESALAZINE,مزاسا,گرانول,1 g g,پیوسته رهش خوراکی
GLIBENCLAMIDE,گلی بن کلامید,قرص,5 mg,خوراکی 
PROPRANOLOL HYDROCHLORIDE,پروپرانولول-حکیم,قرص,10 mg,خوراکی 
FEBUXOSTAT,یوریکوفل,قرص,80 mg,خوراکی 
METRONIDAZOLE,مترونیدازول مدیفارم,ژل,0.75 % 70 g,واژینال 
CABERGOLINE,داستینکس,قرص,0.5 mg,خوراکی 
HYDROCORTISONE (AS SODIUM SUCCINATE),اکسی کورت,پودر,100 mg mg,برای تهیه محلول تزریقی پرنترال
EMPAGLIFLOZIN / METFORMIN HYDROCHLORIDE,امپاگلیفلوزین / متفورمین,قرص,5 mg/1000 mg,خوراکی 
HEPARIN SODIUM,هپارین,تزریقی,1000 [iU]/1mL 1 mL,پرنترال 
MEBENDAZOLE,مبندازول,قرص,100 mg,جویدنی خوراکی
DIPHTHERIA TOXOID / TETANUS TOXOID / PERTUSSIS VACCINE,آداسل,سوسپانسیون,1 {dose} 0.5 mL,تزریقی پرنترال
ZOLPIDEM TARTRATE,زوسلیپ,قرص,10 mg,خوراکی 
BECLOMETHASONE DIPROPIONATE / FORMOTEROL FUMARATE,فوربفیکس,آئروسل,100 ug/6 ug/1{Puff} 120 {dose},با دوز اندازه گیری شده استنشاقی
PHENYTOIN SODIUM,فنی توئین-الحاوی,کپسول,100 mg,خوراکی 
ACETAMINOPHEN / CAFFEINE / IBUPROFEN,رلیفن,کپسول,325 mg/40 mg/200 mg,خوراکی 
CHLORAMBUCIL,کلوراسپ,قرص,2 mg,خوراکی 
FLUCONAZOLE,فلوکونازول,کپسول,150 mg,خوراکی 
MESALAZINE,مزالوور,گرانول,1 g g,پیوسته رهش خوراکی
DAPOXETINE (AS HYDROCHLORIDE),دیلی پوکس,قرص,60 mg,خوراکی 
SALBUTAMOL (AS SULFATE),سالبوتامول-عماد,شربت,2 mg/5mL 120 mL,خوراکی 
GENTAMICIN,جنتامایسین,تزریقی,10 mg/1mL 2 mL,پرنترال 
PIRACETAM,منتافد,قرص,800 mg,خوراکی 
CETIRIZINE HYDROCHLORIDE,سیتریزین هیدروکلراید,شربت,1 mg/1mL 60 mm,خوراکی 
BARICITINIB,اکتونیب,قرص,2 mg,خوراکی 
LINACLOTIDE,لیناکلاید,کپسول,145 ug,خوراکی 
ADULT COLD PREPARATIONS (7-23),کافوکلد,قرص,15 mg/2 mg/5 mg/500 mg,خوراکی 
NOREPINEPHRINE (AS BITARTRATE),نورآدرنالین نورمون,محلول,0.5 mg/1mL 10 mL,غلیظ تزریقی پرنترال
ESOMEPRAZOLE,ازونیوم عبیدی,کپسول,40 mg,انتریک کوتد خوراکی
CLOTRIMAZOLE,کلومازول,کرم,1 % 15 g,موضعی 
SELEGILINE HYDROCHLORIDE,سلژلینا ژنریس,قرص,5 mg,خوراکی 
SALMETEROL (AS XINAFOATE) / FLUTICASONE PROPIONATE,فلوسالمکس,آئروسل,25 ug/125 ug/1{dose} 120 {Puff},با دوز اندازه گیری شده استنشاقی
KETOCONAZOLE,کتوکونازول,کرم,2 % 30 g,موضعی 
PRAMIPEXOLE (AS DIHYDROCHLORIDE),پارکیسول,قرص,0.7 mg,خوراکی 
CHORIONIC GONADOTROPHIN (HUMAN),فولیگنان,پودر,5000 [iU] [iU],برای تهیه محلول تزریقی پرنترال
MERCAPTOPURINE,پورینتول,قرص,50 mg,خوراکی 
CEFIXIME,لوپراکس,پودر,100 mg/5 mL 50 mg,برای تهیه سوسپانسیون خوراکی
ROMIPLOSTIM,ان پلیت,پودر,250 ug ug,برای تهیه محلول تزریقی پرنترال
SILDENAFIL (AS CITRATE),سیلدنافیل فارما,قرص,50 mg,خوراکی 
FIBRINOLYSIN / DESOXYRIBONUCLEASE,فیبرینولیزین / دزوکسی ریبونوکلئاز,پماد,1 [iU]/666 [iU] g,موضعی 
FUROSEMIDE,سیروزماید,محلول,40 mg/5mL 60 mL,خوراکی 
SEMAGLUTIDE,اوزیتاید,محلول,4 mg/3 mL mg,تزریقی پرنترال
CIPROFLOXACIN (AS HYDROCHLORIDE),سیپروتد,قرص,500 mg,خوراکی 
ASA (ACETYLSALICYLIC ACID),آ.اس.آ ( استیل سالیسیلیک اسید),قرص,80 mg,انتریک کوتد خوراکی
FLUCONAZOLE,فلوکونازول,کپسول,100 mg,خوراکی 
HYDROCHLOROTHIAZIDE,تیازیدکس,قرص,50 mg,خوراکی 
BECLOMETHASONE DIPROPIONATE,فوشال,آئروسل,100 ug/1{dose} 200 ug,با دوز اندازه گیری شده استنشاقی
SEVELAMER HYDROCHLORIDE,سواژل,قرص,800 mg,خوراکی 
METFORMIN HYDROCHLORIDE,متفورمین رازک,قرص,500 mg,خوراکی 
POVIDONE IODINE,پوویدون آیداین,دوش,10 % 250 mL,واژینال 
VINORELBINE (AS TARTRATE),سوبلوین,محلول,10 mg/1mL 5 mL,غلیظ تزریقی پرنترال
CLONIDINE HYDROCHLORIDE,وازونیدین,قرص,0.2 mg,خوراکی 
FAMOTIDINE,فاموتیدین,قرص,40 mg,خوراکی 
BOSENTAN,سنتوبایوکس,قرص,125 mg,خوراکی 
CEFOTAXIME (AS SODIUM),سفوجکت,پودر,500 mg mg,برای تهیه محلول تزریقی پرنترال
DEXTROMETHORPHAN HYDROBROMIDE,برینیل,شربت,15 mg/5mL 60 mL,خوراکی 
CICLOSPORIN,ایمینورال,کپسول,25 mg,حاوی مایع خوراکی
EXPECTORANT,اکسپکتورانت-الحاوی,شربت,100 mg/2 mg/30 mg/5mL 60 mL,خوراکی 
VALSARTAN,والسارتان,قرص,80 mg,خوراکی 
ACETAMINOPHEN / CAFFEINE / ASA,آکسار,قرص,162.5 mg/32.5 mg/325 mg,خوراکی 
ACETAMINOPHEN / CODEINE PHOSPHATE,استامینوفن/کدئین-حکیم,قرص,300 mg/20 mg,خوراکی 
FAMOTIDINE,فاموتیبان,قرص,40 mg,خوراکی 
HEPARIN SODIUM,هپارین,تزریقی,1000 [iU]/1mL 2 mL,پرنترال 
ACICLOVIR,آسیکلوویر,کرم,5 % 10 g,موضعی 
RIVASTIGMINE (AS HYDROGEN TARTRATE),ریواتکس,کپسول,1.5 mg,خوراکی 
RIFAXIMIN,ریفاکسیمین,قرص,200 mg,خوراکی 
ROSUVASTATIN (AS CALCIUM),رزوکسیر,قرص,20 mg,خوراکی 
AMLODIPINE (AS BESILATE) / BISOPROLOL FUMARATE,آملودیپین/بیزوپرولول,قرص,10 mg/5 mg,خوراکی 
LORATADINE,لوراتادین,قرص,10 mg,خوراکی 
CO-AMOXICLAV,فارمنتین ای اس,پودر,600 mg/42.9 mg/5mL 75 mL,برای تهیه سوسپانسیون خوراکی
BECLOMETHASONE DIPROPIONATE,بکلوتروکس,آئروسل,100 ug/1{dose} 200 ug,با دوز اندازه گیری شده استنشاقی
CLINDAMYCIN (AS PHOSPHATE),کلیندامایسین-ناژو,کرم,2 % 40 g,واژینال 
SOMATROPIN,پی دی گروث,پودر,4 [iU] [iU],برای تهیه محلول تزریقی پرنترال
DICYCLOMINE HYDROCHLORIDE,دی سیکلومین-عماد,الگزیر,10 mg/5mL 60 mL,خوراکی 
SALMETEROL (AS XINAFOATE) / FLUTICASONE PROPIONATE,سرتاید دیسکوس,دیسک,50 ug/100 ug/1{dose} 60 {dose},استنشاقی 
CINACALCET (AS HYDROCHLORIDE),دیپارون,قرص,30 mg,خوراکی 
DICLOFENAC SODIUM,دیکلوفناک سدیم,قرص,100 mg,پیوسته رهش خوراکی
MELPHALAN (AS HYDROCHLORIDE),آلکیکما,پودر,50 mg mg,برای تهیه محلول تزریقی پرنترال
CLOBETASOL PROPIONATE,کلوبتازول-گیلارانکو,کرم,0.05 % 15 g,موضعی 
DEXAMETHASONE PHOSPHATE,دگزامتازون,"محلول،",0.1 % 5 mL,قطره چشمی
VALSARTAN,بلووان,قرص,160 mg,خوراکی 
EVOLOCUMAB,رپاتا,تزریقی,140 mg/1mL 1 mg,پرنترال 
THEOPHYLLINE / GUAIFENESIN,تئوفیلین-جی عماد,محلول,50 mg/30 mg/5mL 120 mL,خوراکی 
SODIUM CHLORIDE,پولیفلکس,محلول,0.9 % 500 mL,تزریقی پرنترال
PAROXETINE (AS HYDROCHLORIDE),لوکسیم,قرص,20 mg,خوراکی 
METHOTREXATE,ترکسوما,قرص,2.5 mg,خوراکی 
VENLAFAXINE,آلوینتا,کپسول,37.5 mg,پیوسته رهش خوراکی
CHLORPHENIRAMINE MALEATE,کلرفنیرامین,قرص,4 mg,خوراکی 
DANTROLENE SODIUM,آگیلوس,پودر,120 mg mg,برای تهیه فرآورده تزریقی پرنترال
SIMETHICONE (DIMETHICONE ACTIVATED),سایمتیکون (دایمتیکون فعال شده),کپسول,125 mg,حاوی مایع خوراکی
CETIRIZINE HYDROCHLORIDE,ستریکیم,قرص,10 mg,خوراکی 
MYCOPHENOLIC ACID,مرولیک,قرص,360 mg,انتریک کوتد خوراکی
DICLOFENAC SODIUM,ولدیک,قرص,100 mg,پیوسته رهش خوراکی
DUTASTERIDE,دوتاستراید,کپسول,0.5 mg,حاوی مایع خوراکی
GENTAMICIN,جنتامایسین,تزریقی,40 mg/1mL 2 mL,پرنترال 
CO-TRIMOXAZOLE,کوتریموکسازول پاک دارو,سوسپانسیون,200 mg/40 mg/5mL 100 mL,خوراکی 
HUMAN PAPILLOMAVIRUS VACCINE (9-VALENT),گارداسیل 9 ظرفیتی,تزریقی,0.5 mL mL,پرنترال 
CITALOPRAM,سیتالوپرام,قرص,40 mg,خوراکی 
ALUMINIUM HYDROXIDE / MAGNESIUM HYDROXIDE / SIMETHICONE,آلومینیوم/منیزیم/سایمتیکون نیکسادا,سوسپانسیون,225 mg/200 mg/25 mg/5mL 240 mL,خوراکی 
MINOXIDIL,نویکسیل,قرص,2.5 mg,خوراکی 
HYOSCINE-N-BUTYL BROMIDE,هیوسیدیک,تزریقی,20 mg/1mL mL,پرنترال 
RIVAROXABAN,زالربان,قرص,20 mg,خوراکی 
BISACODYL,بیزاکودیل,شیاف,10 mg,مقعدی 
DIPHENHYDRAMINE HYDROCHLORIDE,دیفن هیدرامین بهسا,محلول,12.5 mg/5mL 60 mL,خوراکی 
ESOMEPRAZOLE,نکسیتور,کپسول,20 mg,انتریک کوتد خوراکی
DOXYCYCLINE (AS MONOHYDRATE),داکسی منت,کپسول,100 mg,خوراکی 
LABETALOL HYDROCHLORIDE,نورموجکت,تزریقی,5 mg/1mL 20 mL,پرنترال 
CLINDAMYCIN (AS HYDROCHLORIDE),کلیندامایسین,کپسول,300 mg,خوراکی 
PALBOCICLIB,پالبوبرست,کپسول,125 mg,خوراکی 
CELECOXIB,مدکسیب,کپسول,200 mg,خوراکی 
METOPROLOL SUCCINATE,متوپرولول سوکسینات - حکیم,قرص,47.5 mg,پیوسته رهش خوراکی
ALENDRONATE (AS SODIUM),استومد,قرص,70 mg,خوراکی 
SIMETHICONE (DIMETHICONE ACTIVATED),دایمتیکون-نیکسادا,"سوسپانسیون،",40 mg/1mL 30 mL,قطره خوراکی
LENALIDOMIDE,لناسب,کپسول,5 mg,خوراکی 
BOTULINUM A TOXIN,سانتیاژ,پودر,500 [iU] [iU],لئوفیلیزه برای تهیه محلول تزریقی پرنترال
POVIDONE IODINE,پوویدون آیداین-بهوزان,محلول,7.5 % 1 L,موضعی 
GABAPENTIN,گاباتین,کپسول,300 mg,خوراکی 
GLICLAZIDE,دیابزید,قرص,60 mg,پیوسته رهش خوراکی
AZITHROMYCIN,آزیتروسپت,قرص,250 mg,خوراکی 
OXAZEPAM,اگزازپام,قرص,10 mg,خوراکی 
DORZOLAMIDE (AS HYDROCHLORIDE),تروسویژن-پی بی ای,"محلول،",2 % 5 mL,قطره چشمی
TRAMADOL HYDROCHLORIDE,آلاپین,قرص,100 mg,خوراکی 
BISMUTH SUBCITRATE EQU. TO BISMUTH OXIDE,بیسمونول,قرص,120 mg,خوراکی 
METHYLPHENIDATE HYDROCHLORIDE,روبیفن,قرص,10 mg,خوراکی 
MOMETASONE FUROATE,مومتازون- ناژو,لوسیون,0.1 % 30 mL,موضعی 
SILDENAFIL CITRATE,ارکژل,ژل,1 % 15 g,موضعی 
REPAGLINIDE,نیوبت,قرص,2 mg,خوراکی 
CLOTRIMAZOLE,کلوتریمازول,کرم,2 % 20 g,واژینال 
ANTIHEMORRHOID,آنتی هموروئید,شیاف,60 mg/5 mg/50 mg/400 mg,مقعدی 
ALUMINIUM HYDROXIDE / MAGNESIUM HYDROXIDE / SIMETHICONE,آلومینیوم/منیزیم/سایمتیکون,سوسپانسیون,225 mg/200 mg/25 mg/5mL 240 mL,خوراکی 
PANTOPRAZOLE (AS SODIUM SESQUIHYDRATE),بهپنتو,قرص,20 mg,انتریک کوتد خوراکی
KETOTIFEN (AS FUMARATE),کتوتیفن سها,قرص,1 mg,خوراکی 
REGORAFENIB,رگورافنیب,قرص,40 mg,خوراکی 
LIDOCAINE,بهدوکائین,اسپری,10 mg/1{dose} 50 mL,موضعی 
BISOPROLOL FUMARATE,دلکور,قرص,5 mg,خوراکی 
DAUNORUBICIN (AS HYDROCHLORIDE),دانوپرو,پودر,20 mg mg,برای تهیه محلول تزریقی پرنترال
CONTRACEPTIVE LD,لویتود,قرص,30 ug/0.15 mg,خوراکی 
FLUOROMETHOLONE,فلوکورت,"سوسپانسیون،",0.1 % 5 mL,قطره چشمی
POVIDONE IODINE,بهسادین,دوش,10 % 250 mL,واژینال 
LANSOPRAZOLE,لانسوپرازول,کپسول,15 mg,انتریک کوتد خوراکی
IODIXANOL,ویزیپک,تزریقی,320 mg/1mL 100 mL,پرنترال 
ETOPOSIDE,اتوپودال,محلول,20 mg/1mL 5 mL,تزریقی داخل وریدی
CYCLOPHOSPHAMIDE,سیکلو اسپال-پی,پودر,200 mg mg,برای تهیه محلول تزریقی پرنترال
ATENOLOL,آتنولول-تدافارم,قرص,50 mg,خوراکی 
BOTULINUM A TOXIN,مصپورت,پودر,500 [iU] [iU],لئوفیلیزه برای تهیه محلول تزریقی پرنترال
ANTIHISTAMINE DECONGESTANT (2),دکومین,قرص,4 mg/10 mg,خوراکی 
PIOGLITAZONE,پیوگلیتازون,قرص,30 mg,خوراکی 
ROSUVASTATIN (AS CALCIUM),رزوواستاتین,قرص,10 mg,خوراکی 
OZANIMOD (AS HYDROCHLORIDE),تورنزو,کپسول,0.46 mg,خوراکی 
GEMFIBROZIL,جم فیبروزیل-حکیم,کپسول,300 mg,خوراکی 
HYDROXYZINE HYDROCHLORIDE,هیدروکسی زین-اکسیر,شربت,10 mg/5mL 120 mL,خوراکی 
ETOPOSIDE,ابپوزاید,محلول,20 mg/1mL 5 mg,تزریقی داخل وریدی
BORTEZOMIB,بورتزومیب آکویدا,پودر,3.5 mg mg,لئوفیلیزه برای تهیه محلول تزریقی پرنترال
TRIAMCINOLONE ACETONIDE,تریامسینولون-عماد,پماد,0.1 % 15 g,موضعی 
CALCIPOTRIOL / BETAMETHASONE DIPROPIONATE,بتاکلسیدرم,پماد,0.005 %/0.064 % 30 g,موضعی 
RISPERIDONE,ریسپریدون,محلول,1 mg/1mL 120 mL,خوراکی 
SILDENAFIL (AS CITRATE),ویزارکت,قرص,50 mg,خوراکی 
MONTELUKAST (AS SODIUM),ایروکاست,قرص,10 mg,خوراکی 
PEMETREXED (AS DISODIUM),پماکسا,پودر,500 mg mg,لئوفیلیزه برای تهیه محلول تزریقی پرنترال
FINASTERIDE,فیناگرو,قرص,1 mg,خوراکی 
TRIAMCINOLONE NN,تریامسینولون ان ان -حنان,پماد,1 mg/2.5 mg/100000 [iU]/1g 15 g,موضعی 
LOTEPREDNOL ETABONATE,لوتمکس,"سوسپانسیون،",0.5 % 5 mm,قطره چشمی
RIZATRIPTAN (AS BENZOATE),ریزاملت,قرص,10 mg,بازشونده در دهان خوراکی
SALBUTAMOL (AS SULFATE),ونتالکس,اسپری,100 ug/1{dose} 200 {Puff},با دوز اندازه گیری شده استنشاقی
ENOXAPARIN SODIUM,پی دکسان,تزریقی,100 mg/1mL 0.6 [iU],پرنترال 
TRIFLUOPERAZINE,تری فلوئوپرازین,تزریقی,1 mg/1mL 1 mL,عضلانی 
NITROFURANTOIN,نیتروفورانتوئین,قرص,100 mg,خوراکی 
NITROGLYCERIN,دروکانتین,قرص,2.6 mg,پیوسته رهش خوراکی
BRIMONIDINE TARTRATE,بریمونیدین,"محلول،",0.2 % 5 mL,قطره چشمی
GRANISETRON,دوومیت,محلول,1 mg/1mL 3 mL,تزریقی داخل وریدی
HALOPERIDOL (AS LACTATE),هالوپریدول,تزریقی,5 mg/1mL mL,پرنترال 
ARIPIPRAZOLE,آریپیپرازول,قرص,15 mg,خوراکی 
DENOSUMAB,اکسجوا,محلول,120 mg/1.7 mL 1.7 mg,تزریقی پرنترال
EMPAGLIFLOZIN,جاردیپا,قرص,25 mg,خوراکی 
APIXABAN,لیکسیبان,قرص,2.5 mg,خوراکی 
CO-AMOXICLAV,کو-آموکسی کلاو,قرص,250 mg/125 mg,خوراکی 
TORSEMIDE,تورزاید,قرص,20 mg,خوراکی 
INDOMETHACIN,ایندومتاسین,شیاف,100 mg,مقعدی 
DIPHENOXYLATE,دیفنوکسیلات مینو,قرص,2.5 mg,خوراکی 
FLUOXETINE (AS HYDROCHLORIDE),فلوکساوا,کپسول,10 mg,خوراکی 
PIROXICAM,پیروکسیکام,ژل,0.5 g/100g 60 g,موضعی 
MIRABEGRON,میرابگرال,قرص,50 mg,پیوسته رهش خوراکی
CITALOPRAM,سیتاکسا,قرص,40 mg,خوراکی 
METHOTREXATE,متوسدال,محلول,100 mg/1mL 10 mg,غلیظ تزریقی پرنترال
METFORMIN HYDROCHLORIDE / GLIBENCLAMIDE,متفورمین/گلی بنکلامید,قرص,500 mg/5 mg,خوراکی 
VALACYCLOVIR,والاسیکلوویر,قرص,1000 mg,خوراکی 
SODIUM CHLORIDE,ان اس,محلول,0.9 % 500 mL,تزریقی پرنترال
ACTIVATED PROTHROMBIN COMPLEX (CONCENTRATED),فایبا,پودر,500 [iU] [iU],لئوفیلیزه برای تهیه محلول تزریقی پرنترال
NAPROXEN,آفی روکسن,شیاف,500 mg,مقعدی 
TELMISARTAN,تلویدیس,قرص,80 mg,خوراکی 
SITAGLIPTIN (AS PHOSPHATE),دیاپتین,قرص,50 mg,خوراکی 
METFORMIN HYDROCHLORIDE,متفورمین هگزال,قرص,500 mg,خوراکی 
CLOTRIMAZOLE,کلوتریمازول-عماد,کرم,1 % 15 g,موضعی 
LISDEXAMFETAMINE MESILATE,اتونس,کپسول,50 mg,خوراکی 
KETOTIFEN (AS FUMARATE),کتوتیفن بهسا,شربت,1 mg/5mL 120 mL,خوراکی 
POVIDONE IODINE,پوویدون آیداین-دارو درمان,,10 % 250 mL,محلول موضعی
RANOLAZINE,رالیزا,قرص,1000 mg,پیوسته رهش خوراکی
IMATINIB (AS MESYLATE),ایماتیب,کپسول,100 mg,خوراکی 
OLANZAPINE,الازین,قرص,5 mg,خوراکی 
MINOXIDIL,تریکوفید,قرص,2.5 mg,خوراکی 
ALTEPLASE,اکتیلیز,پودر,50 mg mg,برای تهیه محلول تزریقی پرنترال
POTASSIUM CITRATE,اوروسیترا,قرص,15 meq,پیوسته رهش خوراکی
CEFIXIME,زاکسیم,قرص,400 mg,خوراکی 
MESALAZINE,آساکول,شیاف,1000 mg,مقعدی 
ANAKINRA,پرکینرا,محلول,150 mg/1 mL 0.67 mg,تزریقی پرنترال
IMIPRAMINE HYDROCHLORIDE,ایمی پرامین,قرص,50 mg,خوراکی 
ACICLOVIR,آسیکلوویر,قرص,400 mg,خوراکی 
TADALAFIL,تیاگریکس,قرص,20 mg,خوراکی 
LEVETIRACETAM,تامیرا,محلول,100 mg/1mL 5 mg,غلیظ تزریقی پرنترال
OPHTHALMIC BATH-1,آیوسپت,محلول,1610 mg/100 mL 20 mL,چشمی 
DORZOLAMIDE (AS HYDROCHLORIDE) / TIMOLOL (AS MALEATE),کو-بایوسوپت,"محلول،",2 %/0.5 % 5 mL,قطره چشمی
BISOPROLOL FUMARATE,بیزوفار,قرص,2.5 mg,خوراکی 
BUDESONIDE / FORMOTEROL FUMARATE,سیمبیکورت,پودر,320 ug/9 ug/1{dose} 60 {dose},با دوز اندازه گیری شده استنشاقی
MEBEVERINE HYDROCHLORIDE,کولومب,قرص,135 mg,خوراکی 
PREDNISOLONE,پردنیزولون,قرص,5 mg,خوراکی 
ACETAMINOPHEN,استامینوفن بهسا,شیاف,125 mg,مقعدی 
ALBENDAZOLE,آلندا,قرص,400 mg,جویدنی خوراکی
METHOTREXATE,ترکسوما,محلول,25 mg/1mL 1 mg,تزریقی پرنترال
LEVETIRACETAM,الپرا,قرص,250 mg,خوراکی 
LEVETIRACETAM,لوبل,قرص,250 mg,خوراکی 
MESALAZINE,مزاسا,گرانول,2 g g,پیوسته رهش خوراکی
ARSENIC TRIOXIDE,آرسنیک تری اکساید,تزریقی,0.1 % 10 mL,پرنترال 
BOTULINUM A TOXIN,زیبونتا,پودر,500 [iU] [iU],لئوفیلیزه برای تهیه محلول تزریقی پرنترال
DEXPANTHENOL,دپانتکس,کرم,5 % 30 g,موضعی 
BETAMETHASONE (AS DISODIUM PHOSPHATE),بتامتازون,تزریقی,4 mg/1mL mL,پرنترال 
BISACODYL,بیزاکودیل-ناژو,شیاف,5 mg,مقعدی 
ADULT COLD PREPARATIONS (5-5),کلدیز,قرص,15 mg/5 mg/325 mg,خوراکی 
VORICONAZOLE,ویتکت,قرص,200 mg,خوراکی 
AZITHROMYCIN,آزیترومایسین,پودر,200 mg/5mL 30 mL,برای تهیه سوسپانسیون خوراکی
EPHEDRINE HYDROCHLORIDE,افدرین هیدروکلراید استروپ,تزریقی,50 mg/1mL 1 mg,پرنترال 
SITAGLIPTIN (AS PHOSPHATE) / METFORMIN HYDROCHLORIDE,سیتفومین,قرص,50 mg/1000 mg,خوراکی 
TAMSULOSIN HYDROCHLORIDE,امنیک,کپسول,0.4 mg,پیوسته رهش خوراکی
CYCLOPHOSPHAMIDE,سیکلوکسان,قرص,50 mg,خوراکی 
MESALAZINE,پنتاسا,شیاف,1000 mg,مقعدی 
GEMFIBROZIL,ری فیبروزیل,کپسول,300 mg,خوراکی 
ACETAMINOPHEN,استاگروفن,قرص,325 mg,خوراکی 
RILUZOLE,آمیوگر,قرص,50 mg,خوراکی 
ALBUMIN (HUMAN),آلبومینا,محلول,20 % 50 g,تزریقی پرنترال
TELMISARTAN,تلویدیس,قرص,20 mg,خوراکی 
BISOPROLOL FUMARATE,بیزوفار,قرص,5 mg,خوراکی 
MIRTAZAPINE,میرتوزکس,قرص,15 mg,خوراکی 
BROMHEXINE HYDROCHLORIDE,مدالیت,قرص,8 mg,خوراکی 
FLECAINIDE ACETATE,فلریتم,قرص,100 mg,خوراکی 
METRONIDAZOLE,مترونیدازول,شیاف,500 mg,واژینال 
BECLOMETHASONE DIPROPIONATE / FORMOTEROL FUMARATE,فاستر,آئروسل,200 ug/6 ug/1{Puff} 120 {Puff},با دوز اندازه گیری شده استنشاقی
METFORMIN HYDROCHLORIDE,متفورمین مینو,قرص,500 mg,خوراکی 
UROFOLLITROPIN,فولی گروث,پودر,75 [iU] [iU],لئوفیلیزه برای تهیه محلول تزریقی عضلانی
DIENOGEST,دینوول,قرص,2 mg,خوراکی 
ACETYLSALICYLIC ACID / CLOPIDOGREL (AS BISULFATE),آ.اس.آ/ کلوپیدوگرل,قرص,100 mg/75 mg,خوراکی 
CALAMINE,بهلامین,لوسیون,8 % 60 mL,موضعی 
TRIAMCINOLONE ACETONIDE,تریامسینولون,پماد,0.1 % 15 g,موضعی 
INDOMETHACIN,ایندومتاسین,شیاف,50 mg,مقعدی 
QUETIAPINE (AS FUMARATE),آرو-کوئتیاپین,قرص,25 mg,خوراکی 
TIRZEPATIDE,زیکورپا,محلول,7.5 mg/0.5mL mL,تزریقی زیر جلدی
IPRATROPIUM BROMIDE,ایپراتروپیوم بروماید,اسپری,42 ug/1{Puff} mL,با دوز اندازه گیری شده از راه بینی
LOPERAMIDE HYDROCHLORIDE,لوپرامید پاک دارو,محلول,1 mg/5mL 60 mL,خوراکی 
ATORVASTATIN (AS CALCIUM),لیپاستین,قرص,10 mg,خوراکی 
BUDESONIDE / FORMOTEROL FUMARATE,دیونتین,کپسول,320 ug/9 ug ug,استنشاقی 
GLICLAZIDE,گلیکوور,قرص,30 mg,پیوسته رهش خوراکی
AZITHROMYCIN,آزیروسین,پودر,200 mg/5mL 30 mL,برای تهیه سوسپانسیون خوراکی
VITAMIN B2 (RIBOFLAVIN),فلاویران,قرص,100 mg,خوراکی 
TRANEXAMIC ACID,ترانگزامیک اسید,کپسول,250 mg,خوراکی 
IBUPROFEN,ادوی کید,سوسپانسیون,100 mg/5mL 120 mL,خوراکی 
EMPAGLIFLOZIN / METFORMIN HYDROCHLORIDE,جارینومت,قرص,5 mg/1000 mg,خوراکی 
AZATHIOPRINE,آزارام,قرص,50 mg,خوراکی 
NITROFURAZONE,نیتروفروز,کرم,0.2 % 30 g,موضعی 
ROSUVASTATIN (AS CALCIUM),کرسروز,قرص,20 mg,خوراکی 
MINOXIDIL,ماینوکسیدیل,قرص,10 mg,خوراکی 
ALPRAZOLAM,آلپرازولام,قرص,0.5 mg,خوراکی 
PAZOPANIB (AS HYDROCHLORIDE),پازوپانیب,قرص,400 mg,خوراکی 
ACETAMINOPHEN,نوپایرو,محلول,150 mg/1mL 6.7 mg,غلیظ تزریقی داخل وریدی
EMPAGLIFLOZIN,امپاور,قرص,10 mg,خوراکی 
CEFIXIME,فارکسیم,پودر,100 mg/5 mL 50 mL,برای تهیه سوسپانسیون خوراکی
MIRABEGRON,بتزگا,قرص,50 mg,پیوسته رهش خوراکی
TIZANIDINE,تیزانیدین,قرص,4 mg,خوراکی 
INTERFERON ALFA-2B,پی دی فرون,تزریقی,5000000 U [iU],پرنترال 
ANAGRELIDE HYDROCHLORIDE,آگرینا,کپسول,500 ug,خوراکی 
DICLOFENAC DIETHYLAMMONIUM,دیکلن,ژل,1 % 60 g,موضعی 
CONTRACEPTIVE DE,مارلین,قرص,0.15 mg/30 ug,خوراکی 
DOXORUBICIN HYDROCHLORIDE,آدریابین,محلول,2 mg/1mL 5 mL,غلیظ تزریقی پرنترال
LACTULOSE,لاکتولوز-عماد,شربت,10 g/15mL 240 mL,خوراکی 
METOPROLOL SUCCINATE,آنژیپول,قرص,47.5 mg,پیوسته رهش خوراکی
CEFTAZIDIME,زاک زیدیم,پودر,500 mg mg,برای تهیه محلول تزریقی پرنترال
TRIPTORELIN (AS ACETATE),میکرورلین,پودر,11.25 mg mg,لئوفیلیزه برای تهیه سوسپانسیون تزریقی پیوسته رهش پرنترال
MELOXICAM,ملوکسیکام,قرص,7.5 mg,خوراکی 
ONDANSETRON (AS HYDROCHLORIDE),اندانسترون,تزریقی,2 mg/1 mL 2 mL,پرنترال 
IODIXANOL,ویزودیکس,تزریقی,320 mg/1mL 50 mL,پرنترال 
METHOCARBAMOL,متوکاربامول-حکیم,قرص,500 mg,خوراکی 
CONTRACEPTIVE HD,اووستاپ-اچ,قرص,0.25 mg/50 ug,خوراکی 
ERLOTINIB (AS HYDROCHLORIDE),اِرلوزا,قرص,150 mg,خوراکی 
OXYCODONE HYDROCHLORIDE,فاروکسی,قرص,30 mg,خوراکی 
NAPHAZOLINE HYDROCHLORIDE,نفازولین,"محلول،",0.1 % 10 mL,قطره چشمی
ACETAZOLAMIDE,استازولامید,قرص,250 mg,خوراکی 
ANTITHYMOCYTE IMMUNOGLOBULIN,تایموگلوبولین,پودر,25 mg mg,لئوفیلیزه برای تهیه محلول تزریقی پرنترال
ADULT COLD PREPARATIONS (4-1),رهامون,قرص,500 mg/5 mg/25 mg,خوراکی 
FOSFOMYCIN (AS TROMETAMOL),فسفومایسین,گرانول,3 g g,برای تهیه محلول خوراکی
VITAMIN B1 / VITAMIN B6 / VITAMIN B12,ویوبیون,تزریقی,100 mg/100 mg/1000 ug/3mL mL,پرنترال 
MOMETASONE FUROATE,الوکوماد,کرم,0.1 % 15 g,موضعی 
NITISINONE,نیتیزینون,کپسول,2 mg,خوراکی 
ESOMEPRAZOLE (AS MAGNESIUM),مگلوزک,گرانول,10 mg g,انتریک کوتد خوراکی
TOCILIZUMAB,اکتمرا,محلول,20 mg/1mL 20 mg,غلیظ تزریقی پرنترال
TIMOLOL (AS MALEATE),لوپل-آی,"محلول،",0.5 % 5 mL,قطره چشمی
CABERGOLINE,کابرلین,قرص,1 mg,خوراکی 
DACLATASVIR / SOFOSBUVIR,داکلاتاسویر/سوفوسبویر,قرص,60 mg/400 mg,خوراکی 
FACTOR IX,آیمافیکس,پودر,500 [iU] [iU],لئوفیلیزه برای تهیه محلول تزریقی پرنترال
SORAFENIB (AS TOSYLATE),سورازا,قرص,200 mg,خوراکی 
FAMOTIDINE,فاموتیدین-ثنامد,قرص,40 mg,خوراکی 
MESALAZINE,پنتاسا,انما,1 g/100mL mL,مقعدی 
IMIPRAMINE HYDROCHLORIDE,ایمی پرامین,قرص,25 mg,خوراکی 
METFORMIN HYDROCHLORIDE / LINAGLIPTIN,آوامت,قرص,500 mg/2.5 mg,خوراکی 
GABAPENTIN,نورولپتین,کپسول,300 mg,خوراکی 
LEVETIRACETAM,اپی ستام,,500 mg,قرص خوراکی
ACETAMINOPHEN,پاراتل,سوسپانسیون,120 mg/5mL 120 mL,خوراکی 
DOMPERIDONE,دومتیدون,سوسپانسیون,1 mg/1 mL 120 mL,خوراکی 
EMPAGLIFLOZIN / METFORMIN HYDROCHLORIDE,ژپامت,قرص,5 mg/500 mg,خوراکی 
LEVETIRACETAM,لوتیراستام,محلول,15 mg/1mL 100 mL,تزریقی پرنترال
PHENYTOIN SODIUM,فنی توئین-الحاوی,کپسول,100 mg,خوراکی 
MERCAPTOPURINE,پوری-نتول,قرص,50 mg,خوراکی 
PALBOCICLIB,پالبوسدال,کپسول,125 mg,خوراکی 
PHENOL GLYCERIN,گلیسرین فنیکه-سپیداج,"محلول،",6.4 g/93.6 g 10 mL,قطره گوشی
MIDAZOLAM,میدازولام,تزریقی,5 mg/1mL 1 mL,پرنترال 
SODIUM ACID PHOSPHATE (PHOSPHATE SODIUM),سدیم اسید فسفات,قرص,500 mg,جوشان خوراکی
OLAPARIB,لینپاریب,قرص,150 mg,خوراکی 
HYDROQUINONE,هیدروکینون-بهوزان,کرم,4 % 30 g,موضعی 
OFLOXACIN,فلولیکس سیدال,قرص,200 mg,خوراکی 
ATOMOXETINE HYDROCHLORIDE,آتوبایوکس,کپسول,60 mg,خوراکی 
ISOTRETINOIN,آکنوتان بی اس کی,کپسول,20 mg,حاوی مایع خوراکی
ZOLPIDEM TARTRATE,دریمکس,قرص,10 mg,خوراکی 
DICLOFENAC SODIUM,دیکوتارد,کپسول,100 mg,پیوسته رهش خوراکی
LEVOFLOXACIN,ولاتریکس,قرص,500 mg,خوراکی 
OCTREOTIDE (AS ACETATE),ساندوسفر ال آ آر,پودر,20 mg mg,برای تهیه سوسپانسیون تزریقی پیوسته رهش پرنترال
DEXTROSE / SODIUM CHLORIDE,دکستروز/ سدیم کلراید,محلول,3.33 %/0.3 % 500 mL,تزریقی داخل وریدی
PREGABALIN,پرگابالین,کپسول,50 mg,خوراکی 
CYPROHEPTADINE HYDROCHLORIDE,وانا سیپروهپتادین,قرص,4 mg,خوراکی 
ZOLPIDEM TARTRATE,دریمکس,قرص,5 mg,خوراکی 
NUSINERSEN (AS SODIUM),اسپینرازا,محلول,2.4 mg/1mL 5 mg,تزریقی پرنترال
IRON (AS SUCROSE),اکسوفر,تزریقی,20 mg/1mL 5 mg,داخل وریدی
FLUOXETINE (AS HYDROCHLORIDE),فلوکستین-عبیدی,کپسول,10 mg,خوراکی 
EPLERENONE,اپرینسا,قرص,25 mg,خوراکی 
VITAMIN B12,ویبالمین,تزریقی,1000 ug/1mL mL,پرنترال 
EPLERENONE,آلدرون,قرص,50 mg,خوراکی 
ROCURONIUM BROMIDE,ازمرون,محلول,10 mg/1mL 5 mg,تزریقی پرنترال
DEXTROSE,دکستروز,محلول,5 % 1000 mL,تزریقی داخل وریدی
TRAMADOL HYDROCHLORIDE,ترامادل,قرص,100 mg,خوراکی 
FAMOTIDINE,فاموکسیم,قرص,40 mg,خوراکی 
SITAGLIPTIN (AS PHOSPHATE),سیتاگلیپتین,قرص,50 mg,خوراکی 
BRIVARACETAM,بریزانتیس,قرص,100 mg,خوراکی 
TOBRAMYCIN / LOTEPREDNOL,لوترا-تی,"سوسپانسیون،",0.3 %/0.5 % 5 mL,قطره چشمی
PREDNISOLONE,نیزوپرد,قرص,50 mg,خوراکی 
ASA (ACETYLSALICYLIC ACID),آسپیرین,قرص,81 mg,انتریک کوتد خوراکی
AMITRIPTYLINE HYDROCHLORIDE,آمی تریپتیلین,قرص,25 mg,خوراکی 
BRENTUXIMAB VEDOTIN,ادسرتیس,پودر,50 mg mg,برای تهیه محلول تزریقی پرنترال
DOCETAXEL,الوتر,محلول,20 mg/1mL 1 mg,تزریقی داخل وریدی
BISOPROLOL FUMARATE,زپرول,قرص,2.5 mg,خوراکی 
CIPROFLOXACIN (AS HYDROCHLORIDE),فلوکسیپ,قرص,500 mg,خوراکی 
ESOMEPRAZOLE (AS MAGNESIUM) / NAPROXEN,ناپسیوو,قرص,20 mg/375 mg,انتریک کوتد خوراکی
BUDESONIDE,فرنولین,پودر,400 ug/1{dose} 200 {Puff},با دوز اندازه گیری شده استنشاقی
RISPERIDONE,ریسپریدون,قرص,1 mg,خوراکی 
ACETAMINOPHEN / CODEINE PHOSPHATE,استاکدین,قرص,300 mg/20 mg,خوراکی 
DICYCLOMINE HYDROCHLORIDE,اسپاسموس,الگزیر,10 mg/5mL 60 mL,خوراکی 
DORNASE ALFA (DESOXYRIBONUCLEASE),پولموزایم,محلول,1 mg/1mL 2.5 mg,استنشاقی 
PERMETHRIN,پرمترین-آیروکس,شامپو,1 % 60 mL,موضعی 
MINOXIDIL,ماینوکسیدیل پاک دارو,محلول,20 mg/1mL 60 mL,موضعی 
CARBOPLATIN,کربوپلاتین ویاتریس,محلول,10 mg/1mL 15 mg,غلیظ تزریقی داخل وریدی
DICLOFENAC SODIUM,دیکلوکیم,قرص,50 mg,انتریک کوتد خوراکی
SACUBITRIL / VALSARTAN,کاردورستو,قرص,97 mg/103 mg,خوراکی 
TIOTROPIUM (AS BROMIDE),روتیو,کپسول,18 ug,استنشاقی 
ZOLEDRONIC ACID,آکلاسدال,محلول,5 mg/100mL mL,تزریقی پرنترال
HYDROCHLOROTHIAZIDE,هیدروکلروتیازید,قرص,25 mg,خوراکی 
NAPROXEN,ناپروزان,شیاف,500 mg,مقعدی 
METFORMIN HYDROCHLORIDE,متفورسام,قرص,500 mg,خوراکی 
METOPROLOL SUCCINATE,متوپرولول,قرص,47.5 mg,پیوسته رهش خوراکی
TROPICAMIDE,میدراکس,"محلول،",1 % 0.5 mL,قطره چشمی
POVIDONE IODINE,پارساداین,محلول,10 % 250 mL,موضعی 
AZITHROMYCIN,زیتروفار,کپسول,500 mg,خوراکی 
LIDOCAINE / HYDROCORTISONE ACETATE,لیدوکائین اچ,,5 %/0.5 % 15 g,پماد مقعدی
METFORMIN HYDROCHLORIDE,ویتالوفاژ,قرص,500 mg,پیوسته رهش خوراکی
ADENOSINE,آدنوزین,تزریقی,3 mg/1mL 2 mg,پرنترال 
EMPAGLIFLOZIN / METFORMIN HYDROCHLORIDE,جاردی پلاس,قرص,12.5 mg/1000 mg,خوراکی 
OXALIPLATIN,اکسالی پلاتین آکویدا,محلول,5 mg/1mL 10 mg,غلیظ تزریقی پرنترال
ROSUVASTATIN (AS CALCIUM),رزورکسین,قرص,5 mg,خوراکی 
CLOPIDOGREL (AS BISULFATE),پلاویکس,قرص,75 mg,خوراکی 
CALAMINE,کالامین,کرم,8 % 30 g,موضعی 
FLUVOXAMINE MALEATE,بایووکسامین,قرص,100 mg,خوراکی 
GEMCITABINE HYDROCHLORIDE,جم سیبان,محلول,100 mg/1mL 10 mL,غلیظ تزریقی پرنترال
IBUPROFEN,ژلترون,کپسول,400 mg,حاوی مایع خوراکی
OCTREOTIDE (AS ACETATE),اوکتروتاید,تزریقی,50 ug/1mL mL,پرنترال 
SERTRALINE (AS HYDROCHLORIDE),سرترالین-حکیم,قرص,50 mg,خوراکی 
ERLOTINIB (AS HYDROCHLORIDE),کیموتار,قرص,150 mg,خوراکی 
DOCETAXEL,تئوتاکسول,محلول,20 mg/1mL 1 mg,تزریقی داخل وریدی
SODIUM CHLORIDE,سدیم کلراید (بگ),محلول,0.9 % 2 L,جهت شستشو
SEVELAMER CARBONATE,اکسیلامر,قرص,800 mg,خوراکی 
CARVEDILOL,اکتویدل,قرص,6.25 mg,خوراکی 
VINORELBINE (AS TARTRATE),نولبین,کپسول,30 mg,حاوی مایع خوراکی
METRONIDAZOLE,آمیزول,قرص,500 mg,خوراکی 
SACUBITRIL / VALSARTAN,ساکوبیتریل/والسارتان,قرص,24 mg/26 mg,خوراکی 
CIPROFLOXACIN (AS HYDROCHLORIDE),سیپروفلوکساسین آریا,قرص,500 mg,خوراکی 
"APREMILAST (10,20,30)","APREMILAST (10,20,30)",,, 
DAPAGLIFLOZIN (AS PROPANEDIOL) / METFORMIN HYDROCHLORIDE,داپافار-ام,قرص,5 mg/1000 mg,خوراکی 
ESCITALOPRAM (AS OXALATE),اس سیتالوپرام,قرص,5 mg,خوراکی 
ROSUVASTATIN (AS CALCIUM),لیپروز,قرص,10 mg,خوراکی 
METRONIDAZOLE,زوتینال,قرص,500 mg,خوراکی 
RIZATRIPTAN (AS BENZOATE),ریزاتان,قرص,5 mg,خوراکی 
GLIBENCLAMIDE,گلی بنکلامید,قرص,5 mg,خوراکی 
CO-AMOXICLAV,آفاکلاو,پودر,600 mg/42.9 mg/5mL 100 mg,برای تهیه سوسپانسیون خوراکی
DOMPERIDONE,دمپریدون,قرص,10 mg,خوراکی 
VITAMIN E,اسوه-ویتامین ای,تزریقی,100 [iU]/1mL mL,پرنترال 
DIPYRIDAMOLE,دی پیریدامول,تزریقی,5 mg/1mL 2 mL,پرنترال 
BUSPIRONE HYDROCHLORIDE,بوسپیراکس,قرص,5 mg,خوراکی 
FLUPHENAZINE,فلوفنیلت,قرص,1 mg 1,خوراکی 
BETHANECHOL CHLORIDE,بتانکول,قرص,10 mg,خوراکی 
METFORMIN HYDROCHLORIDE,رونوفاژ,قرص,500 mg,پیوسته رهش خوراکی
TACROLIMUS,کوگرافت,کپسول,0.5 mg,خوراکی 
VALPROATE SEMISODIUM,دیوالدین,قرص,500 mg,انتریک کوتد خوراکی
LENALIDOMIDE,لناسب,کپسول,10 mg,خوراکی 
GEMFIBROZIL,جم فیبروزیل,کپسول,300 mg,خوراکی 
CELECOXIB,ری سلکس,کپسول,200 mg,خوراکی 
NAPHAZOLINE HYDROCHLORIDE,نفازولین,اسپری,0.05 % 15 mL,از راه بینی
ACETAMINOPHEN,مینوفن,محلول,120 mg/5mL 60 mL,خوراکی 
TOLTERODINE TARTRATE,تولرین,قرص,1 mg,خوراکی 
LENALIDOMIDE,لناسب,کپسول,25 mg,خوراکی 
PHENYTOIN,فنی توئین-الحاوی,سوسپانسیون,30 mg/5mL 120 mL,خوراکی 
FLUPENTHIXOL DECANOATE,آتیکسول,تزریقی,20 mg/1mL 1 mg,پرنترال 
PIOGLITAZONE,پیزون,قرص,15 mg,خوراکی 
CLINDAMYCIN (AS HYDROCHLORIDE),داتیسین,کپسول,300 mg,خوراکی 
TELMISARTAN,تیلیکارد,قرص,20 mg,خوراکی 
AMINOPHYLLINE,آمینودیک,تزریقی,25 mg/1mL 10 mL,پرنترال 
VINORELBINE (AS TARTRATE),نولبین,محلول,10 mg/1mL 5 mg,غلیظ تزریقی پرنترال
DULOXETINE,دلوکستین-ثنامد,کپسول,20 mg,انتریک کوتد خوراکی
SOLIFENACIN SUCCINATE,وزی سولین,قرص,5 mg,خوراکی 
CICLOSPORIN,ساندیمون نئورال,محلول,100 mg/1mL 50 mL,خوراکی 
PERMETHRIN,کامترین,کرم,5 % 30 g,موضعی 
ACETAMINOPHEN / IBUPROFEN,گریپوکس دوال اکشن,قرص,500 mg/200 mg,خوراکی 
GABAPENTIN,نوپینتین,کپسول,100 mg,خوراکی 
MESALAZINE,کولیوا,انما,4 g/100mL mL,مقعدی 
PACLITAXEL,پاکلکس,تزریقی,6 mg/1mL 50 mg,پرنترال 
VALPROATE SODIUM,رهاکین,تزریقی,100 mg/1mL 4 mL,پرنترال 
QUETIAPINE (AS FUMARATE),کوئپین,قرص,100 mg,خوراکی 
SACUBITRIL / VALSARTAN,نپریوال,قرص,24 mg/26 mg,خوراکی 
CISPLATIN,سیس پلاتین مایلن,محلول,1 mg/1mL 50 mg,غلیظ تزریقی داخل وریدی
NANDROLONE DECANOATE,دکاندرولون,تزریقی,25 mg/1mL mL,پرنترال 
PROGESTERONE,ژست-تا,شیاف,400 mg,واژینال 
GLICLAZIDE,گلی کلازید,قرص,60 mg,پیوسته رهش خوراکی
TRACE METAL COMBINATION (3),پدیتریس,تزریقی,521 ug/53.7 ug/3.6 ug/6.66 ug/126 ug/1.31 ug/1mL 10 mL,پرنترال 
DASATINIB,داسامد,قرص,50 mg,خوراکی 
SUCCIMER,سوکسی کپتال,کپسول,200 mg,خوراکی 
POVIDONE IODINE,بهسادین,محلول,10 % 1000 L,موضعی 
OFLOXACIN,افلوکسیر,قرص,200 mg,خوراکی 
NINTEDANIB ESILATE,اوفو,کپسول,150 mg,حاوی مایع خوراکی
NAPROXEN,ناپتین,قرص,500 mg,انتریک کوتد خوراکی
DOMPERIDONE,موتیلومید,سوسپانسیون,1 mg/1 mL 100 mL,خوراکی 
AMPHOTERICIN B,آمفوتریسین بی,پودر,50 mg mg,لئوفیلیزه برای تهیه محلول تزریقی پرنترال
PIOGLITAZONE,پیزون,قرص,15 mg,خوراکی 
OMEPRAZOLE,اولمد,کپسول,) 20 mg,(پلت های انتریک کوتد خوراکی
ADAPALENE,آکنوپال,ژل,0.1 % 30 g,موضعی 
QUETIAPINE (AS FUMARATE),سرامین,قرص,25 mg,خوراکی 
ACETAMINOPHEN,مگافن کیدز,محلول,120 mg/5mL 120 mL,خوراکی 
SUMATRIPTAN (AS SUCCINATE),بلاترون,قرص,50 mg,خوراکی 
TOPIRAMATE,توپیرامات آریا,قرص,100 mg,خوراکی 
ACICLOVIR,آسیکلوویر-ثنامد,قرص,400 mg,خوراکی 
TERBINAFINE HYDROCHLORIDE,بینافین,کرم,1 % 15 g,موضعی 
METFORMIN HYDROCHLORIDE,متفورمین-اکسیر,قرص,500 mg,خوراکی 
IMMUNE GLOBULIN,اینتراتکت,تزریقی,50 mg/1mL 100 g,داخل وریدی
BROMHEXINE HYDROCHLORIDE,موکولین,محلول,4 mg/5mL 60 mL,خوراکی 
VITAMIN D3,ویتامین د 3,کپسول,50000 [iU],حاوی مایع خوراکی
DICYCLOMINE HYDROCHLORIDE,دی سیکلومین,الگزیر,10 mg/5mL 60 mL,خوراکی 
TERIPARATIDE,سینوپار,تزریقی,250 ug/1mL 2.4 ug,پرنترال 
BUDESONIDE / FORMOTEROL FUMARATE / GLYCOPYRRONIUM BROMIDE,برزتری,اینهالر,160 ug/5 ug/9 ug/1{dose} 120 {dose},استنشاقی 
CEFTAZIDIME,سفتازیدیم,پودر,1 g g,برای تهیه محلول تزریقی پرنترال
SALMETEROL (AS XINAFOATE) / FLUTICASONE PROPIONATE,سرتاید,آئروسل,25 ug/250 ug/1{dose} 120 {dose},با دوز اندازه گیری شده استنشاقی
CARVEDILOL,کاردیول,قرص,12.5 mg,خوراکی 
VALACYCLOVIR,ویرالیپ,قرص,1000 mg,خوراکی 
METOPROLOL SUCCINATE,مایوکارمت-وانس,قرص,47.5 mg,پیوسته رهش خوراکی
VALPROATE SODIUM,اورفیریل,شربت,300 mg/5mL 250 mL,خوراکی 
CELECOXIB,کوبیکس,کپسول,100 mg,خوراکی 
MUPIROCIN,موپیروسین,پماد,2 % 15 g,موضعی 
AZITHROMYCIN,آزیترومایسین,قرص,500 mg,خوراکی 
SIMVASTATIN,سیمواستاتین-حکیم,قرص,20 mg,خوراکی 
MUPIROCIN,باکتیزان,پماد,2 % 15 g,موضعی 
BISOPROLOL FUMARATE,روبتا,قرص,2.5 mg,خوراکی 
EMPAGLIFLOZIN,امپاور,قرص,25 mg,خوراکی 
ACICLOVIR,ویراسی,قرص,400 mg,خوراکی 
ESOMEPRAZOLE (AS MAGNESIUM) / NAPROXEN,ناپروپرازول,قرص,20 mg/500 mg,انتریک کوتد خوراکی
GLICLAZIDE,آنی کلاز,قرص,30 mg,پیوسته رهش خوراکی
DICYCLOMINE HYDROCHLORIDE,دی سیکلومین,قرص,10 mg,خوراکی 
TETRACYCLINE HYDROCHLORIDE,تتراسایکلین,,3 % 15 g,پماد موضعی
FEXOFENADINE HYDROCHLORIDE,فکسوفنادین سها,قرص,120 mg,خوراکی 
DAPOXETINE (AS HYDROCHLORIDE),داپرولانگ,قرص,30 mg,خوراکی 
VALSARTAN,سووالتان,قرص,80 mg,خوراکی 
PENICILLIN V (AS POTASSIUM),پنی سیلین وی,,250 mg/5mL 100 mL,پودر برای تهیه سوسپانسیون خوراکی
TOCILIZUMAB,تمزیوا,محلول,20 mg/1mL 20 mg,غلیظ تزریقی پرنترال
FINASTERIDE,فیناستراید,قرص,1 mg,خوراکی 
ETOMIDATE,اتومیدیت-لیپورو,تزریقی,2 mg/1mL 10 mg,پرنترال 
LEVODOPA / CARBIDOPA FORTE,لوودوپا-سی فورت,قرص,250 mg/25 mg,خوراکی 
MOMETASONE FUROATE,مومه کورت,کرم,0.1 % 30 g,موضعی 
LEVETIRACETAM,لوتیراستام,قرص,1000 mg,خوراکی 
BUDESONIDE / FORMOTEROL FUMARATE,تسکورت,کپسول,320 ug/9 ug,استنشاقی 
TAMOXIFEN,نولوامون,قرص,20 mg,خوراکی 
BETAMETHASONE (AS VALERATE),بتامتازون بهسا,لوسیون,0.1 % 20 mL,موضعی 
MEGESTROL ACETATE,برندوکر,قرص,40 mg,خوراکی 
CLOTRIMAZOLE / BETAMETHASONE (AS DIPROPIONATE),لوتریبت,کرم,1 %/0.05 % 15 g,موضعی 
CLINDAMYCIN (AS HYDROCHLORIDE),کلیندامایسین - حکیم,کپسول,300 mg,خوراکی 
MINOCYCLINE (AS HYDROCHLORIDE),ماینوبیوتیک,قرص,50 mg,خوراکی 
CELECOXIB,سلبوتک,کپسول,200 mg,خوراکی 
PACLITAXEL,سوبوتکسل,تزریقی,6 mg/1mL 16.7 mL,پرنترال 
CITALOPRAM,سیتالوپرس,قرص,20 mg,خوراکی 
QUETIAPINE (AS FUMARATE),ترانکوپین,قرص,200 mg,پیوسته رهش خوراکی
TETRACOSACTIDE ACETATE,سیناکران,سوسپانسیون,1 mg/1mL mL,تزریقی پرنترال
POTASSIUM CITRATE,آلکانف,قرص,10 meq,پیوسته رهش خوراکی
DOPAMINE HYDROCHLORIDE,دوپار,تزریقی,40 mg/1mL 5 mL,پرنترال 
CLINDAMYCIN (AS PHOSPHATE),آفیندامایسین,شیاف,100 mg,واژینال 
ESOMEPRAZOLE,اس امپرازول,کپسول,40 mg,انتریک کوتد خوراکی
ESOMEPRAZOLE (AS MAGNESIUM),اسومراز,گرانول,10 mg g,انتریک کوتد خوراکی
ROSUVASTATIN (AS CALCIUM),رزورکسین,قرص,10 mg,خوراکی 
ACETAMINOPHEN,استامینوفن-جالینوس,قرص,500 mg,خوراکی 
BUPROPION HYDROCHLORIDE,بوپروپیون,قرص,150 mg,پیوسته رهش خوراکی
VITAMIN D3,ویتامین دی3,کپسول,50000 [iU],حاوی مایع خوراکی
C1-ESTRASE INHIBITOR PLASMA DERIVED,برینرت,پودر,500 [iU] [iU],برای تهیه محلول تزریقی پرنترال
DEXTROSE / SODIUM CHLORIDE,دکستروز/سدیم کلراید,محلول,3.33 %/0.3 % 500 mL,تزریقی داخل وریدی
VITAMIN B6,ویتامین ب6,تزریقی,50 mg/1mL 2 mL,پرنترال 
OMEPRAZOLE,پایلوزک,کپسول,) 20 mg,(پلت های انتریک کوتد خوراکی
FLUVOXAMINE MALEATE,لووسر,قرص,100 mg,خوراکی 
LEVOTHYROXINE SODIUM,یوتید,قرص,25 ug,خوراکی 
TADALAFIL,تادارکتیل,قرص,10 mg,خوراکی 
NIFEDIPINE,نیفدیپین,قرص,10 mg,خوراکی 
FOSFOMYCIN (AS TROMETAMOL),فسفومایسین,گرانول,3 g g,برای تهیه محلول خوراکی
DIMETHYL FUMARATE,دیفوزل,کپسول,240 mg,انتریک کوتد خوراکی
DICLOFENAC SODIUM,دیکلوفناک,شیاف,50 mg,مقعدی 
OMEPRAZOLE,امزول,کپسول,) 20 mg,(پلت های انتریک کوتد خوراکی
BUDESONIDE,تکاونت,کپسول,400 ug ug,استنشاقی 
AMPICILLIN,آمپی ویل,پودر,500 mg mg,برای تهیه محلول تزریقی پرنترال
NILOTINIB,کیمونیل,کپسول,200 mg,خوراکی 
CLOMIPRAMINE HYDROCHLORIDE,کلومیپرامین,قرص,10 mg,خوراکی 
METFORMIN HYDROCHLORIDE,زوگر,قرص,1000 mg,پیوسته رهش خوراکی
SUFENTANIL (AS CITRATE),سوفیجکت,تزریقی,5 ug/1mL 10 mL,پرنترال 
CYTARABINE,آرا-سل,محلول,20 mg/1mL 5 mg,تزریقی پرنترال
DUTASTERIDE / TAMSULOSIN,آولوسین,کپسول,0.5 mg/0.4 mg,خوراکی 
DORZOLAMIDE (AS HYDROCHLORIDE),بایوسوپت,"محلول،",2 % 5 mL,قطره چشمی
DIGOXIN,لانوکسین,قرص,0.25 mg,خوراکی 
ACETAMINOPHEN,استاگروفن,"محلول،",100 mg/1mL 15 mL,قطره خوراکی
ARSENIC TRIOXIDE,آرسنیک,تزریقی,0.1 % 10 mm,پرنترال 
EPTIFIBATIDE,اپتیفب,محلول,0.75 mg/1mL 100 mg,تزریقی پرنترال
MESALAZINE,پنتاسا,قرص,500 mg,انتریک کوتد خوراکی
PIRFENIDONE,ایرلاکس,قرص,267 mg,خوراکی 
PROPRANOLOL HYDROCHLORIDE,پروپرانولول-حکیم,قرص,40 mg,خوراکی 
CLOBETASOL PROPIONATE,کلوبتازول بهسا,کرم,0.05 % 15 g,موضعی 
EMPAGLIFLOZIN,امپاگلوز,قرص,10 mg,خوراکی 
DULOXETINE,دلوکستین-ثنامد,کپسول,30 mg,انتریک کوتد خوراکی
SOMATROPIN,سوماتین,تزریقی,20 [iU]/1mL 1.5 mL,پرنترال 
BICALUTAMIDE,بیکالومید,قرص,150 mg,خوراکی 
NITROPRUSSIDE SODIUM,نیپرس,پودر,50 mg mg,برای تهیه محلول تزریقی پرنترال
OXALIPLATIN,اکسالان,پودر,50 mg mg,لئوفیلیزه برای تهیه محلول تزریقی پرنترال
AMPICILLIN,آمپیکسیل,پودر,1 g g,برای تهیه محلول تزریقی پرنترال
LINAGLIPTIN,تاگلیدا,قرص,5 mg,خوراکی 
BETAMETHASONE LA (BETAMETHASONE AS DISODIUM PHOSPHATE / BETAMETHASONE ACETATE),بتامتازون ال آ-اکسیر,سوسپانسیون,3 mg/3 mg/1mL mL,تزریقی پیوسته رهش پرنترال
CAFFEINE (AS CITRATE),مرکاف,محلول,10 mg/1mL 3 mg,تزریقی پرنترال
DEXTROSE,دکستروز,محلول,20 % 50 mL,تزریقی داخل وریدی
RANOLAZINE,اگزولیز,قرص,500 mg,پیوسته رهش خوراکی
LAMOTRIGINE,لاموتریژین,قرص,100 mg,خوراکی 
PIROXICAM,پیروکسی فارم,ژل,0.5 g/100g 60 g,موضعی 
ASA (ACETYLSALICYLIC ACID),آ اس آ,قرص,81 mg,انتریک کوتد خوراکی
ADULT COLD PREPARATIONS (4-2),آوی گریپ,قرص,650 mg/10 mg/4 mg,خوراکی 
REPAGLINIDE,رپاگلیناید,قرص,2 mg,خوراکی 
SUMATRIPTAN (AS SUCCINATE),میگراجکت,تزریقی,12 mg/1mL 0.5 mL,پرنترال 
ERYTHROMYCIN,اریترومایسین,قرص,400 mg,خوراکی 
FLUCONAZOLE,فلوکونازول,کپسول,50 mg,خوراکی 
POLYETHYLENE GLYCOL,پلی اتیلن گلایکول,پودر,10 g,خوراکی 
PSEUDOEPHEDRINE HYDROCHLORIDE,سودوافدرین,شربت,30 mg/5mL 60 mL,خوراکی 
PALBOCICLIB,پالبرانس,کپسول,100 mg,خوراکی 
SALMETEROL (AS XINAFOATE) / FLUTICASONE PROPIONATE,سروفلو سینکروبرث,آئروسل,25 ug/125 ug/1{dose} 120 {dose},با دوز اندازه گیری شده استنشاقی
AZITHROMYCIN,آزیروسین,پودر,100 mg/5mL 30 mL,برای تهیه سوسپانسیون خوراکی
METFORMIN HYDROCHLORIDE,گلای- وانس,قرص,1000 mg,پیوسته رهش خوراکی
FIBRINOGEN,فیبرینورل,پودر,1 g g,برای تهیه محلول تزریقی پرنترال
CEFUROXIME (AS AXETIL),سفوروکسیم,قرص,500 mg,خوراکی 
CIPROFLOXACIN / DEXAMETHASONE,سیپروزونیت,"سوسپانسیون،",0.3 %/0.1 % mL,قطره گوشی
INSULIN ASPART,نوورپید,محلول,100 [iU]/1mL 3 mL,تزریقی پرنترال
SIMETHICONE (DIMETHICONE ACTIVATED),دایمتیکون,قرص,40 mg,جویدنی خوراکی
RIFAMPICIN,ریفامپین-حکیم,کپسول,300 mg,خوراکی 
ESOMEPRAZOLE (AS MAGNESIUM),اموزکت,گرانول,10 mg mg,انتریک کوتد خوراکی
VALSARTAN,واسکوران,قرص,80 mg,خوراکی 
ATORVASTATIN (AS CALCIUM),آتوسترول,قرص,20 mg,خوراکی 
ANAGRELIDE HYDROCHLORIDE,آناگرلاید,کپسول,500 ug,خوراکی 
LAMOTRIGINE,لاموژین,قرص,25 mg,خوراکی 
COLISTIMETHATE SODIUM,کلیستیمتات,پودر,1000000 [iU] [iU],برای تهیه محلول تزریقی پرنترال
AMOXICILLIN,آموکسی سیلین,کپسول,250 mg,خوراکی 
BECLOMETHASONE DIPROPIONATE,بکلام,اسپری,50 ug/1 {dose} 200 mL,از راه بینی
BETAMETHASONE (AS DISODIUM PHOSPHATE),بتامتازون-اکسیر,تزریقی,4 mg/1mL mL,پرنترال 
TEMOZOLOMIDE,آمیتزو,کپسول,140 mg,خوراکی 
FACTOR IX,اکتاناین اف,پودر,500 [iU] [iU],لئوفیلیزه برای تهیه محلول تزریقی پرنترال
FEXOFENADINE HYDROCHLORIDE,سافکسوفست,قرص,120 mg,خوراکی 
ACETYLCYSTEINE,موکوسولوین,قرص,200 mg,خوراکی 
IMIPENEM / CILASTATIN,سیلاپنم,پودر,500 mg/500 mg mg,برای تهیه محلول تزریقی پرنترال
CABERGOLINE,دوپاگولین,قرص,0.5 mg,خوراکی 
AMPHOTERICIN B NANOLIPOSOMAL,سینا آمفولیش,ژل,0.4 % 15 g,موضعی 
BECLOMETHASONE DIPROPIONATE,بی زون,اینهالر,50 ug/1{dose} 200 {Puff},استنشاقی 
PACLITAXEL,پکلی تاکسل اکویدا,تزریقی,6 mg/1mL 16.7 mL,پرنترال 
ABIRATERONE ACETATE,ویوابی,قرص,500 mg,خوراکی 
MEBEVERINE HYDROCHLORIDE,مورین,قرص,135 mg,خوراکی 
METFORMIN HYDROCHLORIDE / LINAGLIPTIN,لیروپریم,قرص,500 mg/2.5 mg,خوراکی 
CHLORDIAZEPOXIDE,کلردیازپوکساید,قرص,5 mg,خوراکی 
SERTRALINE (AS HYDROCHLORIDE),سرترالین-حکیم,قرص,100 mg,خوراکی 
COLISTIMETHATE SODIUM,کلیستیمتات سدیم,پودر,2000000 [iU] [iU],برای تهیه محلول تزریقی پرنترال
KETOROLAC TROMETAMOL,کتورولاک,تزریقی,15 mg/1mL 1 mL,پرنترال 
ENOXAPARIN SODIUM,انوکسارین,تزریقی,100 mg/1mL 0.6 mL,پرنترال 
ESOMEPRAZOLE (AS MAGNESIUM),نکسیپِد,گرانول,5 mg g,انتریک کوتد خوراکی
FAMPRIDINE,نورپیرا,قرص,10 mg,پیوسته رهش خوراکی
PALBOCICLIB,اینبرستا,کپسول,100 mg,خوراکی 
METFORMIN HYDROCHLORIDE,متفورمین رازک,قرص,500 mg,خوراکی 
DAPAGLIFLOZIN (AS PROPANEDIOL) / METFORMIN HYDROCHLORIDE,فاکسیبت پلاس,قرص,2.5 mg/1000 mg,پیوسته رهش خوراکی
TAMSULOSIN HYDROCHLORIDE,تامولیکس,کپسول,0.4 mg,پیوسته رهش خوراکی
DICLOFENAC SODIUM,آلفن,تزریقی,25 mg/1mL 3 mL,پرنترال 
BECLOMETHASONE DIPROPIONATE,بکلومتازون,اسپری,50 ug/1 {dose} 200 mL,از راه بینی
ACETAMINOPHEN,اُفین,سوسپانسیون,120 mg/5mL 120 mL,خوراکی 
ANAGRELIDE HYDROCHLORIDE,ترومبورداکتین,کپسول,500 ug,خوراکی 
GANIRELIX (AS ACETATE),ارگالوتران,تزریقی,500 ug/1mL 0.5 mg,پرنترال 
PANTOPRAZOLE (AS SODIUM SESQUIHYDRATE),پپتیکر,قرص,40 mg,انتریک کوتد خوراکی
SACUBITRIL / VALSARTAN,بیتوال,قرص,49 mg/51 mg,خوراکی 
PHENYLEPHRINE HYDROCHLORIDE,نازوفرین,اسپری,0.5 % 20 mL,از راه بینی
CARVEDILOL,کارویمود,قرص,6.25 mg,خوراکی 
LOSARTAN POTASSIUM,لوزارتان-تدافارم,قرص,25 mg,خوراکی 
AMINO ACID 10% PAEDIATRIC (2),آمینوپلاسمال اطفال 10%,محلول,100 mL,تزریقی داخل وریدی
ESCITALOPRAM (AS OXALATE),لگزیرام,قرص,5 mg,خوراکی 
RABEPRAZOLE SODIUM,رابپرازول-ناژو,قرص,20 mg,انتریک کوتد خوراکی
CISPLATIN,سیسپلات,محلول,0.5 mg/1mL 20 mL,غلیظ تزریقی داخل وریدی
TIRZEPATIDE,اسپارتینا,محلول,12.5 mg/0.6 mL mL,تزریقی پرنترال
DEXPANTHENOL,د-پانتکس,کرم,5 % 30 g,موضعی 
ISOSORBIDE DINITRATE,ایزوکور,قرص,40 mg,پیوسته رهش خوراکی
MIGLUSTAT,زاوسدال,کپسول,100 mg,خوراکی 
EMPAGLIFLOZIN,گلایسانو,قرص,25 mg,خوراکی 
VALPROATE SODIUM,مهباکین,قرص,333 mg/145 mg,پیوسته رهش خوراکی
EPOETIN,پی دی پویتین,تزریقی,20000 [iU]/1mL 0.5 [iU],پرنترال 
ACETAMINOPHEN / CAFFEINE / IBUPROFEN,تری نوپین,کپسول,325 mg/40 mg/200 mg,خوراکی 
FEXOFENADINE HYDROCHLORIDE,آلربند,قرص,120 mg,خوراکی 
SITAGLIPTIN (AS PHOSPHATE) / METFORMIN HYDROCHLORIDE,زیپمت,قرص,50 mg/1000 mg,خوراکی 
TORSEMIDE,تورزماید,قرص,100 mg,خوراکی 
VORICONAZOLE,روفند,پودر,200 mg mg,برای تهیه محلول تزریقی پرنترال
VALPROATE SODIUM,والپروات -ساندوز,قرص,333 mg/145 mg,پیوسته رهش خوراکی
AZITHROMYCIN,آزیترومایسین-شفا,قرص,500 mg,خوراکی 
LENVATINIB (AS MESILATE),لنتریس,کپسول,4 mg,خوراکی 
IMIGLUCERASE,سرزایم,پودر,400 [iU] [iU],برای تهیه محلول تزریقی پرنترال
CALCITRIOL,وانا کلسی تریول,کپسول,0.25 ug,حاوی مایع خوراکی
PROPRANOLOL HYDROCHLORIDE,پروپرانولول-حکیم,قرص,20 mg,خوراکی 
TEMOZOLOMIDE,رادوتم,کپسول,140 mg,خوراکی 
IMATINIB (AS MESYLATE),زیوک,قرص,400 mg,خوراکی 
PERMETHRIN,پرمیزان,شامپو,1 % 60 mL,موضعی 
BECLOMETHASONE DIPROPIONATE / FORMOTEROL FUMARATE,فاستر,آئروسل,200 ug/6 ug/1{Puff} 120 {Puff},با دوز اندازه گیری شده استنشاقی
VENETOCLAX,ونکلایکستو,قرص,100 mg,خوراکی 
CELECOXIB,سبکس,کپسول,200 mg,خوراکی 
CALCIUM PANTOTHENATE,کلسیم پانتوتنات,قرص,100 mg,خوراکی 
FEXOFENADINE HYDROCHLORIDE,رافکسودین,قرص,120 mg,خوراکی 
CARVEDILOL,اکتویدل,قرص,12.5 mg,خوراکی 
CLOTRIMAZOLE,کلوتریمازول-بهوزان,محلول,1 % 20 mL,موضعی 
SUNITINIB (AS MALATE),سونیتینیب اکویدا,کپسول,50 mg,خوراکی 
CLOXACILLIN (AS SODIUM),کلوگزاسیلین,پودر,500 mg mg,برای تهیه محلول تزریقی پرنترال
EMPAGLIFLOZIN / METFORMIN HYDROCHLORIDE,کوگلایزین,قرص,12.5 mg/500 mg,خوراکی 
PANTOPRAZOLE (AS SODIUM SESQUIHYDRATE),پنتوپرازول,قرص,20 mg,انتریک کوتد خوراکی
BUPROPION HYDROCHLORIDE,زیبوترین,قرص,75 mg,خوراکی 
TETRACOSACTIDE ACETATE,تتراکوزاکتاید ال آ,سوسپانسیون,1 mg/1mL mg,تزریقی پرنترال
SALBUTAMOL (AS SULFATE),استاریکس,اسپری,100 ug/1{dose} 200 {dose},با دوز اندازه گیری شده استنشاقی
INDOMETHACIN,ایندومتاسین,شیاف,100 mg,مقعدی 
ACETAMINOPHEN / CAFFEINE / CODEINE PHOSPHATE,پاناپین,قرص,300 mg/15 mg/15 mg,خوراکی 
METFORMIN HYDROCHLORIDE,اسلومت,قرص,1000 mg,پیوسته رهش خوراکی
POVIDONE IODINE,پوویدون آیداین-بهوزان,محلول,10 % 60 mL,موضعی 
ENOXAPARIN SODIUM,کلگزاپارین,تزریقی,100 mg/1mL 0.4 mL,پرنترال 
SEVELAMER CARBONATE,سولامر کربنات جنتون,قرص,800 mg,خوراکی 
LENALIDOMIDE,مایلودک,کپسول,10 mg,خوراکی 
CLOPIDOGREL (AS BISULFATE),پلاتومد,قرص,75 mg,خوراکی 
SOLIFENACIN SUCCINATE,یوریناسین,قرص,5 mg,خوراکی 
TADALAFIL,تیافیل,قرص,20 mg,خوراکی 
CELECOXIB,سلکوکسیب آریا,کپسول,100 mg,خوراکی 
ATORVASTATIN (AS CALCIUM),بایوتور,قرص,20 mg,خوراکی 
DEXTROMETHORPHAN HYDROBROMIDE,دکسترومتورفان هیدروبروماید,کپسول,15 mg,حاوی مایع خوراکی
DAUNORUBICIN (AS HYDROCHLORIDE),دانوروبیسین,محلول,2 mg/1mL 10 mg,تزریقی پرنترال
DEXTROSE / SODIUM CHLORIDE,دکستروز/ سدیم کلراید,محلول,5 %/0.9 % 500 mL,تزریقی داخل وریدی
NALTREXONE HYDROCHLORIDE,نالترکسون-الحاوی,کپسول,25 mg,خوراکی 
CHARCOAL ACTIVATED,کربولیک,سوسپانسیون,200 mg/1mL 250 mL,خوراکی 
INTERFERON BETA-1B,اکتوفرون,پودر,9600000 [iU] ug,برای تهیه محلول تزریقی پرنترال
LIPID INFUSION 20% (2),اسموف لیپید20%,محلول,250 mL,تزریقی داخل وریدی
SOFOSBUVIR / VELPATASVIR,سوفوسبوویر/ ولپاتاسویر,قرص,400 mg/100 mg,خوراکی 
NITROGLYCERIN,نیتروگلیسیرین سها,قرص,2.6 mg,پیوسته رهش خوراکی
ALTEPLASE,اکتیلیز,پودر,10 mg mg,برای تهیه محلول تزریقی پرنترال
BISMUTH SUBCITRATE EQU. TO BISMUTH OXIDE,بیسموت,,120 mg,قرص خوراکی
APREPITANT,امسیس,کپسول,125 mg,خوراکی 
MESALAZINE,آساکول,,4 g/100mL g,انما مقعدی
DOXEPIN,دوکسپین,کپسول,10 mg,خوراکی 
LINAGLIPTIN,لیرنتا,قرص,5 mg,خوراکی 
OSELTAMIVIR (AS PHOSPHATE),فلاویر,کپسول,75 mg,خوراکی 
KETOTIFEN (AS FUMARATE),کتوتیفن سها,قرص,1 mg,خوراکی 
LACOSAMIDE,لاکوزامید,قرص,100 mg,خوراکی 
ATORVASTATIN (AS CALCIUM),لیپوتین,قرص,40 mg,خوراکی 
THEOPHYLLINE,تئوفیلین,قرص,200 mg,پیوسته رهش خوراکی
PREGABALIN,پرگابالین-حکیم,کپسول,150 mg,خوراکی 
VALSARTAN,واساران,قرص,160 mg,خوراکی 
SUNITINIB (AS MALATE),کیتنت,کپسول,12.5 mg,خوراکی 
MEBEVERINE HYDROCHLORIDE,آنیفک,کپسول,200 mg,پیوسته رهش خوراکی
NILOTINIB,لوتیگنا,کپسول,150 mg,خوراکی 
ESCITALOPRAM (AS OXALATE),رالوپرام,قرص,20 mg,خوراکی 
MESALAZINE,مزالوور,گرانول,4 g g,پیوسته رهش خوراکی
DIGOXIN,لانوکسین,الگزیر,0.05 mg/1mL 60 mL,خوراکی 
QUETIAPINE (AS FUMARATE),کوئپین,قرص,25 mg,خوراکی 
REPAGLINIDE,پراگلیناید,قرص,2 mg,خوراکی 
CEFTRIAXONE (AS SODIUM),سفتریاکسون-اکسیر,پودر,500 mg mg,برای تهیه محلول تزریقی پرنترال
KETOROLAC TROMETAMOL,کلاتوزکس-آی اچ,قرص,10 mg,خوراکی 
DIMETHYL SULFOXIDE,ریمسو,محلول,50 % 50 mL,پرنترال 
IPRATROPIUM BROMIDE,آتروونت ان,اسپری,20 ug/1{dose} 200 mg,استنشاقی 
MESNA,مسنا-سل,تزریقی,100 mg/1mL 4 mg,پرنترال 
CARBAMAZEPINE,کاربامازپین,قرص,200 mg,خوراکی 
DULOXETINE,لوکستا,کپسول,20 mg,انتریک کوتد خوراکی
LEVODOPA / CARBIDOPA / ENTACAPONE,اکسریکال,قرص,150 mg/37.5 mg/200 mg,خوراکی 
MOMETASONE FUROATE,مومتازون,پماد,0.1 % 15 g,موضعی 
BISOPROLOL FUMARATE,پرولی زکس,قرص,10 mg,خوراکی 
FENTANYL,فنتانیل- هگزال اس,پچ,25 ug/1h mg,از راه پوستی
PROPOFOL,پروپوفول ام سی تی,امولسیون,10 mg/1mL 20 mL,تزریقی پرنترال
EXPECTORANT,اکسپکتورانت-عماد,شربت,100 mg/2 mg/30 mg/5mL 60 mL,خوراکی 
ZOLPIDEM TARTRATE,زولیور,قرص,10 mg,خوراکی 
AMLODIPINE (AS BESILATE),آملودیبکس,قرص,5 mg,خوراکی 
BISACODYL,بیزاکودیل-ناژو,شیاف,10 mg,مقعدی 
PALBOCICLIB,پالبوکپ,کپسول,125 mg,خوراکی 
BUDESONIDE,بودنیکس,اسپری,64 ug/1{dose} 120 {dose},از راه بینی
TACROLIMUS,ادواگرف,کپسول,3 mg,پیوسته رهش خوراکی
AMLODIPINE (AS BESILATE) / VALSARTAN,آملودیپین / والسارتان - ثنامد,قرص,5 mg/80 mg,خوراکی 
ESOMEPRAZOLE (AS MAGNESIUM),پیلورینکس,گرانول,10 mg mg,انتریک کوتد خوراکی
LEVODOPA / BENSERAZIDE,لپارسید,قرص,200 mg/50 mg,خوراکی 
TIRZEPATIDE,لانیسا,محلول,7.5 mg/0.5mL mg,تزریقی زیر جلدی
DIAZEPAM,دیاکسی,انما,10 mg mg,مقعدی 
ENOXAPARIN SODIUM,انوکساپارین,تزریقی,100 mg/1mL 0.6 mL,پرنترال 
GABAPENTIN,ریپنتین,کپسول,300 mg,خوراکی 
EMPAGLIFLOZIN,پگلینو,قرص,25 mg,خوراکی 
KETOTIFEN (AS FUMARATE),کترام,قرص,1 mg,خوراکی 
DASATINIB,لاراسل,قرص,100 mg,خوراکی 
IBUPROFEN,کارنوفن,کپسول,400 mg,حاوی مایع خوراکی
AMLODIPINE (AS BESILATE) / VALSARTAN,آملودیپین / والسارتان,قرص,5 mg/80 mg,خوراکی 
LEVETIRACETAM,لوتیراستام,محلول,100 mg/1mL 5 mg,غلیظ تزریقی پرنترال
ARIPIPRAZOLE,آریزوور,قرص,15 mg,خوراکی 
OLOPATADINE HYDROCHLORIDE,آلروپات,اسپری,0.6 % 20 mL,از راه بینی
BARICITINIB,المینار,قرص,4 mg,خوراکی 
NALIDIXIC ACID,نالیدکس,قرص,500 mg,خوراکی 
ALPRAZOLAM,آلپروکیم,قرص,1 mg,خوراکی 
INSULIN DETEMIR,لومیر,محلول,100 [iU]/1mL 3 mL,تزریقی پرنترال
PRALIDOXIME IODIDE,آلدوپام,محلول,25 mg/1 mL 20 mL,تزریقی پرنترال
POTASSIUM CITRATE,اوروسیترا,قرص,10 meq,پیوسته رهش خوراکی
PANTOPRAZOLE (AS SODIUM SESQUIHYDRATE),پنتوفلکس,قرص,40 mg,انتریک کوتد خوراکی
SALBUTAMOL (AS SULFATE),سالبودیک,شربت,2 mg/5mL 120 mL,خوراکی 
DICLOFENAC SODIUM,دیکوتارد,کپسول,100 mg,پیوسته رهش خوراکی
METHYLPREDNISOLONE ACETATE,دورو-مدرول,سوسپانسیون,40 mg/1mL 1 mL,تزریقی پرنترال
BRIVARACETAM,بریواستا,قرص,75 mg,خوراکی 
BUDESONIDE,بودکورت رسپیول,,0.5 mg/1mL 2 mg,سوسپانسیون استنشاقی
APIXABAN,اپینکسا,قرص,2.5 mg,خوراکی 
GABAPENTIN,گاباکیم,کپسول,100 mg,خوراکی 
CO-AMOXICLAV,کلاموکس,پودر,600 mg/42.9 mg/5mL 100 mL,برای تهیه سوسپانسیون خوراکی
DICLOFENAC SODIUM,دیکلوژین,تزریقی,25 mg/1mL 3 mL,پرنترال 
BUDESONIDE,پالمیکورت,,200 ug/1{dose} 100 mg,پودر با دوز اندازه گیری شده استنشاقی
CLINDAMYCIN (AS PHOSPHATE),کلیندامایسین,تزریقی,150 mg/1mL 2 mg,پرنترال 
DULOXETINE,دلوکسی کپ,کپسول,30 mg,انتریک کوتد خوراکی
ALUMINIUM HYDROXIDE / MAGNESIUM HYDROXIDE / SIMETHICONE,آلومینیوم ام جی اس-حکیم,قرص,200 mg/200 mg/25 mg,جویدنی خوراکی
DOMPERIDONE,دومپریدون,قرص,10 mg,خوراکی 
AMOXICILLIN,ایراموکس بی دی,پودر,400 mg/5 mL 70 g,برای تهیه سوسپانسیون خوراکی
MEBEVERINE HYDROCHLORIDE,مورین,کپسول,200 mg,پیوسته رهش خوراکی
CLOMIPHENE CITRATE,اوومید,قرص,50 mg,خوراکی 
ALPRAZOLAM,زانیسد,قرص,0.5 mg,خوراکی 
LANSOPRAZOLE,لنسوپرازول,کپسول,15 mg,انتریک کوتد خوراکی
ADULT COLD PREPARATIONS (4-12),فلونیکا شب,پودر,650 mg/10 mg/25 mg g,برای تهیه محلول خوراکی
IBUPROFEN,ایبوپروفن-ناژو,قرص,400 mg,خوراکی 
MOMETASONE FUROATE,مومتازون بهسا,پماد,0.1 % 30 g,موضعی 
SODIUM BICARBONATE,مولار سدیم بیکربنات,تزریقی,8.4 % 10 %,پرنترال 
RETEPLASE,رتلیز,پودر,10.4 [iU] mg,برای تهیه محلول تزریقی پرنترال
IBUPROFEN,ایبوپروفن سها,قرص,400 mg,خوراکی 
ALLOPURINOL,آلوکیم,قرص,100 mg,خوراکی 
LEVOFLOXACIN,لووفکت,قرص,750 mg,خوراکی 
VALPROATE SODIUM,سیمیوال,شربت,200 mg/5mL 250 mL,خوراکی 
BUPROPION HYDROCHLORIDE,بوپیبان,قرص,150 mg,پیوسته رهش خوراکی
DICYCLOMINE HYDROCHLORIDE,دی سیکلومین,قرص,10 mg,خوراکی 
CITALOPRAM,سیتالوتد,قرص,20 mg,خوراکی 
ACETAMINOPHEN / CAFFEINE / IBUPROFEN,کامپی فن,کپسول,325 mg/40 mg/200 mg,خوراکی 
MENOTROPINS,پی دی هوموگ,پودر,75 [iU]/75 [iU] [iU],لئوفیلیزه برای تهیه محلول تزریقی پرنترال
METFORMIN HYDROCHLORIDE / GLIBENCLAMIDE,گلوکووانس,قرص,500 mg/5 mg,خوراکی 
LINACLOTIDE,لیناکلاید,کپسول,72 ug,خوراکی 
PROPRANOLOL HYDROCHLORIDE,پروپراتد,قرص,20 mg,خوراکی 
DEXTROMETHORPHAN / PSEUDOEPHEDRINE,دکسترومتورفان پی-الحاوی,,15 mg/30 mg/5mL 60 mL,شربت خوراکی
PEGASPARGASE,پگ ال-آسپاترو,پودر,3750 [iU] {dose},برای تهیه محلول تزریقی پرنترال
NAPHAZOLINE HYDROCHLORIDE,آنی زولین,اسپری,0.05 % 20 mL,از راه بینی
IBUPROFEN,ایبوکیم,قرص,200 mg,خوراکی 
POVIDONE IODINE,تولیدین,محلول,7.5 % 1 mL,موضعی 
NAPHAZOLINE HYDROCHLORIDE,فازولیکس,"محلول،",0.05 % 10 mL,قطره از راه بینی
BISOPROLOL FUMARATE,بیسوتا,قرص,10 mg,خوراکی 
ARTIFICIAL TEARS,سینالون,"محلول،",0.3 % 0.5 mL,قطره چشمی
MOMETASONE FUROATE,مومتازون-بهوزان,کرم,0.1 % 30 g,موضعی 
ACETAMINOPHEN,استامینوفن,کپسول,500 mg,حاوی مایع خوراکی
CHLORPHENIRAMINE MALEATE,کلرفنیرامین,شربت,2 mg/5 mL 60 mL,خوراکی 
CETIRIZINE HYDROCHLORIDE,ستیریزین,,10 mg,قرص خوراکی
SODIUM ACID PHOSPHATE (PHOSPHATE SODIUM),فسفات-حکیم,قرص,500 mg,جوشان خوراکی
ONDANSETRON (AS HYDROCHLORIDE),دمیترون,قرص,4 mg,خوراکی 
ADAPALENE,آداپالن,ژل,0.1 % 30 g,موضعی 
VITAMIN A / VITAMIN D,ویتامین آ+د بهوزان,پماد,850 [iU]/85 [iU]/1g 30 g,موضعی 
METFORMIN HYDROCHLORIDE,متفورتکس,قرص,500 mg,پیوسته رهش خوراکی
ACETAMINOPHEN,پاراکید,سوسپانسیون,120 mg/5mL 120 mL,خوراکی 
CALAMINE,کالامین-ناژو,کرم,8 % 30 g,موضعی 
ADULT COLD PREPARATIONS (7-23),آنتی کلدپلاس,قرص,15 mg/2 mg/5 mg/500 mg,خوراکی 
FLUORESCEIN SODIUM,فلورسئین استروپ,تزریقی,10 % 5 mL,پرنترال 
AMOXICILLIN,آموکسیل,کپسول,500 mg,خوراکی 
ANTIHISTAMINE DECONGESTANT (2),آنتی هیستامین دکونژستانت-جالینوس,قرص,4 mg/10 mg,خوراکی 
OXALIPLATIN,الوکسال,محلول,5 mg/1mL 10 mg,غلیظ تزریقی پرنترال
EPLERENONE,آلدرون,قرص,25 mg,خوراکی 
FEXOFENADINE HYDROCHLORIDE,فکسوتد,قرص,60 mg,خوراکی 
FINGOLIMOD (AS HYDROCHLORIDE),گیلنید,کپسول,0.5 mg,خوراکی 
MIRTAZAPINE,تازادپ,قرص,15 mg,خوراکی 
CLOTRIMAZOLE,کلوتریمازول-بهوزان,کرم,2 % 20 g,واژینال 
DIPHENHYDRAMINE HYDROCHLORIDE,دی هیستون,تزریقی,50 mg/1mL mL,پرنترال 
LIDOCAINE / EPINEPHRINE,زایلوپن,تزریقی,20 mg/12.5 ug/1mL 1.8 mL,پرنترال 
TRIAMTERENE / HYDROCHLOROTHIAZIDE,تریامترن+هیدروکلروتیازید,قرص,50 mg/25 mg,خوراکی 
SALMETEROL (AS XINAFOATE) / FLUTICASONE PROPIONATE,سروفلو سیپهیلر,دیسک,50 ug/250 ug/1{dose} 60 {dose},استنشاقی 
RISPERIDONE,ریسپریدون,قرص,4 mg,خوراکی 
PEDIATRIC GRIPPE,سرماخوردگی کودکان بهسا,شربت,0.67 mg/10 mg/5mL 60 mL,خوراکی 
DOCETAXEL,دوسه تکسل,محلول,20 mg/1mL 1 mL,تزریقی داخل وریدی
ASA (ACETYLSALICYLIC ACID),آسپرین,قرص,81 mg,انتریک کوتد خوراکی
ACETAMINOPHEN,استامینوفن آریا,قرص,325 mg,خوراکی 
ACETAMINOPHEN / CAFFEINE / IBUPROFEN,پاناتک,کپسول,325 mg/40 mg/200 mg,خوراکی 
ADULT COLD PREPARATIONS (4-1),کلد استاپ,قرص,500 mg/5 mg/25 mg,خوراکی 
METFORMIN HYDROCHLORIDE / LINAGLIPTIN,جاریگلو-ام,قرص,500 mg/2.5 mg,خوراکی 
HYDROCORTISONE ACETATE,هیدروکورتیزون-حنان,پماد,1 % 15 g,موضعی 
TRIPLE SULFA,تریپل سولفا,کرم,3.42 %/2.86 %/3.7 % 78 g,واژینال 
SACUBITRIL / VALSARTAN,الپیدو,قرص,49 mg/51 mg,خوراکی 
SACUBITRIL / VALSARTAN,اسکادیا,قرص,49 mg/51 mg,خوراکی 
HYOSCINE-N-BUTYL BROMIDE,هیوسین,قرص,10 mg,خوراکی 
CETIRIZINE HYDROCHLORIDE,آلسیزن,قرص,10 mg,خوراکی 
CEFALEXIN,سفال- ایکس,پودر,250 mg/5 mL 100 mL,برای تهیه سوسپانسیون خوراکی
DROSPIRENONE / ETHINYLESTRADIOL,دروسبلین,قرص,3 mg/0.03 mg,خوراکی 
ACETYLCYSTEINE / ASCORBIC ACID,استیل سیستئین/اسکوربیک اسید,پودر,600 mg/75 mg g,خوراکی 
CETIRIZINE HYDROCHLORIDE,ستیریزین سها,قرص,10 mg,خوراکی 
MEMANTINE HYDROCHLORIDE,ممانتین-حکیم,قرص,5 mg,خوراکی 
NAPROXEN,پکست,قرص,500 mg,انتریک کوتد خوراکی
OLANZAPINE,زیپروبایوکس,قرص,10 mg,خوراکی 
DAPOXETINE (AS HYDROCHLORIDE),دوراکست,قرص,30 mg,خوراکی 
CLOTRIMAZOLE,آفی تریمازول,شیاف,100 mg,واژینال 
VITAMIN A,ویتامین آ-تداژل,کپسول,50000 [iU],حاوی مایع خوراکی
LISINOPRIL,لیزیوفا,قرص,5 mg,خوراکی 
HALOPERIDOL (AS DECANOATE),نورودل دکانوات,تزریقی,50 mg/1mL 1 mg,پرنترال 
SILDENAFIL (AS CITRATE),سیلد-آپ,قرص,100 mg,خوراکی 
AZITHROMYCIN,زیمکسیر,پودر,100 mg/5mL 30 mL,برای تهیه سوسپانسیون خوراکی
TADALAFIL,جیالیکسو,قرص,5 mg,خوراکی 
ERYTHROMYCIN,اریترومایسین,پودر,200 mg/5mL 100 mL,برای تهیه سوسپانسیون خوراکی
DANTROLENE SODIUM,دانترولن,پودر,20 mg mg,برای تهیه محلول تزریقی پرنترال
QUETIAPINE (AS FUMARATE),آرو-کوئتیاپین,قرص,200 mg,پیوسته رهش خوراکی
CLOBETASOL PROPIONATE,کلوبتازول بهسا,پماد,0.05 % 15 g,موضعی 
PIROXICAM,پیروکسیکام بهسا,ژل,0.5 g/100g 60 g,موضعی 
EMPAGLIFLOZIN / METFORMIN HYDROCHLORIDE,پگلیمت,قرص,12.5 mg/500 mg,خوراکی 
FEXOFENADINE HYDROCHLORIDE,آلربند,قرص,180 mg,خوراکی 
ACETAMINOPHEN,آفی ستامول,شیاف,125 mg,مقعدی 
SALMETEROL (AS XINAFOATE) / FLUTICASONE PROPIONATE,سروفلو,آئروسل,25 ug/50 ug/1{dose} 120 {Puff},با دوز اندازه گیری شده استنشاقی
ENZALUTAMIDE,انزالوتامید,قرص,40 mg,خوراکی 
ISOXSUPRINE HYDROCHLORIDE,ایزوپین,قرص,10 mg,خوراکی 
EMPAGLIFLOZIN,امپادیانس,قرص,10 mg,خوراکی 
PROTHROMBIN COMPLEX (CONCENTRATED),اومن کمپلکس,پودر,500 [iU] [iU],لئوفیلیزه برای تهیه محلول تزریقی پرنترال
CIPROFLOXACIN (AS HYDROCHLORIDE),پوریک سیدال,قرص,750 mg,خوراکی 
ZOLEDRONIC ACID,زولدرونیک اسید,تزریقی,4 mg/5mL mg,پرنترال 
IMIPENEM / CILASTATIN,سیلاپنم,پودر,500 mg/500 mg mg,برای تهیه محلول تزریقی پرنترال
MONTELUKAST (AS SODIUM),مونتکس,قرص,5 mg,جویدنی خوراکی
ATENOLOL,آتنولول,قرص,50 mg,خوراکی 
LOPERAMIDE HYDROCHLORIDE,لوپرامید,محلول,1 mg/5mL 60 mL,خوراکی 
NAPHAZOLINE HYDROCHLORIDE,نفازولین,"محلول،",0.05 % 10 mL,قطره از راه بینی
TIZANIDINE,تیزانوور,قرص,4 mg,خوراکی 
BUPIVACAINE HYDROCHLORIDE,بوپیواکایین ویاتریس,تزریقی,0.5 % 4 mg,داخل نخاعی
SERTACONAZOLE NITRATE,سرتول,کرم,2 % 30 g,موضعی 
ENOXAPARIN SODIUM,کلاتاز,تزریقی,100 mg/1mL 0.4 [iU],پرنترال 
DESONIDE,دزوکوئل,پماد,0.05 % 15 g,موضعی 
CHLORPROMAZINE HYDROCHLORIDE,لارگازین,قرص,100 mg,خوراکی 
DONEPEZIL HYDROCHLORIDE / MEMANTINE HYDROCHLORIDE,تکامایند,کپسول,10 mg/14 mg,پیوسته رهش خوراکی
CLOMIPRAMINE HYDROCHLORIDE,کلومیپرامین,قرص,25 mg,خوراکی 
METFORMIN HYDROCHLORIDE,زوگر,قرص,500 mg,پیوسته رهش خوراکی
DESONIDE,ژانوناید,ژل,0.05 % 15 g,موضعی 
ADULT COLD PREPARATIONS (5-4),فلونیکا روز,پودر,650 mg/20 mg/10 mg g,برای تهیه محلول خوراکی
APIXABAN,ونتروم,قرص,5 mg,خوراکی 
PAROMOMYCIN,هوماتین,کپسول,250 mg,خوراکی 
LANSOPRAZOLE,لنزاکتو,کپسول,15 mg,انتریک کوتد خوراکی
OXALIPLATIN,زالیکو,محلول,5 mg/1mL 10 mg,غلیظ تزریقی پرنترال
PALBOCICLIB,سایبرین,کپسول,75 mg,خوراکی 
EMPAGLIFLOZIN / METFORMIN HYDROCHLORIDE,پگلیمت,قرص,25 mg/1000 mg,پیوسته رهش خوراکی
BETAMETHASONE LA (BETAMETHASONE AS DISODIUM PHOSPHATE / BETAMETHASONE ACETATE),بتامتازون ال آ-اکسیر,سوسپانسیون,3 mg/3 mg/1mL mL,تزریقی پیوسته رهش پرنترال
MEROPENEM,مروپن,پودر,1 g g,برای تهیه محلول تزریقی پرنترال
BOSENTAN,بوتکریل,قرص,62.5 mg,خوراکی 
OXYCODONE HYDROCHLORIDE,لنیتون,قرص,40 mg,پیوسته رهش خوراکی
ENOXAPARIN SODIUM,پی دکسان,تزریقی,100 mg/1mL 0.6 [iU],پرنترال 
QUETIAPINE (AS FUMARATE),بایوکویتین,قرص,100 mg,خوراکی 
SOLIFENACIN SUCCINATE,سولیفناسین,قرص,5 mg,خوراکی 
SALMETEROL (AS XINAFOATE) / FLUTICASONE PROPIONATE,ساتیکا,کپسول,50 ug/500 ug/1{dose},استنشاقی 
CLOXACILLIN (AS SODIUM),کلوگزافا,کپسول,500 mg,خوراکی 
AZITHROMYCIN,زیرومین,پودر,200 mg/5mL 30 mL,برای تهیه سوسپانسیون خوراکی
PROGESTERONE,وسکلور,ژل,8 % 22.5 g,واژینال 
TIGECYCLINE,تایگسیکلین -آرنگ,پودر,50 mg mg,لئوفیلیزه برای تهیه محلول تزریقی پرنترال
MONTELUKAST (AS SODIUM),آفاکاست,قرص,10 mg,خوراکی 
LINAGLIPTIN,تاگلیدا,قرص,5 mg,خوراکی 
METFORMIN HYDROCHLORIDE,متفورتکس,قرص,500 mg,خوراکی 
DESLORATADINE,دسدینا,قرص,5 mg,خوراکی 
ESCITALOPRAM (AS OXALATE),لگزیرام,قرص,10 mg,خوراکی 
IMMUNE GLOBULIN,لیزرگلوب,تزریقی,50 mg/1mL 100 g,داخل وریدی
CAPECITABINE,زلورک,قرص,500 mg,خوراکی 
ACETAMINOPHEN / GUAIFENESIN / PHENYLEPHRINE,نوریزموکو,شربت,125 mg/50 mg/2.5 mg/5mL 60 mL,خوراکی 
NAPHAZOLINE HYDROCHLORIDE,نفازولین,"محلول،",0.1 % 10 mL,قطره چشمی
REPAGLINIDE,رپاگین,قرص,2 mg,خوراکی 
FLURAZEPAM,فلورازپام,کپسول,15 mg,خوراکی 
AZELASTINE HYDROCHLORIDE / FLUTICASONE PROPIONATE,آزلاستین / فلوتیکازون,اسپری,137 ug/50 ug/1 {Puff} 120 mL,با دوز اندازه گیری شده از راه بینی
AMPHOTERICIN B LIPOSOME,آلنتیوا,پودر,50 mg mg,برای تهیه محلول تزریقی پرنترال
IBUPROFEN (AS LYSINE),ایبوفست,قرص,400 mg,خوراکی 
PIPERACILLIN (AS SODIUM) / TAZOBACTAM (AS SODIUM),پیپراتاز,پودر,3 g/0.375 g g,برای تهیه محلول تزریقی پرنترال
FLUTAMIDE,فلوتاناکس,قرص,250 mg,خوراکی 
IBRUTINIB,بروکا,قرص,420 mg,خوراکی 
HYDROCORTISONE (AS SODIUM SUCCINATE),هیدروکورت,پودر,100 mg mg,برای تهیه محلول تزریقی پرنترال
LACOSAMIDE,اپیلامید,قرص,50 mg,خوراکی 
METOPROLOL TARTRATE,متوکیم,قرص,50 mg,خوراکی 
SODIUM CHLORIDE,راینوپ,"محلول،",0.65 % 20 mL,قطره از راه بینی
CHORIONIC GONADOTROPHIN (HUMAN),بریکس اچ سی جی,پودر,5000 [iU] [iU],برای تهیه محلول تزریقی پرنترال
CALCITRIOL,سادیترول,کپسول,0.25 ug,حاوی مایع خوراکی
FINERENONE,فینرنون,قرص,20 mg,خوراکی 
ZOLPIDEM TARTRATE,زولپرا,قرص,5 mg,خوراکی 
SODIUM CHLORIDE,سدیم کلراید,"محلول،",0.65 % 20 mL,قطره از راه بینی
BENDAMUSTINE HYDROCHLORIDE,ریبوسدال,پودر,100 mg mg,برای تهیه محلول تزریقی پرنترال
IOPROMIDE,اولتراویست,تزریقی,300 mg/1mL 100 mL,پرنترال 
IBUPROFEN,ایبوپروفن بهسا,ژل,5 % 60 g,موضعی 
TOBRAMYCIN / LOTEPREDNOL,لوتبرا,"سوسپانسیون،",0.3 %/0.5 % 5 mL,قطره چشمی
CABERGOLINE,دوپاگولین,قرص,1 mg,خوراکی 
MINOXIDIL,گروهکس,قرص,2.5 mg,خوراکی 
FEBUXOSTAT,یوریکوفل,قرص,40 mg,خوراکی 
BISACODYL,بیزاکودیل-ناژو,شیاف,10 mg,مقعدی 
VITAMIN B1 / VITAMIN B6 / VITAMIN B12,نوروبیت,تزریقی,100 mg/100 mg/1000 ug/3mL mL,پرنترال 
SUMATRIPTAN (AS SUCCINATE) / NAPROXEN,رکسپتا,قرص,85 mg/500 mg,خوراکی 
METHOTREXATE (AS SODIUM),ابترکس,قرص,2.5 mg,خوراکی 
CEFALEXIN,سفلکس,پودر,250 mg/5 mL 100 mL,برای تهیه سوسپانسیون خوراکی
LEVOTHYROXINE SODIUM,لووکسین,قرص,75 ug,خوراکی 
OFLOXACIN,افلوکساسین,قرص,200 mg,خوراکی 
SOMATROPIN,سیناتروپین,پودر,4 [iU] [iU],برای تهیه محلول تزریقی پرنترال
VITAMIN B12,بیتاویون,تزریقی,100 ug/1mL mL,پرنترال 
DOCETAXEL,انکوتاکسل,محلول,20 mg/1mL 8 mL,تزریقی داخل وریدی
PIRFENIDONE,پیرفنیدون,قرص,801 mg,خوراکی 
SALMETEROL (AS XINAFOATE) / FLUTICASONE PROPIONATE,کاتوسین پلاس,آئروسل,25 ug/125 ug/1{dose} 120 {Puff},با دوز اندازه گیری شده استنشاقی
METFORMIN HYDROCHLORIDE,رهامت,قرص,1000 mg,خوراکی 
ASPARAGINASE,ارویناز,پودر,10000 [iU] [iU],برای تهیه محلول تزریقی پرنترال
CLOPIDOGREL (AS BISULFATE),زیلت,قرص,75 mg,خوراکی 
DEFEROXAMINE MESYLATE,دفروکسامین,پودر,2 g g,لئوفیلیزه برای تهیه محلول تزریقی پرنترال
ESCITALOPRAM (AS OXALATE),اس سیتالوپرام - ثنامد,قرص,10 mg,خوراکی 
VALSARTAN,بلووان,قرص,80 mg,خوراکی 
PANCREATIN,کرئوفورت,کپسول,) 25000 [iU],(پلت های انتریک کوتد خوراکی
DAPOXETINE (AS HYDROCHLORIDE),داپوکستین,قرص,60 mg,خوراکی 
PROMETHAZINE,پرومتازین,شربت,5 mg/5mL 60 mL,خوراکی 
SUMATRIPTAN (AS SUCCINATE) / NAPROXEN,اندومیگرن,قرص,85 mg/500 mg,خوراکی 
PIRACETAM,منتافد,مایع,33.33 % 120 mL,خوراکی 
SITAGLIPTIN (AS PHOSPHATE),سیتابت,قرص,100 mg,خوراکی 
VIGABATRIN,ویگاسپ,قرص,500 mg,خوراکی 
PANTOPRAZOLE (AS SODIUM),پنتوپرازول,پودر,40 mg mg,لئوفیلیزه برای تهیه محلول تزریقی پرنترال
METFORMIN HYDROCHLORIDE,گلوکوفاژ ایکس آر,قرص,1000 mg,پیوسته رهش خوراکی
LIDOCAINE / TETRACAINE,الاندینا,کرم,7 %/7 % 15 g,موضعی 
CYPROHEPTADINE HYDROCHLORIDE,سیپروهپتادین-الحاوی,قرص,4 mg,خوراکی 
DIGOXIN,دیگوکرن,تزریقی,0.25 mg/1mL 2 mg,پرنترال 
AMPHOTERICIN B LIPOSOME,بی دی آمفو,پودر,50 mg mg,برای تهیه محلول تزریقی پرنترال
MEBEVERINE HYDROCHLORIDE,مبریکس,قرص,135 mg,خوراکی 
VINBLASTINE SULFATE,وینب اسپال,پودر,10 mg mg,برای تهیه محلول تزریقی پرنترال
PRAMIPEXOLE (AS DIHYDROCHLORIDE),پارکیسول,قرص,0.7 mg,خوراکی 
SIMETHICONE (DIMETHICONE ACTIVATED),سایمتیکون-حکیم,کپسول,180 mg,حاوی مایع خوراکی
INDOMETHACIN,ایندوکیم,کپسول,25 mg,خوراکی 
HYOSCINE-N-BUTYL BROMIDE,بوسکوپکس,قرص,10 mg,خوراکی 
LINAGLIPTIN,جاریگلو,قرص,5 mg,خوراکی 
LIDOCAINE,لیدوکائین,اسپری,10 mg/1{dose} 50 mL,موضعی 
AZITHROMYCIN,زیتوسیدال,قرص,500 mg,خوراکی 
EMPAGLIFLOZIN / METFORMIN HYDROCHLORIDE,گلایسنمین,قرص,5 mg/1000 mg,خوراکی 
EMPAGLIFLOZIN,گلوریپا,قرص,25 mg,خوراکی 
MOMETASONE FUROATE,الوکوماد,پماد,0.1 % 15 g,موضعی 
ONDANSETRON (AS HYDROCHLORIDE),اونیتریل,قرص,4 mg,خوراکی 
AMLODIPINE (AS BESILATE) / VALSARTAN,والماپین,قرص,5 mg/160 mg,خوراکی 
TOFACITINIB (AS CITRATE),آلپامونت,قرص,10 mg,خوراکی 
TETRACAINE HYDROCHLORIDE,آنستوکائین,"محلول،",0.5 % 0.5 mm,قطره چشمی
SITAGLIPTIN (AS PHOSPHATE) / METFORMIN HYDROCHLORIDE,زیپمت,قرص,50 mg/500 mg,خوراکی 
CETIRIZINE HYDROCHLORIDE,ستیریزین آریا,قرص,10 mg,خوراکی 
ZONISAMIDE,اکزگران,کپسول,100 mg,خوراکی 
PACLITAXEL,پکلی تکسل,تزریقی,6 mg/1mL 50 mL,پرنترال 
ACETAMINOPHEN / CAFFEINE,توژزیک,قرص,500 mg/65 mg,خوراکی 
PROPOFOL,پروپوون ام سی تی,امولسیون,20 mg/1mL 50 g,تزریقی پرنترال
DIPHENHYDRAMINE HYDROCHLORIDE,دیفن هیدرامین-عماد,محلول,12.5 mg/5mL 60 mL,خوراکی 
MEGLUMINE COMPOUND,دی پی گرافین,تزریقی,66 %/10 % 20 mL,پرنترال 
NYSTATIN,نیستاتین-عماد,پودر,100000 [iU]/1mL mL,برای تهیه سوسپانسیون خوراکی
RILUZOLE,ریلومکس,قرص,50 mg,خوراکی 
CONTRACEPTIVE DE,مارلین,قرص,0.15 mg/30 ug,خوراکی 
REPAGLINIDE,رپاسد,قرص,0.5 mg,خوراکی 
PREGABALIN,پرگابالین-حکیم,کپسول,75 mg,خوراکی 
SODIUM CHLORIDE,سدیم کلراید,اسپری,0.65 % 15 mL,از راه بینی
MONTELUKAST (AS SODIUM),مونتکس,قرص,10 mg,خوراکی 
DEXAMETHASONE,دکامزون,قرص,0.5 mg,خوراکی 
EMPAGLIFLOZIN / LINAGLIPTIN / METFORMIN HYDROCHLORIDE,آوانومت,قرص,25 mg/5 mg/1000 mg,پیوسته رهش خوراکی
MOMETASONE FUROATE,مومه کورت,لوسیون,0.1 % 30 mL,موضعی 
APIXABAN,زوفوریک,قرص,2.5 mg,خوراکی 
BISACODYL,بیزاکودیل عماد,شیاف,10 mg mg,مقعدی 
IRON (AS SUCROSE),آیروکم,تزریقی,20 mg/1mL 5 mL,داخل وریدی
PANCREATIN,کرئون,کپسول,) 25000 [iU],(پلت های انتریک کوتد خوراکی
LEVETIRACETAM,کپلیو,قرص,500 mg,خوراکی 
THALIDOMIDE,مایرین,قرص,100 mg,خوراکی 
PENTOXIFYLLINE,پنتوکسی فیلا,قرص,400 mg,پیوسته رهش خوراکی
CEFTIZOXIME,سفتی زوکسیم-اکسیر,پودر,500 mg mg,برای تهیه محلول تزریقی پرنترال
ACETAMINOPHEN / CAFFEINE / CODEINE PHOSPHATE,گریپوکس تب و درد,قرص,300 mg/15 mg/15 mg,خوراکی 
CLOTRIMAZOLE,کلوتریمازول مدیفارم,کرم,1 % 50 g,واژینال 
EZETIMIBE / ROSUVASTATIN (AS CALCIUM),ازستاتین,قرص,10 mg/40 mg,خوراکی 
LEVODOPA / BENSERAZIDE,بنپارکین,قرص,100 mg/25 mg,خوراکی 
ROSUVASTATIN (AS CALCIUM),روپیکسون,قرص,10 mg,خوراکی 
CEFTAZIDIME / AVIBACTAM (AS SODIUM),زاویسفتا,پودر,2 g/0.5 g g,برای تهیه فرآورده تزریقی پرنترال
DEXPANTHENOL,درموپان,کرم,5 % 30 g,موضعی 
VANCOMYCIN (AS HYDROCHLORIDE),ونکومایسین,پودر,500 mg mg,برای تهیه محلول تزریقی پرنترال
PILOCARPINE HYDROCHLORIDE,ژوودی,"محلول،",1.25 % 5 mL,قطره چشمی
CROMOLYN SODIUM,کرومولین سدیم,محلول,20 mg/1mL 5 mL,چشمی 
POVIDONE IODINE,پوویدون آیداین-ناژو,محلول,10 % 1000 L,موضعی 
INDAPAMIDE,ناتریلیکس,قرص,1.5 mg,پیوسته رهش خوراکی
DICLOFENAC SODIUM,دیکلورامین,قرص,25 mg,انتریک کوتد خوراکی
PROGESTERONE,فرتیژست,شیاف,400 mg,واژینال 
INSULIN ASPART,انسولین آسپارت,سوسپانسیون,100 [iU]/1mL 3 mL,تزریقی پرنترال
REMDESIVIR,رمدسیویر,محلول,5 mg/1mL 20 mg,تزریقی پرنترال
CEFALEXIN,سفالکسین,کپسول,250 mg,خوراکی 
LANSOPRAZOLE,لنسوکیم,کپسول,30 mg,انتریک کوتد خوراکی
LORATADINE,لوراتادین آریا,قرص,10 mg,خوراکی 
TADALAFIL,تادالافیل,قرص,5 mg,خوراکی 
PRAMIPEXOLE (AS DIHYDROCHLORIDE),پارکیسول,قرص,0.18 mg,خوراکی 
DESLORATADINE,دسدینا,شربت,2.5 mg/5 mL 120 mL,خوراکی 
CLINDAMYCIN (AS PHOSPHATE),کلیندومکس,تزریقی,150 mg/1mL 2 mL,پرنترال 
PREGABALIN,پرلینکا,کپسول,75 mg,خوراکی 
ALBUMIN (HUMAN),آلبوژین,محلول,20 % 50 mL,تزریقی پرنترال
MIRTAZAPINE,زامرون,قرص,7.5 mg,خوراکی 
MODAFINIL,نارکوفینیل,قرص,100 mg,خوراکی 
TIRZEPATIDE,تیرزپاتاید,محلول,2.5 mg/0.5mL mg,تزریقی زیر جلدی
NITROGLYCERIN,نیتروکسیر,قرص,6.4 mg,پیوسته رهش خوراکی
IPRATROPIUM BROMIDE / SALBUTAMOL (AS SULFATE),ایپراتروپیوم بروماید / سالبوتامول,آئروسل,20 ug/100 ug 200 {dose},با دوز اندازه گیری شده استنشاقی
SIPONIMOD,سیپومید,قرص,0.25 mg,خوراکی 
TOFACITINIB (AS CITRATE),توفازا,قرص,5 mg,خوراکی 
SORAFENIB (AS TOSYLATE),رافنکس,قرص,200 mg,خوراکی 
HYDROCORTISONE,کورتنما,انما,100 mg/60mL mg,مقعدی 
CLOBAZAM,اپی بازام,سوسپانسیون,2.5 mg/1mL 120 mL,خوراکی 
MULTIVITAMIN THERAPEUTIC,مولتی ویتامین تراپوتیک,کپسول,25000 [iU]/20 mg/5 mg/50 mg/10 mg/5 ug/150 mg/0.25 mg/1000 [iU]/10 mg/1 mg/11.6 mg/100 mg/5 mg/0.5 mg/0.1 mg/10 mg/0.5 mg/72.27 mg/1 mg,خوراکی 
CEFALEXIN,سفلکس,کپسول,500 mg,خوراکی 
LENVATINIB (AS MESILATE),لنواتا,کپسول,4 mg,خوراکی 
METFORMIN HYDROCHLORIDE,متلین,قرص,500 mg,پیوسته رهش خوراکی
MUPIROCIN,موپیروسین-گیلارانکو,پماد,2 % 15 g,موضعی 
INDOMETHACIN,ایندومتاسین,شیاف,50 mg,مقعدی 
OXYMETAZOLINE HYDROCHLORIDE,اکسی نوز,اسپری,0.05 % 15 mL,از راه بینی
PREGABALIN,پرگابین,کپسول,150 mg,خوراکی 
ROSUVASTATIN (AS CALCIUM),آریستاتین,قرص,5 mg,خوراکی 
ATROPINE SULFATE,آترومکس,تزریقی,0.5 mg/1mL mg,پرنترال 
MELOXICAM,روماتوبیک,قرص,15 mg,خوراکی 
VALPROATE SODIUM,والپروات سدیم,قرص,200 mg,انتریک کوتد خوراکی
LANSOPRAZOLE,لانزو عبیدی,کپسول,30 mg,انتریک کوتد خوراکی
ACETAMINOPHEN / CAFFEINE / IBUPROFEN,ایکافن,کپسول,325 mg/40 mg/200 mg,خوراکی 
BOTULINUM A TOXIN,مصپورت,پودر,500 [iU] [iU],لئوفیلیزه برای تهیه محلول تزریقی پرنترال
OSIMERTINIB (AS MESYLATE),تاباران,قرص,80 mg,خوراکی 
BUDESONIDE / FORMOTEROL FUMARATE,استریلا,کپسول,160 ug/4.5 ug,استنشاقی 
SALMETEROL (AS XINAFOATE) / FLUTICASONE PROPIONATE,ایرپاف,آئروسل,25 ug/125 ug/1{dose} 120 {dose},با دوز اندازه گیری شده استنشاقی
PHENOBARBITAL,فنوباربیتال,قرص,15 mg,خوراکی 
TERBINAFINE HYDROCHLORIDE,تربیزان,کرم,1 % 15 g,موضعی 
TACROLIMUS,ساپروتاک,کپسول,0.5 mg,خوراکی 
EMPAGLIFLOZIN / LINAGLIPTIN / METFORMIN HYDROCHLORIDE,گلوتریو,قرص,10 mg/5 mg/1000 mg,پیوسته رهش خوراکی
ROSUVASTATIN (AS CALCIUM),آریستاتین,قرص,40 mg,خوراکی 
BUDESONIDE / FORMOTEROL FUMARATE,روهیلر روکورت (با دستگاه),کپسول,160 ug/4.5 ug,استنشاقی 
ACETYLCYSTEINE / ASCORBIC ACID,استیل سیستئین/ویتامین سی,پودر,600 mg/75 mg g,خوراکی 
VINORELBINE (AS TARTRATE),سانارلبین,کپسول,20 mg,حاوی مایع خوراکی
DOXYCYCLINE (AS MONOHYDRATE),داکسی سیکلین,کپسول,100 mg,خوراکی 
PANTOPRAZOLE (AS SODIUM SESQUIHYDRATE),بهپنتو,قرص,40 mg,انتریک کوتد خوراکی
ETHOSUXIMIDE,زارونتین,شربت,250 mg/5mL 200 mL,خوراکی 
LEVODOPA / CARBIDOPA FORTE,لسیپک,قرص,250 mg/25 mg,خوراکی 
DEXAMETHASONE (AS DISODIUM PHOSPHATE),دگزیدون,تزریقی,4 mg/1mL 2 mg,پرنترال 
FLUPHENAZINE DECANOATE,فلوفنازین,تزریقی,25 mg/1mL mL,پرنترال 
AMLODIPINE (AS BESILATE) / VALSARTAN,والماپین,قرص,10 mg/160 mg,خوراکی 
ADULT COLD PREPARATIONS (4-12),اکتوکلد شب,پودر,650 mg/10 mg/25 mg g,برای تهیه محلول خوراکی
FOSFOMYCIN (AS TROMETAMOL),فو سفینکس,گرانول,3 g g,برای تهیه محلول خوراکی
FEXOFENADINE HYDROCHLORIDE,فکسوتد,قرص,60 mg,خوراکی 
CALCIUM FOLINATE,فولینومیس,قرص,15 mg,خوراکی 
ALPRAZOLAM,آلپروکیم,قرص,0.5 mg,خوراکی 
ESOMEPRAZOLE (AS MAGNESIUM),ازومان,گرانول,10 mg g,انتریک کوتد خوراکی
DAPAGLIFLOZIN (AS PROPANEDIOL),داپاگلیفلوزین,قرص,5 mg,خوراکی 
SIMETHICONE (DIMETHICONE ACTIVATED),دایمتیکون,"سوسپانسیون،",40 mg/1mL 30 mL,قطره خوراکی
ARTIFICIAL TEARS (HYALURONATE SODIUM),سینالون ادونسد,,0.2 % mL,"محلول، قطره چشمی"
PETHIDINE HYDROCHLORIDE,رلیدین,تزریقی,50 mg/1mL 2 mg,پرنترال 
PIOGLITAZONE,پی توز,,30 mg,قرص خوراکی
ACETAMINOPHEN / CAFFEINE / IBUPROFEN,مهبافن,قرص,325 mg/40 mg/200 mg,خوراکی 
DESIPRAMINE HYDROCHLORIDE,دزیپرامین,قرص,25 mg,خوراکی 
CAPTOPRIL,کاپتوپریل,قرص,25 mg,خوراکی 
PEDIATRIC GRIPPE,پدیزان,شربت,0.67 mg/10 mg/5mL 60 mL,خوراکی 
ACETAMINOPHEN / CAFFEINE / CODEINE PHOSPHATE,کوداک فن,قرص,300 mg/15 mg/15 mg,خوراکی 
PIOGLITAZONE,دیادر,قرص,30 mg,خوراکی 
CABERGOLINE,کابرنا,قرص,0.5 mg,خوراکی 
CICLOSPORIN,ساندیمون,محلول,50 mg/1mL 5 mg,تزریقی داخل وریدی
EPHEDRINE HYDROCHLORIDE,افدرین هیدروکلراید بیوتیکا,تزریقی,50 mg/1mL 1 mg,پرنترال 
BENDAMUSTINE HYDROCHLORIDE,بنترا,پودر,100 mg mg,برای تهیه محلول تزریقی پرنترال
THIORIDAZINE HYDROCHLORIDE,تیوریدازین,قرص,25 mg,خوراکی 
ALGLUCOSIDASE ALFA,مایوزایم,پودر,50 mg mg,برای تهیه محلول تزریقی پرنترال
PIRFENIDONE,پیرفنیدون -آرنگ,قرص,200 mg,خوراکی 
ACETAMINOPHEN / DIPHENHYDRAMINE / PHENYLEPHRINE,آدیزان کیدز,شربت,160 mg/12.5 mg/2.5 mg/5mL 120 mL,خوراکی 
CLOTRIMAZOLE,کلوتریمازول-ناژو,کرم,1 % 15 g,موضعی 
SALMETEROL (AS XINAFOATE) / FLUTICASONE PROPIONATE,روفلو دی پی ای رویان,کپسول,50 ug/500 ug/1{dose},استنشاقی 
DOXORUBICIN HYDROCHLORIDE,آدریاسدال,محلول,2 mg/1mL 5 mg,غلیظ تزریقی پرنترال
MEROPENEM,مروپنم,پودر,1 g g,برای تهیه محلول تزریقی پرنترال
VITAMIN A,ویتامین آ-تداژل,کپسول,25000 [iU],حاوی مایع خوراکی
FLUPENTHIXOL DECANOATE,سوئینتکسول,تزریقی,20 mg/1mL 1 mg,پرنترال 
EPLERENONE,اپلرنون,قرص,25 mg,خوراکی 
METRONIDAZOLE,مترونیدازول,ژل,0.75 % 70 g,واژینال 
DONEPEZIL HYDROCHLORIDE / MEMANTINE HYDROCHLORIDE,مانازیل,کپسول,10 mg/7 mg,پیوسته رهش خوراکی
ROPIVACAINE HYDROCHLORIDE,روپیواکائین,,5 mg/1 mL 10 mg,محلول تزریقی پرنترال
BIPERIDEN LACTATE,آکینیدیک,تزریقی,5 mg/1mL mL,پرنترال 
CARBOPLATIN,کربوکسا,محلول,10 mg/1mL 15 mL,غلیظ تزریقی داخل وریدی
CETRORELIX,ستروناکس,پودر,250 ug ug,برای تهیه محلول تزریقی پرنترال
OXALIPLATIN,اکسالان,محلول,5 mg/1mL 20 mL,غلیظ تزریقی پرنترال
COAGULATION FACTOR VIII (RECOMBINANT),سافاکتو آ اف,پودر,1000 [iU] [iU],لئوفیلیزه برای تهیه محلول تزریقی پرنترال
SITAGLIPTIN (AS PHOSPHATE),زیپتین,قرص,100 mg,خوراکی 
CYCLOPHOSPHAMIDE,سیکلوسدال,محلول,200 mg/1mL 2.5 mg,تزریقی پرنترال
CHLORTHALIDONE,کلرتالیدون,قرص,50 mg,خوراکی 
AZITHROMYCIN,آزیترومایسین داروپخش,قرص,250 mg,خوراکی 
AZITHROMYCIN,آزیتروسپت,قرص,500 mg,خوراکی 
ADULT COLD PREPARATION (6),تراپ کلد اچ بی پی,قرص,500 mg/2 mg/15 mg,خوراکی 
ZONISAMIDE,زونیساماید,کپسول,100 mg,خوراکی 
NITROGLYCERIN,نیتروکاردین,قرص,2.6 mg,پیوسته رهش خوراکی
HEMATINIC,هماتینیک,کپسول,15 ug/350 mg/150 mg/1 mg,خوراکی 
SERTRALINE (AS HYDROCHLORIDE),سرترالین هگزال,قرص,50 mg,خوراکی 
IMIPRAMINE HYDROCHLORIDE,ایمی پرامین,قرص,25 mg,خوراکی 
TIGECYCLINE,تایگسیکلین نورمون,پودر,50 mg mg,لئوفیلیزه برای تهیه محلول تزریقی پرنترال
DULOXETINE,لوکستا,کپسول,60 mg,انتریک کوتد خوراکی
ONDANSETRON,ادیترون,قرص,4 mg,بازشونده در دهان خوراکی
OXALIPLATIN,زوپلات,محلول,5 mg/1mL 10 mL,غلیظ تزریقی پرنترال
DONEPEZIL HYDROCHLORIDE,دنپزیل-تدافارم,قرص,10 mg,خوراکی 
VANCOMYCIN (AS HYDROCHLORIDE),ونکومایسین-اکسیر,پودر,500 mg mg,برای تهیه محلول تزریقی پرنترال
PIRFENIDONE,آرفنید,قرص,200 mg,خوراکی 
DAPAGLIFLOZIN (AS PROPANEDIOL),گلوورت,قرص,5 mg,خوراکی 
BISOPROLOL FUMARATE,بیزوپرولول,قرص,5 mg,خوراکی 
PANTOPRAZOLE (AS SODIUM SESQUIHYDRATE),پنتوپرازول,کپسول,40 mg,انتریک کوتد خوراکی
CLINDAMYCIN (AS PHOSPHATE) / CLOTRIMAZOLE,کلیندامایسین/کلوتریمازول-عماد,کرم,2 %/2 % 40 g,واژینال 
VALSARTAN,وابر,قرص,80 mg,خوراکی 
IBUPROFEN,مینوژل,کپسول,400 mg,حاوی مایع خوراکی
POVIDONE IODINE,پوویدون آیداین-ناژو,محلول,10 % 250 mL,موضعی 
DOMPERIDONE,موتیلوور,قرص,10 mg,خوراکی 
OFLOXACIN,افلوکیم,قرص,300 mg,خوراکی 
BUDESONIDE,انتوکورت سی آی آر,کپسول,3 mg,پیوسته رهش خوراکی
DEFEROXAMINE MESYLATE,دسفرال,پودر,500 mg mg,برای تهیه محلول تزریقی پرنترال
DIMETHYL FUMARATE,زادیوا,کپسول,240 mg,انتریک کوتد خوراکی
MESNA,واریو-میتکسان,تزریقی,100 mg/1mL 4 mg,پرنترال 
ATRACURIUM BESYLATE,آنکور,تزریقی,10 mg/1mL 5 mL,پرنترال 
PHENYLEPHRINE HYDROCHLORIDE,فنیل افرین,اسپری,0.25 % 20 mL,از راه بینی
LEVETIRACETAM,لوتیراستام,قرص,500 mg,خوراکی 
PEMBROLIZUMAB,زاک آریا,محلول,25 mg/1mL 4 mg,تزریقی پرنترال
ORLISTAT,ونوستات +مولتی ویتامین,کپسول,120 mg,خوراکی 
EXPECTORANT CODEINE,اکسپکتورانت کدئین-خوارزمی,شربت,100 mg/30 mg/10 mg/5 mL 60 mm,خوراکی 
DEXTROMETHORPHAN HYDROBROMIDE,دکسترومتورفان نیکسادا,شربت,15 mg/5mL 60 mL,خوراکی 
LOSARTAN POTASSIUM,لوزافارم,قرص,25 mg,خوراکی 
VASELIN OFFECINAL,وازلین,پماد,100 g,موضعی 
CEFTAZIDIME / AVIBACTAM (AS SODIUM),سفتازیدیم/ آویباکتام,پودر,2 g/0.5 g g,برای تهیه فرآورده تزریقی پرنترال
ZINC OXIDE,ایپوزینک,پماد,25 % 30 g,موضعی 
ADULT COLD PREPARATIONS (4-3),سرماخوردگی بزرگسالان-جالینوس,قرص,325 mg/5 mg/2 mg,خوراکی 
CITALOPRAM,سیتالوپرام,قرص,40 mg,خوراکی 
CYCLOPHOSPHAMIDE,سیکلوسدال,پودر,200 mg mg,برای تهیه محلول تزریقی پرنترال
NILOTINIB,نیتاگزا,کپسول,150 mg,خوراکی 
LIDOCAINE,لیدوکائین,اسپری,10 mg/1{dose} 50 mm,موضعی 
ARIPIPRAZOLE,آریپیپرازول,قرص,5 mg,خوراکی 
LEVETIRACETAM,لوینتکس,محلول,100 mg/1 mL 120 mL,خوراکی 
METHYLPHENIDATE HYDROCHLORIDE,متیل فنیدیت ساندوز,قرص,54 mg,پیوسته رهش خوراکی
URSODEOXYCHOLIC ACID,کولیکاوا,کپسول,300 mg,خوراکی 
CYCLOPHOSPHAMIDE,سیکلوسدال,محلول,200 mg/1mL 5 g,تزریقی پرنترال
TRETINOIN,ترتینوئین,,0.025 % 15 g,ژل موضعی
AZITHROMYCIN,آزيترومايسين,قرص,500 mg,خوراکی 
TESTOSTERONE ENANTHATE,تستوسترون انانتات,تزریقی,250 mg/1mL 1 mL,پرنترال 
ACETAMINOPHEN,ولوتیل,محلول,120 mg/5mL 60 mL,خوراکی 
CEFIXIME,آفاکسیم,قرص,400 mg,خوراکی 
LIDOCAINE / HYDROCORTISONE ACETATE,لیدوکائین/هیدروکورتیزون استات,پماد,5 %/0.5 % 15 g,مقعدی 
RIFAXIMIN,فاکسی رین,قرص,550 mg,خوراکی 
PIRFENIDONE,پیرفنیدون,قرص,200 mg,خوراکی 
FERRIC CARBOXYMALTOSE,فرینجکت,تزریقی,50 mg/1mL 10 mg,پرنترال 
TADALAFIL,تادارکس,قرص,20 mg,خوراکی 
EMPAGLIFLOZIN / METFORMIN HYDROCHLORIDE,کوگلایزین,قرص,5 mg/500 mg,خوراکی 
ATOMOXETINE HYDROCHLORIDE,آتوبایوکس,کپسول,10 mg,خوراکی 
MESALAZINE,مزینوکس-آی اچ,قرص,1200 mg,پیوسته رهش خوراکی
ACETYLCYSTEINE,لانگ تیل,قرص,600 mg,جوشان خوراکی
RISPERIDONE,ریسپریدون,قرص,2 mg,خوراکی 
CLOTRIMAZOLE,آفی تریمازول,محلول,1 % 20 mL,موضعی 
CO-AMOXICLAV,آفاکلاو,پودر,250 mg/62.5 mg/5mL 100 mg,برای تهیه سوسپانسیون خوراکی
SODIUM CHLORIDE,کاپلیف,محلول,0.9 % 500 mL,تزریقی پرنترال
TRIAMCINOLONE ACETONIDE,متکورت,تزریقی,40 mg/1mL 1 mg,پرنترال 
BUPROPION HYDROCHLORIDE,ولبان,قرص,75 mg,خوراکی 
SELENIUM SULFIDE,سلکو,شامپو,2.5 % 140 mL,موضعی 
HYDROCORTISONE ACETATE,کورتیسوب,پماد,1 % 15 g,موضعی 
SUMATRIPTAN (AS SUCCINATE) / NAPROXEN,میگسونا,قرص,85 mg/500 mg,خوراکی 
ACETAMINOPHEN,استامینوفن,سوسپانسیون,120 mg/5mL 120 mL,خوراکی 
BUPRENORPHINE (AS HYDROCHLORIDE),بوپرنورفین,قرص,2 mg,زیرزبانی 
BECLOMETHASONE DIPROPIONATE,بکلکس,اینهالر,50 ug/1{dose} 200 {Puff},استنشاقی 
ROCURONIUM BROMIDE,روکورونیوم,محلول,10 mg/1mL 5 mL,تزریقی پرنترال
DOCETAXEL,انکوتاکسل,محلول,20 mg/1mL 1 mL,تزریقی داخل وریدی
DOXYCYCLINE (AS MONOHYDRATE),داکسی کیم,کپسول,100 mg,خوراکی 
PREGABALIN,گاباپرل,کپسول,75 mg,خوراکی 
CHLORMADINONE / ETHINYLESTRADIOL,بلارا,قرص,2 mg/0.03 mg,خوراکی 
ATORVASTATIN (AS CALCIUM),آتورواستاتین-ندا,قرص,20 mg [iU],خوراکی 
CLOTRIMAZOLE,کلوتریمازول-بهوزان,کرم,1 % 15 g,موضعی 
PEDIATRIC GRIPPE,پدیزان,شربت,0.67 mg/10 mg/5mL 120 mL,خوراکی 
ACETAMINOPHEN / CAFFEINE / IBUPROFEN,دلتافن,کپسول,325 mg/40 mg/200 mg,خوراکی 
NOREPINEPHRINE (AS BITARTRATE),نورادرنالین باسی,محلول,0.5 mg/1mL 10 mL,غلیظ تزریقی پرنترال
LOPERAMIDE HYDROCHLORIDE,آمیلوپرا,قرص,2 mg,خوراکی 
SOLIFENACIN SUCCINATE,وسیفن,قرص,10 mg,خوراکی 
MICONAZOLE NITRATE,میکونازان,کرم,2 % 45 g,واژینال 
POVIDONE IODINE,پوویدون آیداین,شامپو,7.5 % 140 mL,موضعی 
FINASTERIDE,فینوپروست,قرص,5 mg,خوراکی 
POLYMYXIN B / NEOMYCIN SULFATE / HYDROCORTISONE,میکساکورت,"سوسپانسیون،",10000 [iU]/5 mg/10 mg/1mL 5 mL,قطره گوشی
BETAMETHASONE (AS VALERATE),بتاکورتال,کرم,0.1 % 15 g,موضعی 
SILVER SULFADIAZINE,سیلبرن,کرم,1 % 50 g,موضعی 
LORATADINE,لورادین,شربت,5 mg/5 mL 60 mL,خوراکی 
ACETYLCYSTEINE,زیموسیل,گرانول,200 mg mg,خوراکی 
KETOROLAC TROMETAMOL,کتورکس,محلول,30 mg/1mL 1 mL,تزریقی پرنترال
PEMETREXED (AS DISODIUM),آلمترا,پودر,100 mg mg,لئوفیلیزه برای تهیه محلول تزریقی پرنترال
AZATHIOPRINE,آیزاتیپ,قرص,50 mg,خوراکی 
GABAPENTIN,گاباپنتین-جالینوس,کپسول,100 mg,خوراکی 
CHORIONIC GONADOTROPHIN (HUMAN),کارما-اچ سی جی,پودر,5000 [iU] [iU],برای تهیه محلول تزریقی پرنترال
ACARBOSE,آکارماکس,قرص,50 mg,خوراکی 
PERTUZUMAB,پرجتا,محلول,30 mg/1mL 14 mg,غلیظ تزریقی پرنترال
PACLITAXEL,پاکلکس,تزریقی,6 mg/1mL 25 mg,پرنترال 
TACROLIMUS,پروگرف,کپسول,0.5 mg,خوراکی 
PRAZOSIN,پرازوسین,قرص,5 mg,خوراکی 
METFORMIN HYDROCHLORIDE,آنیفورمین,قرص,750 mg,پیوسته رهش خوراکی
LACOSAMIDE,یونیماید,قرص,150 mg,خوراکی 
HYOSCINE-N-BUTYL BROMIDE,هیوبست,قرص,10 mg,خوراکی 
NAPHAZOLINE HYDROCHLORIDE,ناپریزول,"محلول،",0.05 % 10 mL,قطره از راه بینی
PRALIDOXIME IODIDE,آلدوپام,محلول,25 mg/1 mL 20 mg,تزریقی پرنترال
CLINDAMYCIN (AS PHOSPHATE),کلیناواگ,کرم,2 % 40 g,واژینال 
ACETAMINOPHEN / CAFFEINE / IBUPROFEN,پلاس فن,کپسول,325 mg/40 mg/200 mg,خوراکی 
PIROXICAM,لوپیروکس,تزریقی,20 mg/1mL mg,پرنترال 
ESOMEPRAZOLE,اس امپرازول,پودر,40 mg mg,برای تهیه فرآورده تزریقی پرنترال
RANOLAZINE,هایلوز,قرص,500 mg,پیوسته رهش خوراکی
MEROPENEM,مروکسان,پودر,1 g,برای تهیه محلول تزریقی پرنترال
SUCCINYLCHOLINE CHLORIDE,سوکسیل,تزریقی,20 mg/1mL 5 mL,پرنترال 
RISPERIDONE,ریسپادون,قرص,2 mg,خوراکی 
OXYMETHOLONE,اکسی متولون-الحاوی,قرص,50 mg,خوراکی 
ACETAMINOPHEN / GUAIFENESIN / PHENYLEPHRINE,دی بی- کلد,شربت,125 mg/50 mg/2.5 mg/5mL 120 mL,خوراکی 
LOMUSTINE,بلوستین,کپسول,40 mg,خوراکی 
ENOXAPARIN SODIUM,کلگزاپارین,تزریقی,100 mg/1mL 0.6 mL,پرنترال 
CICLOSPORIN,ریجستاپ,کپسول,50 mg,حاوی مایع خوراکی
PROPRANOLOL HYDROCHLORIDE,پرانول,قرص,20 mg,خوراکی 
METFORMIN HYDROCHLORIDE,اسوه-متفورمین,قرص,500 mg,خوراکی 
TRASTUZUMAB,هرسپتین,پودر,150 mg mg,لئوفیلیزه برای تهیه محلول تزریقی پرنترال
SITAGLIPTIN (AS PHOSPHATE),زیپتین,قرص,50 mg,خوراکی 
HUMAN PAPILLOMAVIRUS VACCINE (BIVALENT),پاپیلوگارد,تزریقی,0.5 mL mL,پرنترال 
VITAMIN C,ویتامین سی-اکسیر® 100م گ آمپول,تزریقی,100 mg/1mL 5,پرنترال 
NOREPINEPHRINE (AS BITARTRATE),نورآدرنالین باسی,محلول,0.5 mg/1mL 4 mL,غلیظ تزریقی پرنترال
FUROSEMIDE,فوروزماید,قرص,40 mg,خوراکی 
SALMETEROL (AS XINAFOATE) / FLUTICASONE PROPIONATE,سالمفلو,آئروسل,25 ug/125 ug/1{dose} 120 {dose},با دوز اندازه گیری شده استنشاقی
METFORMIN HYDROCHLORIDE,زوگر,قرص,750 mg,پیوسته رهش خوراکی
FLECAINIDE ACETATE,فلریتم,قرص,100 mg,خوراکی 
SERTRALINE (AS HYDROCHLORIDE),اینوسترال,قرص,50 mg,خوراکی 
IMMUNE GLOBULIN,رپلینکس,تزریقی,50 mg/1mL 50 mL,داخل وریدی
NAPROXEN,ناپروکسن-سبحان,قرص,500 mg,انتریک کوتد خوراکی
FLECAINIDE ACETATE,ریتکارد,قرص,100 mg,خوراکی 
ZINC OXIDE,زینک اکساید مینو,پماد,25 % 30 g,موضعی 
SITAGLIPTIN (AS PHOSPHATE),سیتاگلیپتین,قرص,100 mg,خوراکی 
SORAFENIB (AS TOSYLATE),نکساوار,قرص,200 mg,خوراکی 
THALIDOMIDE,تالیدوراید اچ پی ام,کپسول,100 mg,خوراکی 
AMIKACIN (AS SULFATE),آمیکاسین-اکسیر,تزریقی,50 mg/1mL 2 mg,پرنترال 
ROPIVACAINE HYDROCHLORIDE,روپیواکائین,محلول,5 mg/1 mL 10 mL,تزریقی پرنترال
SITAGLIPTIN (AS PHOSPHATE),دیاپتین,قرص,100 mg,خوراکی 
CO-AMOXICLAV,آفا کلاو,قرص,500 mg/125 mg,خوراکی 
PHENYLEPHRINE HYDROCHLORIDE,افونیکس,اسپری,0.5 % 15 mL,از راه بینی
DICLOFENAC SODIUM,دیکلوتان,قرص,50 mg,انتریک کوتد خوراکی
PANCREATIN,پانکراتین,قرص,8000 [iU],انتریک کوتد خوراکی
BISACODYL,زاکودیل,قرص,5 mg,انتریک کوتد خوراکی
CEFAZOLIN,سفزولیکس,پودر,1 g g,برای تهیه محلول تزریقی پرنترال
IBRUTINIB,ایبرونب,قرص,140 mg,خوراکی 
CEFTRIAXONE (AS SODIUM),آفاکسون,پودر,500 mg mg,برای تهیه محلول تزریقی پرنترال
DOBUTAMINE (AS HYDROCHLORIDE),دوبوتامین,محلول,12.5 mg/1mL 20 mL,تزریقی داخل وریدی
BRIVARACETAM,بریواستا,قرص,50 mg,خوراکی 
METHYL SALICYLATE,متدیک,پماد,30 % 30 g,موضعی 
NITROGLYCERIN,نیتروکاردین,تزریقی,1 mg/1mL 5 mL,پرنترال 
CLOTRIMAZOLE / BETAMETHASONE (AS DIPROPIONATE),آفی کلوزون,لوسیون,1 %/0.05 % 30 mL,موضعی 
DACLATASVIR / SOFOSBUVIR,سووداک,قرص,60 mg/400 mg,خوراکی 
ALBUMIN (HUMAN),آلبوسل,محلول,20 % 100 mL,تزریقی پرنترال
DICLOFENAC SODIUM,ولتادک,قرص,100 mg,پیوسته رهش خوراکی
DASATINIB,داسامد,قرص,100 mg,خوراکی 
CLOBETASOL PROPIONATE,کلوبتازول-بهوزان,کرم,0.05 % 15 g,موضعی 
ACETAMINOPHEN / CAFFEINE,استامینوفن/کافئین,قرص,500 mg/65 mg,خوراکی 
GABAPENTIN,گاباتین,کپسول,100 mg,خوراکی 
LENALIDOMIDE,مایلودک,کپسول,15 mg,خوراکی 
TAMSULOSIN HYDROCHLORIDE,امنیسین,کپسول,0.4 mg,پیوسته رهش خوراکی
CARBOPLATIN,کربوکسا,محلول,10 mg/1mL 5 mL,غلیظ تزریقی داخل وریدی
FUROSEMIDE,فوروزماید,محلول,40 mg/5mL 60 mL,خوراکی 
CICLOSPORIN,سیکلوفیل می,کپسول,50 mg,حاوی مایع خوراکی
ALENDRONATE (AS SODIUM),آلدنس,قرص,70 mg,جوشان خوراکی
CHLORPROMAZINE HYDROCHLORIDE,نورمازین,تزریقی,25 mg/1mL 2 mL,عضلانی 
CEFTRIAXONE (AS SODIUM),سفتریانا,پودر,1 g g,برای تهیه محلول تزریقی پرنترال
PACLITAXEL,لیپکسول,تزریقی,6 mg/1mL 50 mg,پرنترال 
AMOXICILLIN,فاراموکس بی دی,پودر,400 mg/5 mL 70 mL,برای تهیه سوسپانسیون خوراکی
INSULIN DETEMIR,لومیرفلکس پن,محلول,100 [iU]/1mL 3 mL,تزریقی پرنترال
AZITHROMYCIN,زیتروبان,کپسول,500 mg,خوراکی 
MEGLUMINE COMPOUND,دی پی گرافین,تزریقی,66 %/10 % 20 mL,پرنترال 
GEMCITABINE (AS HYDROCHLORIDE),جم سیبان,پودر,200 mg mg,لئوفیلیزه برای تهیه محلول تزریقی پرنترال
SIMETHICONE (DIMETHICONE ACTIVATED),دی-گس,کپسول,125 mg,حاوی مایع خوراکی
METFORMIN HYDROCHLORIDE,رهامت,محلول,500 mg/5mL 250 mL,خوراکی 
ISOFLURANE,ایزیفران,اینهالر,100 % 100 mL,استنشاقی 
ALUMINIUM HYDROXIDE / MAGNESIUM HYDROXIDE / SIMETHICONE,آدیژل-اس,قرص,200 mg/200 mg/25 mg,جویدنی خوراکی
VALGANCICLOVIR (AS HYDROCHLORIDE),سایتوبایوویر,قرص,450 mg,خوراکی 
MIRTAZAPINE,رپیزاپین,قرص,15 mg,خوراکی 
TEMOZOLOMIDE,تمزوسدال,پودر,100 mg mg,لئوفیلیزه برای تهیه محلول تزریقی داخل وریدی
METRONIDAZOLE,فلاژیکس,قرص,250 mg,خوراکی 
DEXTROSE / SODIUM CHLORIDE,دکستروز/سدیم کلراید,محلول,3.33 %/0.3 % 500 L,تزریقی داخل وریدی
FINGOLIMOD (AS HYDROCHLORIDE),نورابکس,کپسول,0.5 mg,خوراکی 
FAMOTIDINE,فاموتیدین-ثنامد,قرص,40 mg,خوراکی 
METHIMAZOLE,متی مازول,قرص,5 mg,خوراکی 
ALTEPLASE,اکتیلیز,پودر,50 mg mg,برای تهیه محلول تزریقی پرنترال
CLOBETASOL PROPIONATE,کلوبیتان,پماد,0.05 % 15 g,موضعی 
ELTROMBOPAG (AS OLAMINE),آرولید,قرص,25 mg,خوراکی 
CARBOPLATIN,کارپتین,محلول,10 mg/1mL 45 mL,غلیظ تزریقی داخل وریدی
SACUBITRIL / VALSARTAN,ساکوبیتریل / والزارتان,قرص,24 mg/26 mg,خوراکی 
LISDEXAMFETAMINE MESILATE,ویاس,کپسول,50 mg,خوراکی 
EPHEDRINE HYDROCHLORIDE,افدرین هیدروکلراید,قرص,30 mg,خوراکی 
METOPROLOL SUCCINATE,آنژیپول,قرص,95 mg,پیوسته رهش خوراکی
CLINDAMYCIN (AS PHOSPHATE),دالازان,محلول,10 mg/1mL 60 mL,موضعی 
SUMATRIPTAN (AS SUCCINATE),میگرستاپ,قرص,50 mg,خوراکی 
BISACODYL,بیزاکودیل-ناژو,شیاف,5 mg,مقعدی 
SODIUM CHLORIDE,رینوسالتین,"محلول،",0.65 % 20 mL,قطره از راه بینی
LORATADINE,لوراتادین-سبحان,قرص,10 mg,خوراکی 
AMLODIPINE (AS BESILATE),آملوبر,قرص,5 mg,خوراکی 
PROSTAGLANDIN E1 (ALPROSTADIL),آلپروستادیل آلتان,پودر,20 ug ug,برای تهیه محلول تزریقی پرنترال
ROPIVACAINE HYDROCHLORIDE,روپیواکائین,محلول,2 mg/1 mL 10 mg,تزریقی پرنترال
VALGANCICLOVIR (AS HYDROCHLORIDE),آوی گانسیک,قرص,450 mg,خوراکی 
IOHEXOL,امنی پک,تزریقی,300 mg/1mL 100 mL,پرنترال 
DICYCLOMINE HYDROCHLORIDE,دی سیکلومین هیدروکلراید,قرص,10 mg,خوراکی 
LOPERAMIDE HYDROCHLORIDE,لوپرامید نیکسادا,محلول,1 mg/5mL 60 mL,خوراکی 
CICLOSPORIN,کانیمونه ام ای,کپسول,100 mg,حاوی مایع خوراکی
METHYLPHENIDATE HYDROCHLORIDE,متیل فنیدیت ساندوز,قرص,18 mg,پیوسته رهش خوراکی
MIRTAZAPINE,میرتوزکس,قرص,30 mg,خوراکی 
BIPERIDEN HYDROCHLORIDE,نیموسکار,قرص,2 mg,خوراکی 
CICLOSPORIN,ساندیمون نئورال,کپسول,25 mg,حاوی مایع خوراکی
SODIUM CHLORIDE,سدیم کلراید,محلول,20 % 50 mL,تزریقی داخل وریدی
DICLOFENAC SODIUM,دیکلورن,قرص,100 mg,پیوسته رهش خوراکی
MERCAPTOPURINE,پورینتون,قرص,50 mg,خوراکی 
ANTIHEMORRHOID,هموروزان,پماد,50 mg/2.75 mg/35 mg/180 mg/1g 15 g,مقعدی 
PENTOXIFYLLINE,پنتافیل,قرص,400 mg,پیوسته رهش خوراکی
MUPIROCIN,موپیروسین بهسا,پماد,2 % 15 g,موضعی 
TOPIRAMATE,توپیرامات,قرص,100 mg,خوراکی 
LEVETIRACETAM,لوکین,قرص,750 mg,پیوسته رهش خوراکی
ACETAMINOPHEN / CAFFEINE / IBUPROFEN,کارنوفن کامپاند,کپسول,325 mg/40 mg/200 mg,حاوی مایع خوراکی
ERYTHROMYCIN,اریتروماکس,قرص,400 mg,خوراکی 
METRONIDAZOLE,مترونیدازول,ژل,0.75 % 30 g,موضعی 
ONDANSETRON (AS HYDROCHLORIDE),اندانیل,تزریقی,2 mg/1 mL 2 mL,پرنترال 
CLOTRIMAZOLE,کلومازول,کرم,1 % 50 g,واژینال 
MAGNESIUM SULFATE,منیزیم سولفات,تزریقی,50 % 50 mL,پرنترال 
AZITHROMYCIN,بهزیترو,قرص,250 mg,خوراکی 
PREDNISOLONE,نیزوپرد,قرص,50 mg,خوراکی 
AZITHROMYCIN,زیتروکم,پودر,200 mg/5mL 30 mL,برای تهیه سوسپانسیون خوراکی
NAPHAZOLINE HYDROCHLORIDE,ناپریوین,"محلول،",0.1 % 10 mL,قطره چشمی
PREGABALIN,پرگابایوکس,کپسول,150 mg,خوراکی 
NYSTATIN,نیستات,پودر,100000 [iU]/1mL mL,برای تهیه سوسپانسیون خوراکی
CEFEPIME (AS HYDROCHLORIDE),سپیماکس,پودر,2 g g,برای تهیه محلول تزریقی پرنترال
MESALAZINE,آسافا,قرص,500 mg,انتریک کوتد خوراکی
LOSARTAN POTASSIUM,لوزارتان-شفا,قرص,25 mg,خوراکی 
BISACODYL,بیزاکس,شیاف,10 mg,مقعدی 
BISOPROLOL FUMARATE,بتالکو,قرص,2.5 mg,خوراکی 
EMPAGLIFLOZIN,جاردیپا,قرص,10 mg,خوراکی 
DESLORATADINE,بهنیتیس,قرص,5 mg,خوراکی 
TRIPLE SULFA,سولفاتیپل,کرم,3.42 %/2.86 %/3.7 % 78 g,واژینال 
PANTOPRAZOLE (AS SODIUM),پنتومید,پودر,40 mg mg,لئوفیلیزه برای تهیه محلول تزریقی پرنترال
DEXTROMETHORPHAN / PSEUDOEPHEDRINE,پزوفان,شربت,15 mg/30 mg/5mL 60 mL,خوراکی 
LEVETIRACETAM,لوسیژر,قرص,250 mg,خوراکی 
SALMETEROL (AS XINAFOATE) / FLUTICASONE PROPIONATE,فلوسالمکس,آئروسل,25 ug/250 ug/1{dose} 120 {Puff},با دوز اندازه گیری شده استنشاقی
SIPONIMOD,سیپومید,قرص,2 mg,خوراکی 
REMIFENTANIL (AS HYDROCHLORIDE),رپاکسیر,پودر,1 mg mg,برای تهیه محلول تزریقی پرنترال
POTASSIUM CITRATE,سپی سیترا,قرص,10 meq,پیوسته رهش خوراکی
CLOPIDOGREL (AS BISULFATE),کلوپیسد,قرص,75 mg,خوراکی 
TICAGRELOR,بهتیگ,قرص,90 mg,خوراکی 
MONTELUKAST (AS SODIUM),دیلاکاست,گرانول,4 mg mg,خوراکی 
MILRINONE (AS LACTATE),میلرینون,محلول,1 mg/1mL 10 mg,تزریقی پرنترال
APIXABAN,لیکسیبان,قرص,5 mg,خوراکی 
ACICLOVIR,آسیکلوویر بهسا,,5 % 10 g,کرم موضعی
OSIMERTINIB (AS MESYLATE),اُسیزا,قرص,80 mg,خوراکی 
DESLORATADINE,دلونکس,قرص,5 mg,خوراکی 
PACLITAXEL,لیپکسول,تزریقی,6 mg/1mL 25 mg,پرنترال 
CELECOXIB,سلبرین,کپسول,200 mg,خوراکی 
IBUPROFEN,آری-پروفن,قرص,400 mg,خوراکی 
BUDESONIDE / FORMOTEROL FUMARATE,سیمبیکورت,پودر,160 ug/4.5 ug/1{dose} 120 {dose},با دوز اندازه گیری شده استنشاقی
BENZYDAMINE HYDROCHLORIDE,بنزیلاژین,دهانشویه,0.15 % 240 mL,جهت شستشو
TRIPTORELIN (AS ACETATE),واریوپپتیل,تزریقی,95.6 ug mL,پرنترال 
METHYLPREDNISOLONE ACETATE,دپو-مدرول,سوسپانسیون,40 mg/1mL 1 mg,تزریقی پرنترال
PACLITAXEL,الوپکس,تزریقی,6 mg/1mL 16.7 mg,پرنترال 
DIGESTIVE,اونانزیم,قرص,40 mg/6000 [iU]/10500 [iU]/600 [iU],انتریک کوتد خوراکی
LEVONORGESTREL,اووسیز,قرص,750 ug,خوراکی 
SALMETEROL (AS XINAFOATE) / FLUTICASONE PROPIONATE,سرتاید دیسکوس,دیسک,50 ug/500 ug/1{dose} 60 {dose},استنشاقی 
DICLOFENAC DIETHYLAMMONIUM,دیکلوفناک-سبحان,ژل,1 % 60 g,موضعی 
CARVEDILOL,کارویلول,قرص,6.25 mg,خوراکی 
CEFTIZOXIME,سفتی زوکسیم,پودر,1 g g,برای تهیه محلول تزریقی پرنترال
BISOPROLOL FUMARATE / HYDROCHLOROTHIAZIDE,زیکورد,قرص,5 mg/12.5 mg,خوراکی 
BECLOMETHASONE DIPROPIONATE,بکلورین,اسپری,50 ug/1 {dose} 200 mL,از راه بینی
SALMETEROL (AS XINAFOATE) / FLUTICASONE PROPIONATE,سروفلوسینکروبرث,آئروسل,25 ug/250 ug/1{dose} 120 {dose},با دوز اندازه گیری شده استنشاقی
DEXAMETHASONE (AS DISODIUM PHOSPHATE),دگزاتی سین,تزریقی,4 mg/1mL 2 mL,پرنترال 
OXALIPLATIN,زالیکو,محلول,5 mg/1mL 20 mg,غلیظ تزریقی پرنترال
HYOSCINE-N-BUTYL BROMIDE,هیوسین-ان- بوتیل بروماید,تزریقی,20 mg/1mL mL,پرنترال 
PALBOCICLIB,پالبوکپ,کپسول,100 mg,خوراکی 
PALBOCICLIB,سُبرانس,کپسول,125 mg,خوراکی 
BETAINE,بتائین انهیدروس,پودر,1 g/1g 100 g,برای تهیه محلول خوراکی
IBUPROFEN,تدافن,کپسول,400 mg,حاوی مایع خوراکی
OXYMETHOLONE,اکسی متولون-الحاوی,قرص,50 mg,خوراکی 
OSELTAMIVIR (AS PHOSPHATE),مهبافلو,کپسول,75 mg,خوراکی 
BIMATOPROST,اکسیلیا,"محلول،",0.03 % 3 mL,قطره چشمی
RISDIPLAM,اورلیژن,پودر,0.75 mg/1mL 80 mg,برای تهیه محلول خوراکی
IBUPROFEN,کیماپرین,سوسپانسیون,40 mg/1mL 30 mL,خوراکی 
FLUVOXAMINE MALEATE,وکسیرل,قرص,100 mg,خوراکی 
RIMEGEPANT (AS SULFATE),رپیوا,قرص,75 mg,بازشونده در دهان خوراکی
URSODEOXYCHOLIC ACID,اورسوکولاسید,کپسول,300 mg,خوراکی 
LITHIUM CARBONATE,لیتیم کربنات,قرص,300 mg,خوراکی 
LOSARTAN POTASSIUM / HYDROCHLOROTHIAZIDE,لوزار-اچ,قرص,50 mg/12.5 mg,خوراکی 
LEVODOPA / CARBIDOPA FORTE,لدامت سی فورت,قرص,250 mg/25 mg,خوراکی 
GUAIFENESIN,موکوسین,شربت,100 mg/5mL 60 mL,خوراکی 
BRIVARACETAM,بریواستا,قرص,10 mg,خوراکی 
DAPAGLIFLOZIN (AS PROPANEDIOL),داپاگلوز,قرص,10 mg,خوراکی 
AZITHROMYCIN,زیترویت,قرص,500 mg,خوراکی 
LIDOCAINE HYDROCHLORIDE,لیدوکائین,ژل,2 % 15 g,موضعی 
PENICILLIN G BENZATHIN,پنی سیلین جی بنزاتین,پودر,1200000 [iU] [iU],برای تهیه فرآورده تزریقی پرنترال
DEFERASIROX,نانوجید,قرص,180 mg,خوراکی 
EDARAVONE,اداراوون,محلول,30 mg/100mL mL,تزریقی پرنترال
VENLAFAXINE,فلاکسور,قرص,37.5 mg,خوراکی 
PAPAVERINE HYDROCHLORIDE,پاپاورین واریو,تزریقی,40 mg/1mL 1 mL,پرنترال 
CALCIPOTRIOL / BETAMETHASONE DIPROPIONATE,ناژو-بت,پماد,0.005 %/0.064 % 30 g,موضعی 
ACTIVATED PROTHROMBIN COMPLEX (CONCENTRATED),فیبا,پودر,1000 [iU] [USP'U],لئوفیلیزه برای تهیه محلول تزریقی پرنترال
SILDENAFIL (AS CITRATE),سیویا,قرص,100 mg,خوراکی 
SERTRALINE (AS HYDROCHLORIDE),زولامین,قرص,50 mg,خوراکی 
CARVEDILOL,کارودیلول,قرص,12.5 mg,خوراکی 
CARBAMAZEPINE,کاربارام,قرص,200 mg,خوراکی 
LIDOCAINE,بهدوکائین,اسپری,10 mg/1{dose} 20 mL,موضعی 
VALPROATE SODIUM,والپروات سدیم بهسا,,200 mg/5mL 120 mL,شربت خوراکی
RIVAROXABAN,زابیتا,قرص,15 mg,خوراکی 
EVEROLIMUS,فینوتا,قرص,10 mg,خوراکی 
DEFERASIROX,نانوجید,قرص,360 mg,خوراکی 
SODIUM CHLORIDE,ثاموسالین,محلول,7 % 4 mL,استنشاقی 
LEVODOPA / CARBIDOPA,لسیپک,قرص,100 mg/25 mg,خوراکی 
FIBRINOGEN,فیبریگا,پودر,1 g g,برای تهیه محلول تزریقی پرنترال
TRANEXAMIC ACID,ترانگزامیک اسید,تزریقی,100 mg/1mL 5 mL,پرنترال 
VITAMIN A,آ- ویژل,کپسول,25000 [iU],حاوی مایع خوراکی
EMPAGLIFLOZIN / METFORMIN HYDROCHLORIDE,امت-دو,قرص,5 mg/500 mg,خوراکی 
ISOTRETINOIN,نورم اسکین,کپسول,20 mg,حاوی مایع خوراکی
APIXABAN,لپیکسا,قرص,5 mg,خوراکی 
MIRTAZAPINE,زامرون,قرص,30 mg,خوراکی 
PANCREATIN,ویتپانز,کپسول,) 25000 [iU] [iU],(پلت های انتریک کوتد خوراکی
EVEROLIMUS,رولیما,قرص,0.25 mg,خوراکی 
FEXOFENADINE HYDROCHLORIDE,فکسوتد,قرص,180 mg,خوراکی 
QUETIAPINE (AS FUMARATE),کوئپین ای آر,قرص,200 mg,پیوسته رهش خوراکی
ISOFLURANE,ایزوفلوران,اینهالر,100 % 100 mL,استنشاقی 
VALSARTAN,بلووان,قرص,80 mg,خوراکی 
TIZANIDINE,تیزاتد,قرص,4 mg,خوراکی 
CETIRIZINE HYDROCHLORIDE,ستیریزین نیکسادا,,1 mg/1mL 60 mL,شربت خوراکی
SUNITINIB (AS MALATE),سانیزا,کپسول,12.5 mg,خوراکی 
VINORELBINE (AS TARTRATE),وینوسدال,محلول,10 mg/1mL 1 mL,غلیظ تزریقی پرنترال
KETOTIFEN (AS FUMARATE),زادیکس,شربت,1 mg/5mL 120 mL,خوراکی 
ACETAMINOPHEN,تایلانول,"محلول،",100 mg/1mL 15 mL,قطره خوراکی
MEDROXYPROGESTERONE ACETATE,دپوجسترون,سوسپانسیون,150 mg/1mL 1 mL,تزریقی پرنترال
PIRACETAM,منتافد,مایع,33.33 % 120 mm,خوراکی 
OZANIMOD (AS HYDROCHLORIDE),ولوسیا,کپسول,0.46 mg,خوراکی 
QUETIAPINE (AS FUMARATE),کوئتیاپین - ثنامد,قرص,25 mg,خوراکی 
PEMETREXED (AS DISODIUM),الوپم,پودر,500 mg mg,لئوفیلیزه برای تهیه محلول تزریقی پرنترال
FERRIC CARBOXYMALTOSE,فریرایز,تزریقی,50 mg/1mL 2 mg,پرنترال 
MEBEVERINE HYDROCHLORIDE,مب اکتو,کپسول,200 mg,پیوسته رهش خوراکی
DEXTROSE / SODIUM CHLORIDE,انراکسو دی ان اس,محلول,3.33 %/0.3 % 500 mL,تزریقی داخل وریدی
RILUZOLE,ریلونورم,قرص,50 mg,خوراکی 
LOPERAMIDE HYDROCHLORIDE,لومیدکس,قرص,2 mg,خوراکی 
PIROXICAM,آلپکس,تزریقی,20 mg/1mL mL,پرنترال 
ACETAMINOPHEN / CAFFEINE / IBUPROFEN,بهستافن,کپسول,325 mg/40 mg/200 mg,خوراکی 
OLANZAPINE,الانزاپین,قرص,5 mg,خوراکی 
SUNITINIB (AS MALATE),سورنال,کپسول,50 mg,خوراکی 
ONDANSETRON (AS HYDROCHLORIDE),اونسرون,قرص,4 mg,خوراکی 
LAMOTRIGINE,لاموبیوژین,قرص,100 mg,خوراکی 
DROSPIRENONE / ETHINYLESTRADIOL,دروسبلا,قرص,3 mg/0.02 mg,خوراکی 
COLISTIMETHATE SODIUM,کلیتکس,پودر,1000000 [iU] [iU],برای تهیه محلول تزریقی پرنترال
VINORELBINE (AS TARTRATE),وینوبین,کپسول,30 mg,حاوی مایع خوراکی
DEXTROMETHORPHAN / PSEUDOEPHEDRINE,دکسترومتورفان پی,شربت,15 mg/30 mg/5mL 60 mL,خوراکی 
NALTREXONE HYDROCHLORIDE,نالتروکسون,کپسول,50 mg,خوراکی 
DAPAGLIFLOZIN (AS PROPANEDIOL) / METFORMIN HYDROCHLORIDE,فاکسیبت پلاس,قرص,10 mg/500 mg,پیوسته رهش خوراکی
TRIAMTERENE / HYDROCHLOROTHIAZIDE,تریامترن-اچ,قرص,50 mg/25 mg,خوراکی 
ACETAMINOPHEN,استامینوفن سها,قرص,325 mg,خوراکی 
IBUPROFEN,هاموفن,کپسول,400 mg,حاوی مایع خوراکی
MELOXICAM,ملوکسیکام - حکیم,قرص,15 mg,خوراکی 
PANTOPRAZOLE (AS SODIUM SESQUIHYDRATE),پنتومید,قرص,20 mg,انتریک کوتد خوراکی
AMINO ACID 5% (2),آمینوون 5%,محلول,500 mL,تزریقی داخل وریدی
FINGOLIMOD (AS HYDROCHLORIDE),فینگولید,کپسول,0.5 mg,خوراکی 
CEFTRIAXONE (AS SODIUM),سفتریاکسون,پودر,1 g g,برای تهیه محلول تزریقی پرنترال
LEVOFLOXACIN,ریفکساسین,قرص,500 mg,خوراکی 
METHYLPHENIDATE HYDROCHLORIDE,متیل فنیدات ساندوز,قرص,18 mg,پیوسته رهش خوراکی
CARBAMAZEPINE,تگاتارد,سوسپانسیون,100 mg/5mL 250 mL,خوراکی 
CYPROTERONE COMPOUND,سیپروترون کامپاند,قرص,2 mg/0.035 mg,خوراکی 
GLYCINE,گلایسین,محلول,1.5 % 1000 mL,جهت شستشو
LAMOTRIGINE,لاموژین,قرص,50 mg,خوراکی 
NINTEDANIB ESILATE,نینتیب,کپسول,150 mg,حاوی مایع خوراکی
POLYETHYLENE GLYCOL - ELECTROLYTE 1,لاگزاپگ 1,پودر,13.87 g,برای تهیه محلول خوراکی
CEFEPIME (AS HYDROCHLORIDE),سپیماکس,پودر,500 mg mg,برای تهیه محلول تزریقی پرنترال
CASPOFUNGIN ACETATE,کسپوفونژین نورمون,پودر,70 mg mg,برای تهیه محلول تزریقی پرنترال
DIMETHYL SULFOXIDE,ریمسو,محلول,50 % 50 %,پرنترال 
WATER,آب سترون برای تزریق,تزریقی,5 mL mL,پرنترال 
ACETYLSALICYLIC ACID / CLOPIDOGREL (AS BISULFATE),آسپاویکس,قرص,75 mg/75 mg,خوراکی 
VITAMIN A,ویتامین آ-ناژو,پماد,250 [iU]/1g 5 g,چشمی 
NAPROXEN,مداکسن,قرص,500 mg,انتریک کوتد خوراکی
DOXEPIN,دوپین,کپسول,10 mg,خوراکی 
LEVOFLOXACIN,لووفلوکساسین,محلول,5 mg/1mL 100 mL,تزریقی داخل وریدی
KETOCONAZOLE,کتوکونازول,قرص,200 mg,خوراکی 
CIPROFLOXACIN (AS HYDROCHLORIDE),فلومر,قرص,500 mg,خوراکی 
QUETIAPINE (AS FUMARATE),کوئنتیاکس,قرص,200 mg,خوراکی 
CELECOXIB,زلکاگز,کپسول,200 mg,خوراکی 
FERRIC CARBOXYMALTOSE,آیروجت,تزریقی,50 mg/1mL 10 mL,پرنترال 
ONDANSETRON (AS HYDROCHLORIDE),اندانسترون,محلول,4 mg/5mL 60 mL,خوراکی 
ROSUVASTATIN (AS CALCIUM),رزوواستاتین,قرص,5 mg,خوراکی 
NAPROXEN,ناپروکسن سها,قرص,500 mg,انتریک کوتد خوراکی
METFORMIN HYDROCHLORIDE / LINAGLIPTIN,لینفورتکس,قرص,500 mg/2.5 mg,خوراکی 
DICLOFENAC SODIUM,دیکلوفناک,شیاف,50 mg,مقعدی 
IBUPROFEN / METHOCARBAMOL,متوناپین,قرص,200 mg/500 mg,خوراکی 
SULFADIAZINE,سولفادیازین,قرص,500 mg,خوراکی 
PHENYLEPHRINE HYDROCHLORIDE,فنیل افرین,"محلول،",0.5 % 10 mL,قطره از راه بینی
MAGNESIUM SULFATE,منیزیم سولفات,تزریقی,20 % 50 mL,پرنترال 
MINOCYCLINE (AS HYDROCHLORIDE),ماینوبیوتیک,کپسول,50 mg,خوراکی 
VALPROATE SEMISODIUM,دیواپوکس,قرص,250 mg,انتریک کوتد خوراکی
CARBOPLATIN,کربوپلات,محلول,10 mg/1mL 15 mL,غلیظ تزریقی داخل وریدی
CLOTRIMAZOLE,کلوتریمازول بهسا,کرم,1 % 15 g,موضعی 
HEPATITIS B IMMUNE GLOBULIN,ایمونو اچ بی اس,تزریقی,334 [iU]/1mL 3 [iU],پرنترال 
TIMOLOL (AS MALEATE),تیموبایول,,0.5 % 5 mL,"محلول، قطره چشمی"
BUDESONIDE / FORMOTEROL FUMARATE,سیمبیکورت رپی هیلر,آئروسل,160 ug/4.5 ug/1{dose} 120 {dose},با دوز اندازه گیری شده استنشاقی
LINEZOLID,پولینوکسید,محلول,2 mg/1mL 300 mL,تزریقی پرنترال
BENDAMUSTINE HYDROCHLORIDE,لی کیت,پودر,100 mg mg,برای تهیه محلول تزریقی پرنترال
COAGULATION FACTOR VIII (HUMAN PLASMA DERIVED),اموکلات,پودر,500 [iU] [iU],لئوفیلیزه برای تهیه محلول تزریقی پرنترال
DICLOFENAC SODIUM,کیمی فناک,تزریقی,25 mg/1mL 3 mL,پرنترال 
TOPOTECAN (AS HYDROCHLORIDE),توپوتکان,پودر,4 mg mg,لئوفیلیزه برای تهیه محلول تزریقی پرنترال
LEVETIRACETAM,لویستام,قرص,750 mg,خوراکی 
BENDAMUSTINE HYDROCHLORIDE,بندانیت,پودر,100 mg mg,برای تهیه محلول تزریقی پرنترال
BISACODYL,بیزاکودیل بهسا,شیاف,5 mg,مقعدی 
PHENYTOIN SODIUM,فنی توئین,کرم,1 % 30 g,موضعی 
EXPECTORANT,اکسپکتورانت پاک دارو,شربت,100 mg/2 mg/30 mg/5mL 60 mL,خوراکی 
CLEMASTINE,کلماستین-مینو,تزریقی,1 mg/1mL 2 mL,پرنترال 
CEFTRIAXONE (AS SODIUM),سفتریاکسون,پودر,1 g mg,برای تهیه محلول تزریقی پرنترال
BISOPROLOL FUMARATE,بیزوپکس,قرص,5 mg,خوراکی 
NORTRIPTYLINE (AS HYDROCHLORIDE),نورتریپتیلین,قرص,25 mg,خوراکی 
ALUMINIUM HYDROXIDE / MAGNESIUM HYDROXIDE / SIMETHICONE,مالوژل-اس,سوسپانسیون,225 mg/200 mg/25 mg/5mL 240 mL,خوراکی 
CAPECITABINE,کپسیتابین نورمون,قرص,500 mg,خوراکی 
CLINDAMYCIN (AS PHOSPHATE),کلیندامایسین,محلول,10 mg/1mL 60 mL,موضعی 
IODIXANOL,دیکسوپاک,تزریقی,320 mg/1mL 50 mL,پرنترال 
POVIDONE IODINE,پوویدون آیداین-ناژو,محلول,10 % 60 mL,موضعی 
TEMOZOLOMIDE,آمیتزو,کپسول,100 mg,خوراکی 
POLYETHYLENE GLYCOL,پلی اتیلن گلیکول,پودر,70 g,خوراکی 
SELENIUM SULFIDE,سلنیوم سولفاید,شامپو,2.5 % 150 mL,موضعی 
DIMETHYL FUMARATE,تکزیفوما,کپسول,240 mg,انتریک کوتد خوراکی
FAMOTIDINE,لوسیدامین,پودر,40 mg/5mL 120 g,برای تهیه سوسپانسیون خوراکی
FLUOXETINE (AS HYDROCHLORIDE),فلوکستین,قرص,20 mg,خوراکی 
PROGESTERONE,فرتیژست,تزریقی,50 mg/1mL 1 mL,پرنترال 
ACETAZOLAMIDE,استازولامید,قرص,250 mg,خوراکی 
CIPROFLOXACIN (AS HYDROCHLORIDE),سیپروفلوکساسین-ثنامد,قرص,250 mg,خوراکی 
ALENDRONATE (AS SODIUM),اسئوکرافت,قرص,70 mg,جوشان خوراکی
LEVOFLOXACIN,باکتینون,قرص,500 mg,خوراکی 
PHENYLEPHRINE HYDROCHLORIDE,فنونیز,اسپری,0.25 % 20 mL,از راه بینی
METOCLOPRAMIDE HYDROCHLORIDE,متوکلوپرامید-حکیم,قرص,10 mg,خوراکی 
PREDNISOLONE,کورلتو,قرص,5 mg,خوراکی 
VORICONAZOLE,وینازول,قرص,200 mg,خوراکی 
INSULIN ISOPHANE,ویتاسولین ان,تزریقی,100 [iU]/1mL 10 mL,پرنترال 
VENETOCLAX,ونتوزا,قرص,50 mg,خوراکی 
AZELASTINE HYDROCHLORIDE,آلرزام,اسپری,137 ug/1{Puff} 10 mL,با دوز اندازه گیری شده از راه بینی
FEBUXOSTAT,فبیکس,قرص,80 mg,خوراکی 
ACETAMINOPHEN,استامینوفن,سوسپانسیون,120 mg/5mL 120 mL,خوراکی 
ACETAMINOPHEN / CAFFEINE / IBUPROFEN,گلادیفن,کپسول,325 mg/40 mg/200 mg,خوراکی 
FOLLITROPIN ALFA,گونال-اف,تزریقی,600 [iU]/1mL 0.5 [iU],پرنترال 
LANSOPRAZOLE,لنزاکتو,کپسول,15 mg,انتریک کوتد خوراکی
EZETIMIBE,ازتیمایب-حکیم,قرص,10 mg,خوراکی 
RIMEGEPANT (AS SULFATE),رمیتا,قرص,75 mg,بازشونده در دهان خوراکی
PYRIDOSTIGMINE BROMIDE,پیرامیست,قرص,60 mg,خوراکی 
BARICITINIB,المینار,قرص,2 mg,خوراکی 
MINOXIDIL,ماینوکسیدیل-سپیداج,محلول,50 mg/1mL 60 mL,موضعی 
RAMELTEON,راملی,قرص,8 mg,خوراکی 
OSELTAMIVIR (AS PHOSPHATE),مهبافلو,کپسول,45 mg,خوراکی 
SILDENAFIL CITRATE,ارکژل,ژل,1 % 15 g,موضعی 
OSIMERTINIB (AS MESYLATE),تاگومر,قرص,80 mg,خوراکی 
VALPROATE SEMISODIUM,دیواپوکس,قرص,500 mg,انتریک کوتد خوراکی
WATER,آب سترون برای تزریق,تزریقی,500 mL mL,پرنترال 
TOFACITINIB (AS CITRATE),توفاسیتینیب,قرص,10 mg,خوراکی 
INSULIN REGULAR,ویتاسولین آر,تزریقی,100 [iU]/1mL 10 mL,پرنترال 
TETRACYCLINE HYDROCHLORIDE,تتراتاپیک,پماد,3 % 15 g,موضعی 
MULTIVITAMIN,سولوویت ان,پودر,0.25 mg/0.36 mg/0.4 mg/0.5 ug/4 mg/1.5 mg/6 ug/10 mg/40 ug/1mL 10 mL,لئوفیلیزه برای تهیه محلول تزریقی پرنترال
URSODEOXYCHOLIC ACID,اورسو داکسی کولیک اسید,کپسول,300 mg,خوراکی 
FEXOFENADINE HYDROCHLORIDE,فکسارلا,قرص,180 mg,خوراکی 
VANCOMYCIN (AS HYDROCHLORIDE),ونکوماکس,پودر,500 mg mg,برای تهیه محلول تزریقی پرنترال
NYSTATIN,نیستات,قرص,100000 [iU],واژینال 
BUPIVACAINE HYDROCHLORIDE,مارکائین,تزریقی,0.5 % 4 mg,داخل نخاعی
CONJUGATED ESTROGENS,استرومارین,قرص,0.625 mg,خوراکی 
ANTIHEMORRHOID,آنتی هموروئید-ناژو,شیاف,60 mg/5 mg/50 mg/400 mg,مقعدی 
SIMETHICONE (DIMETHICONE ACTIVATED),دایمتیکون-نیکسادا,"سوسپانسیون،",40 mg/1mL 30 mL,قطره خوراکی
TADALAFIL,تاداکیم,قرص,20 mg,خوراکی 
CALCIUM PANTOTHENATE,کلسیم پانتوتنات,قرص,100 mg,خوراکی 
FEXOFENADINE HYDROCHLORIDE,فکسوکیم,قرص,60 mg,خوراکی 
ESOMEPRAZOLE,اس نکسوم,قرص,20 mg,انتریک کوتد خوراکی
PALBOCICLIB,پالبرانس,کپسول,125 mg,خوراکی 
FLUORESCEIN SODIUM,فلورسئین,تزریقی,10 % 5 mL,پرنترال 
LIRAGLUTIDE,لنلیرا,محلول,6 mg/1mL 3 mL,تزریقی پرنترال
CEFIXIME,فارکسیم,قرص,200 mg,خوراکی 
RANOLAZINE,آنژی ریتم,قرص,500 mg,پیوسته رهش خوراکی
VALPROATE SODIUM,والپروات سدیم,تزریقی,100 mg/1mL 4 mg,پرنترال 
ACICLOVIR,آسیکلوزان,کرم,5 % 10 g,موضعی 
CYPROTERONE COMPOUND,دیان-35,قرص,2 mg/0.035 mg,خوراکی 
"INFLUENZA VACCINE, INACTIVATED, TETRAVALENT",واکسن اینفلوواک تترا,تزریقی,1 {dose} mL,پرنترال 
TRANEXAMIC ACID,تگزانیک,تزریقی,100 mg/1mL 5 mg,پرنترال 
PEMETREXED (AS DISODIUM),الوپم,پودر,500 mg mg,لئوفیلیزه برای تهیه محلول تزریقی پرنترال
ACETAMINOPHEN / CHLORPHENIRAMINE / DEXTROMETHORPHAN / PHENYLEPHRINE / ASCORBIC ACID,کولداپیل,قرص,500 mg/2 mg/15 mg/5 mg/38 mg,خوراکی 
EMPAGLIFLOZIN / LINAGLIPTIN,امپکوگلیپتین,قرص,10 mg/5 mg,خوراکی 
ALBENDAZOLE,بندکس,قرص,400 mg,جویدنی خوراکی
OLAPARIB,الاپاریب,قرص,150 mg,خوراکی 
GALANTAMINE (AS HYDROBROMIDE),رمینیل,کپسول,8 mg,پیوسته رهش خوراکی
DICLOFENAC SODIUM,دیکلوفناک-ناژو,قرص,100 mg,پیوسته رهش خوراکی
ACETAMINOPHEN,تایلوفن,سوسپانسیون,120 mg/5mL 120 mL,خوراکی 
NITROGLYCERIN,نیتروساستین,قرص,2.6 mg,پیوسته رهش خوراکی
BENDAMUSTINE HYDROCHLORIDE,بندانیت,پودر,25 mg mg,برای تهیه محلول تزریقی پرنترال
POVIDONE IODINE,پوویدون آیداین-بهوزان,محلول,10 % 1000 L,موضعی 
EMICIZUMAB,هملیبرا,محلول,150 mg/1mL 0.4 mg,تزریقی پرنترال
ONDANSETRON (AS HYDROCHLORIDE),اندانسترون,تزریقی,2 mg/1 mL 4 mm,پرنترال 
ACETAMINOPHEN,استامینوفن-شفا,قرص,500 mg,خوراکی 
AMLODIPINE (AS BESILATE) / VALSARTAN / HYDROCHLOROTHIAZIDE,والزومیکس-اچ سی تی,قرص,10 mg/160 mg/12.5 mg,خوراکی 
AMIODARONE HYDROCHLORIDE,آمیودارون,تزریقی,50 mg/1 mL 3 mg,پرنترال 
CONJUGATED ESTROGENS,استرومارین,کرم,0.625 mg/1g 42.5 g,واژینال 
LINAGLIPTIN,لاگیپتا,قرص,5 mg,خوراکی 
CELECOXIB,سلبرین,کپسول,100 mg,خوراکی 
PACLITAXEL,پکلی تاکسل اکویدا,تزریقی,6 mg/1mL 50 mg,پرنترال 
LINACLOTIDE,لیناکلاید,کپسول,290 ug,خوراکی 
LEVODOPA / CARBIDOPA / ENTACAPONE,استالوو,قرص,100 mg/25 mg/200 mg,خوراکی 
TETRACYCLINE HYDROCHLORIDE,تتراسایکلین-ناژو,پماد,1 % 3 g,چشمی 
ENZALUTAMIDE,اِنکستری,کپسول,40 mg,حاوی مایع خوراکی
ANTIHEMORRHOID,آنتی هموروئید-ناژو,پماد,50 mg/2.75 mg/35 mg/180 mg/1g 15 g,مقعدی 
CLOZAPINE,کلوزاپکس,قرص,100 mg,خوراکی 
CLARITHROMYCIN,کلاریکو,قرص,250 mg,خوراکی 
GOSERELIN (AS ACETATE),زولادکس ل آ,ایمپلنت,10.8 mg mg,پرنترال 
SILDENAFIL (AS CITRATE),پریگرا,قرص,50 mg,بازشونده در دهان خوراکی
ACETAMINOPHEN / IBUPROFEN,فوریمو پلاس,قرص,500 mg/200 mg,خوراکی 
CICLOSPORIN,ساندیمون نئورال,کپسول,100 mg,حاوی مایع خوراکی
SELENIUM SULFIDE,سلنیوم سولفاید,شامپو,2.5 % 150 mL,موضعی 
CO-AMOXICLAV,کو-آموکسی کلاو,پودر,400 mg/57 mg/5 mL 100 mL,برای تهیه سوسپانسیون خوراکی
SITAGLIPTIN (AS PHOSPHATE) / METFORMIN HYDROCHLORIDE,ژانودیاکس,قرص,50 mg/500 mg,خوراکی 
FEXOFENADINE HYDROCHLORIDE,آلربند,سوسپانسیون,30 mg/5mL 120 mL,خوراکی 
TESTOSTERONE ENANTHATE,آندرون,تزریقی,100 mg/1mL mL,پرنترال 
ENOXAPARIN SODIUM,رولکسان,تزریقی,100 mg/1mL 0.6 mL,پرنترال 
POTASSIUM CHLORIDE CONCENTRATED,پتاسیم کلراید,محلول,2 meq/1mL 50 mL,غلیظ تزریقی داخل وریدی
SULFASALAZINE,کلی زاکس,قرص,500 mg,خوراکی 
DIAZEPAM,زپادیک,تزریقی,5 mg/1mL 2 mL,پرنترال 
VINORELBINE (AS TARTRATE),سانارلبین,کپسول,30 mg,حاوی مایع خوراکی
TAMSULOSIN HYDROCHLORIDE,تاموسین,کپسول,0.4 mg,پیوسته رهش خوراکی
ADULT COLD PREPARATIONS (4-1),کلداکس سینوس و آلرژی,قرص,500 mg/5 mg/25 mg,خوراکی 
METFORMIN HYDROCHLORIDE,ویتالوفاژ,قرص,1000 mg,پیوسته رهش خوراکی
ADULT COLD PREPARATIONS (1-1),رها کلد روز,قرص,500 mg/5 mg,خوراکی 
PANTOPRAZOLE (AS SODIUM SESQUIHYDRATE),پنتوس,قرص,20 mg,انتریک کوتد خوراکی
EVEROLIMUS,نئوراپا,قرص,10 mg,خوراکی 
MEBEVERINE HYDROCHLORIDE,ایریمب,قرص,135 mg,خوراکی 
SODIUM CHLORIDE,سدیم کلراید (بگ),محلول,0.9 % 100 mL,تزریقی پرنترال
GANCICLOVIR,سایمون,پودر,500 mg mg,لئوفیلیزه برای تهیه محلول تزریقی پرنترال
ATORVASTATIN (AS CALCIUM),لیپیکات,قرص,40 mg,خوراکی 
LETROZOLE,فمارا,قرص,2.5 mg,خوراکی 
SALBUTAMOL (AS SULFATE),آزماسول,اسپری,100 ug/1{dose} 200 {dose},با دوز اندازه گیری شده استنشاقی
MYCOPHENOLATE MOFETIL,موفکان,قرص,500 mg,خوراکی 
CIPROFLOXACIN (AS HYDROCHLORIDE),سیپروراپ,"محلول،",0.3 % 10 mL,قطره چشمی
ROPIVACAINE HYDROCHLORIDE,روپیواکائین,محلول,10 mg/1mL 10 mg,تزریقی پرنترال
INDOMETHACIN,ایندومتاسین-جالینوس,کپسول,25 mg,خوراکی 
MESALAZINE,پنتاسا,شیاف,1000 mg,مقعدی 
OXYMETAZOLINE HYDROCHLORIDE,کونژستاپ,اسپری,0.05 % 15 mL,از راه بینی
RISDIPLAM,ریسیپر,پودر,0.75 mg/1mL 80 mg,برای تهیه محلول خوراکی
BISOPROLOL FUMARATE,پرولی زکس,قرص,2.5 mg,خوراکی 
VALPROATE SODIUM,والپروات سدیم,قرص,200 mg,انتریک کوتد خوراکی
COLISTIMETHATE SODIUM,کلوونت,پودر,1000000 [iU] [iU],برای تهیه محلول تزریقی پرنترال
ACETAMINOPHEN / CAFFEINE / IBUPROFEN,نیوفن,کپسول,325 mg/40 mg/200 mg,خوراکی 
CLOTRIMAZOLE,کلوتریمازول,کرم,2 % 50 g,واژینال 
PROMETHAZINE,پرومتازین پاک دارو,شربت,5 mg/5mL 60 mL,خوراکی 
DESLORATADINE,دزوکید,شربت,2.5 mg/5 mL 120 mL,خوراکی 
MITOXANTRONE (AS HYDROCHLORIDE),زانتومیت,محلول,2 mg/1mL 10 mg,تزریقی پرنترال
BIOTIN,بیوتین-حکیم,قرص,5 mg,خوراکی 
PREGABALIN,پرگابین,کپسول,75 mg,خوراکی 
TIRZEPATIDE,لانیسا,محلول,5 mg/0.5mL mg,تزریقی زیر جلدی
DICLOFENAC SODIUM,دیکلورن,تزریقی,25 mg/1mL 3 mL,پرنترال 
FLUOCINOLONE ACETONIDE,فلوئوسینولون,کرم,0.025 % 15 g,موضعی 
CYPROHEPTADINE HYDROCHLORIDE,آنی هپتادین,قرص,4 mg,خوراکی 
LEVETIRACETAM,لویپسا,محلول,100 mg/1mL 5 mL,غلیظ تزریقی پرنترال
SOMATROPIN,سیناتروپین,تزریقی,10 [iU]/1mL 1.5 [iU],پرنترال 
CYCLOPHOSPHAMIDE,سیکلوکسان,پودر,500 mg mg,برای تهیه محلول تزریقی پرنترال
ONDANSETRON (AS HYDROCHLORIDE),اونیتریل,قرص,8 mg,خوراکی 
RAMIPRIL,رامیپریل جی پی,کپسول,5 mg,خوراکی 
LEVODOPA / CARBIDOPA FORTE,پارکین-سی فورت,قرص,250 mg/25 mg,خوراکی 
MESALAZINE,مزالازین,قرص,500 mg,انتریک کوتد خوراکی
FORMOTEROL FUMARATE,فورادیل,کپسول,12 ug,استنشاقی 
BOSENTAN,بوتکریل,قرص,125 mg,خوراکی 
GENTAMICIN,جنتادیک,تزریقی,10 mg/1mL 2 mL,پرنترال 
LEVOTHYROXINE SODIUM,یوتیروکس,قرص,50 ug,خوراکی 
MELOXICAM,موبیک,قرص,7.5 mg,خوراکی 
ROSUVASTATIN (AS CALCIUM),رزوواستاتین,قرص,40 mg,خوراکی 
SIPONIMOD,سیپومید,قرص,1 mg,خوراکی 
PALBOCICLIB,پالبوکپ,کپسول,75 mg,خوراکی 
HYDROCORTISONE (AS SODIUM SUCCINATE),آفاتیزون,پودر,100 mg mg,برای تهیه محلول تزریقی پرنترال
RISPERIDONE,ریپریدو-4,قرص,4 mg,خوراکی 
CAPTOPRIL,کاپتوپریل-اکسیر,قرص,25 mg,خوراکی 
FUROSEMIDE,رزماید,تزریقی,10 mg/1mL 4 mL,داخل وریدی
GLICLAZIDE,زیدامد,قرص,30 mg,پیوسته رهش خوراکی
SILDENAFIL (AS CITRATE),سیلرکت,قرص,100 mg,خوراکی 
HYDROCORTISONE (AS SODIUM SUCCINATE),هیدرومر,پودر,100 mg mg,برای تهیه محلول تزریقی پرنترال
LEVETIRACETAM,لوتیراستام - ثنامد,قرص,500 mg,خوراکی 
DEXTROSE / SODIUM CHLORIDE,دکستروز/سدیم کلراید,محلول,5 %/0.9 % 1000 mL,تزریقی داخل وریدی
ENOXAPARIN SODIUM,رولکسان,تزریقی,100 mg/1mL 0.4 mL,پرنترال 
OXANDROLONE,اکسانیم,قرص,2.5 mg,خوراکی 
CARBAMAZEPINE,تگرازپین,قرص,200 mg,خوراکی 
AMITRIPTYLINE HYDROCHLORIDE,آمی تریپتیلین,قرص,50 mg,خوراکی 
OLAPARIB,لینپارزا,قرص,150 mg,خوراکی 
ONDANSETRON (AS HYDROCHLORIDE),اندامین,قرص,4 mg,خوراکی 
DOMPERIDONE,موتیدون,قرص,10 mg,خوراکی 
BURN OINTMENT,سوختگی مینو,پماد,30 %/50 % 30 g,موضعی 
CHLORPROMAZINE HYDROCHLORIDE,کلرپرومازین,قرص,100 mg,خوراکی 
ENOXAPARIN SODIUM,کلگزاپارین,تزریقی,100 mg/1mL 0.4 mL,پرنترال 
MIDODRINE HYDROCHLORIDE,میدرون,قرص,2.5 mg,خوراکی 
BICALUTAMIDE,بیلورون,قرص,150 mg,خوراکی 
ONDANSETRON (AS HYDROCHLORIDE),اُندانسترون,تزریقی,2 mg/1 mL 2 mL,پرنترال 
LEVODOPA / CARBIDOPA / ENTACAPONE,اکسریکال,قرص,100 mg/25 mg/200 mg,خوراکی 
CARVEDILOL,سوکاردیل,قرص,6.25 mg,خوراکی 
NAPROXEN,ناپروبکس,قرص,250 mg,خوراکی 
SUMATRIPTAN (AS SUCCINATE),سوماتریپتان,قرص,100 mg,خوراکی 
PRAMIPEXOLE (AS DIHYDROCHLORIDE),پرامی پکسول-حکیم,قرص,0.35 mg,خوراکی 
POTASSIUM CHLORIDE,متو-کی,قرص,600 mg,پیوسته رهش خوراکی
ACETYLCYSTEINE / ASCORBIC ACID,استیل سیستئین/ویتامین ث,پودر,600 mg/75 mg g,خوراکی 
CELECOXIB,سبکس,کپسول,100 mg,خوراکی 
LEVETIRACETAM,لویستام,قرص,500 mg,خوراکی 
RIVAROXABAN,زالربان,قرص,15 mg,خوراکی 
MOMETASONE FUROATE,راویزون,کرم,0.1 % 15 g,موضعی 
IPRATROPIUM BROMIDE / SALBUTAMOL (AS SULFATE),ایپراسال,محلول,200 ug/1 mg/1mL 2.5 mL,استنشاقی 
FUROSEMIDE,فوروزماید,تزریقی,10 mg/1mL 4 mL,داخل وریدی
BRIMONIDINE TARTRATE,آلفاویژن-پی بی ای,"محلول،",0.2 % 5 mL,قطره چشمی
TIOTROPIUM (AS BROMIDE),اسپیریوا رسپیمت,محلول,2.5 ug/1{Puff} 30 mg,استنشاقی 
NITROGLYCERIN,نیتروگلیسرین,قرص,6.4 mg,پیوسته رهش خوراکی
MIGLUSTAT,میگلومد,کپسول,100 mg,خوراکی 
SEMAGLUTIDE,ولوریتا,محلول,2 mg/1.5 mL mg,تزریقی زیر جلدی
ROSUVASTATIN (AS CALCIUM),رزوکسون,قرص,20 mg,خوراکی 
VITAMIN D3,دی تری کل,تزریقی,300000 [iU]/1mL mL,پرنترال 
EPLERENONE,اپلینون,قرص,25 mg,خوراکی 
CIPROFLOXACIN (AS HYDROCHLORIDE),سیپروکسیر,قرص,500 mg,خوراکی 
DEXTROMETHORPHAN HYDROBROMIDE,دکسترومتورفان,شربت,15 mg/5mL 120 mL,خوراکی 
BETAXOLOL,بتاکسول,"محلول،",0.5 % 10 mL,قطره چشمی
MESALAZINE,پنتاسا,انما,1 g/100mL mL,مقعدی 
MINOCYCLINE (AS HYDROCHLORIDE),میندروکس,قرص,50 mg,خوراکی 
ACETAMINOPHEN / CAFFEINE / IBUPROFEN,ژلوفن کامپاند,کپسول,325 mg/40 mg/200 mg,حاوی مایع خوراکی
OCTREOTIDE (AS ACETATE),ُساندوسفر ال آ آر,پودر,30 mg ug,برای تهیه سوسپانسیون تزریقی پیوسته رهش پرنترال
PIROXICAM,روکامیکس,ژل,0.5 g/100g 60 g,موضعی 
ARIPIPRAZOLE,آریپیپرازول,قرص,5 mg,خوراکی 
APIXABAN,آپیکسابان-سبحان,قرص,5 mg,خوراکی 
CROMOLYN SODIUM,نازوکروم,اسپری,20 mg/1mL 20 mL,از راه بینی
BARIUM SULFATE,باریم سولفات,پودر,135 g g,برای تهیه سوسپانسیون خوراکی
CROTAMITON,کروتاریکس,کرم,10 % 30 g,موضعی 
AMPICILLIN,آمپی سیلین,کپسول,500 mg,خوراکی 
FOLLITROPIN ALFA,سینال اف,تزریقی,600 [iU]/1mL 1.5 [iU],پرنترال 
PREGABALIN,پرلینکا,کپسول,150 mg,خوراکی 
METFORMIN HYDROCHLORIDE,زوگر,قرص,1000 mg,پیوسته رهش خوراکی
LEVETIRACETAM,لوکین,قرص,250 mg,خوراکی 
DYDROGESTERONE,دروژکس-آی اچ,قرص,10 mg,خوراکی 
AZITHROMYCIN,آزیتروکی,قرص,250 mg,خوراکی 
RITUXIMAB,زیتاکس,تزریقی,10 mg/1mL 50 mg,پرنترال 
EMPAGLIFLOZIN / METFORMIN HYDROCHLORIDE,مت-امپافو,قرص,12.5 mg/1000 mg,پیوسته رهش خوراکی
IBUPROFEN,ایبوپروفن,قرص,200 mg,خوراکی 
CEFIXIME,آفاکسیم,قرص,400 mg,خوراکی 
LIDOCAINE,سرلیکس,اسپری,10 mg/1{dose} 20 mL,موضعی 
CLOPIDOGREL (AS BISULFATE),تویکس,قرص,75 mg,خوراکی 
ESOMEPRAZOLE (AS MAGNESIUM),پیلورینکس,گرانول,5 mg mg,انتریک کوتد خوراکی
LEVODOPA / CARBIDOPA FORTE,ال دورام-سی فورت,قرص,250 mg/25 mg,خوراکی 
ALTEPLASE,آلتلایز,پودر,50 mg mg,برای تهیه محلول تزریقی پرنترال
PALBOCICLIB,اینبرستا,کپسول,125 mg,خوراکی 
AMANTADINE HYDROCHLORIDE,آمانتادین,کپسول,100 mg,خوراکی 
DILTIAZEM HYDROCHLORIDE,دیلتیانو,ژل,2 % 30 g,موضعی 
PREDNISOLONE ACETATE,اپتیکوپرد-پی بی ای,"سوسپانسیون،",1 % 10 mL,قطره چشمی
LETROZOLE,لتراکس,قرص,2.5 mg,خوراکی 
HYDROCORTISONE,سوکورتیز,قرص,10 mg,خوراکی 
PACLITAXEL,پاکلکس,تزریقی,6 mg/1mL 25 mg,پرنترال 
EMPAGLIFLOZIN / LINAGLIPTIN,امپاجنت,قرص,10 mg/5 mg,خوراکی 
HYDRALAZINE HYDROCHLORIDE,وانا هیدرالازین,قرص,50 mg,خوراکی 
DEXLANSOPRAZOLE,نونادکس,کپسول,30 mg,انتریک کوتد خوراکی
TIMOLOL (AS MALEATE),اپتیمول,"محلول،",0.5 % 5 mL,قطره چشمی
CARBOPLATIN,کربوکسا,محلول,10 mg/1mL 45 mL,غلیظ تزریقی داخل وریدی
ISOSORBIDE DINITRATE,ایزورباید,قرص,10 mg,خوراکی 
DIMETHYL FUMARATE,زادیوا,کپسول,240 mg,انتریک کوتد خوراکی
FENOFIBRATE,لیپاکیم,کپسول,200 mg,خوراکی 
METHOTREXATE,ترکسوما,محلول,25 mg/1mL 0.3 mg,تزریقی پرنترال
CYCLOPHOSPHAMIDE,سیکلوسدال,پودر,1 g g,برای تهیه محلول تزریقی پرنترال
TRIPLE SULFA,تری سولفم,کرم,3.42 %/2.86 %/3.7 % 78 g,واژینال 
ACETAMINOPHEN / DIPHENHYDRAMINE / PHENYLEPHRINE,ستاکلد-کید,شربت,160 mg/12.5 mg/2.5 mg/5mL 120 mL,خوراکی 
ACETAMINOPHEN / CAFFEINE / IBUPROFEN,زاگروفن,کپسول,325 mg/40 mg/200 mg,خوراکی 
SPIRONOLACTONE,اسلاکتون,قرص,100 mg,خوراکی 
ACETAMINOPHEN,کوریزان کودکان درد و تب,محلول,120 mg/5mL 120 mL,خوراکی 
MINOXIDIL,ماینوکسیدیل,محلول,50 mg/1mL 60 mL,موضعی 
INTERFERON BETA-1A,اکتووکس,تزریقی,12000000 [iU]/1mL 0.5 ug,پرنترال 
MAGNESIUM SULFATE,منیزیم سولفات,تزریقی,20 % 10 mL,پرنترال 
ACETAMINOPHEN,استاگروفن,قرص,325 mg,خوراکی 
BETHANECHOL CHLORIDE,سیمپاکول,قرص,10 mg,خوراکی 
SACUBITRIL / VALSARTAN,بیتوال,قرص,24 mg/26 mg,خوراکی 
TERBINAFINE,تربینافین پاک دارو,محلول,1 % 30 mL,موضعی 
PENICILLIN 6-3-3,تری-پن,پودر,600000 [iU]/300000 [iU]/300000 [iU] [iU],برای تهیه فرآورده تزریقی پرنترال
CELECOXIB,سلکوکسیب-شفا,کپسول,200 mg,خوراکی 
CLOBETASOL PROPIONATE,کورتام,کرم,0.05 % 15 g,موضعی 
FAMOTIDINE,فاموور,قرص,40 mg,خوراکی 
REGORAFENIB,رگونیب,قرص,40 mg,خوراکی 
IBUPROFEN / METHOCARBAMOL,ریباکسومید,قرص,200 mg/500 mg,خوراکی 
CLINDAMYCIN PHOSPHATE / TRETINOIN,آکنومیس,ژل,1.2 %/0.025 % 30 g,موضعی 
METFORMIN HYDROCHLORIDE,رونوفاژ,قرص,500 mg,خوراکی 
ISOSORBIDE DINITRATE,ایزوسورباید دی نیترات آریا,قرص,10 mg,خوراکی 
KETOROLAC TROMETAMOL,پمرولاک,محلول,30 mg/1mL 1 mL,تزریقی پرنترال
DASATINIB,داسازا,قرص,70 mg,خوراکی 
APREMILAST,آمالتا,قرص,20 mg,خوراکی 
CLINDAMYCIN (AS PHOSPHATE),کلیندامایسین-ناژو,محلول,10 mg/1mL 60 mL,موضعی 
BETAMETHASONE (AS DISODIUM PHOSPHATE),بتامتازون,"محلول،",0.1 % 5 mL,قطره چشمی
CLOTRIMAZOLE,کلوتریمازول بهسا,,1 % 20 mL,محلول موضعی
EMPAGLIFLOZIN / METFORMIN HYDROCHLORIDE,امپاتوس-پلاس,قرص,12.5 mg/1000 mg,خوراکی 
GUAIFENESIN / CHLORPHENIRAMINE / PHENYLEPHRINE,پکتورامین,شربت,100 mg/2 mg/5 mg/5mL 60 mL,خوراکی 
METRONIDAZOLE (AS BENZOATE),مترونیدازول-عماد,سوسپانسیون,125 mg/5mL 120 mL,خوراکی 
CLOTRIMAZOLE,کلوتیزول,قرص,100 mg,واژینال 
GLIBENCLAMIDE,گلیبوتکس,قرص,5 mg,خوراکی 
GENTAMICIN,جنتادیک,تزریقی,40 mg/1mL 1 mL,پرنترال 
INSULIN LISPRO,هومالوگ,تزریقی,100 [iU]/1mL 3 mL,پرنترال 
FLUOROURACIL,نسیل,تزریقی,50 mg/1mL 20 mL,پرنترال 
ONDANSETRON (AS HYDROCHLORIDE),انستین,قرص,4 mg,خوراکی 
TELMISARTAN,تیلیکارد,قرص,80 mg,خوراکی 
CISATRACURIUM (AS BESYLATE),سیس آتراکورین,تزریقی,2 mg/1mL 5 mL,پرنترال 
QUETIAPINE (AS FUMARATE),کوئپین,قرص,100 mg,خوراکی 
SELENIUM SULFIDE,سلکو,شامپو,2.5 % 140 mL,موضعی 
SIMETHICONE (DIMETHICONE ACTIVATED),دایمتین,"سوسپانسیون،",40 mg/1mL 30 mL,قطره خوراکی
TAMSULOSIN HYDROCHLORIDE,مکسولوسین,کپسول,0.4 mg,پیوسته رهش خوراکی
TENOFOVIR ALAFENAMIDE (AS FUMARATE),آلتافیر,قرص,25 mg,خوراکی 
METFORMIN HYDROCHLORIDE / LINAGLIPTIN,لیناگلیپتین/متفورمین,قرص,500 mg/2.5 mg,خوراکی 
GABAPENTIN,نورولپتین,کپسول,100 mg,خوراکی 
METFORMIN HYDROCHLORIDE,متفورمین,قرص,750 mg,پیوسته رهش خوراکی
TOBRAMYCIN,برامی توب,,75 mg/1mL 4 mg,محلول استنشاقی
EMPAGLIFLOZIN / METFORMIN HYDROCHLORIDE,پگلیمت,قرص,5 mg/500 mg,خوراکی 
CO-AMOXICLAV,کلاویسیلین,پودر,200 mg/28.5 mg/5 mL 100 mL,برای تهیه سوسپانسیون خوراکی
BISMUTH SUBCITRATE EQU. TO BISMUTH OXIDE,بیسموسیت,قرص,120 mg,خوراکی 
ACETAMINOPHEN / CODEINE PHOSPHATE,پانافن کدئین,قرص,300 mg/20 mg,خوراکی 
ALPRAZOLAM,زانیسد ای آر,قرص,2 mg,پیوسته رهش خوراکی
BENDAMUSTINE HYDROCHLORIDE,لی کیت,پودر,25 mg mg,برای تهیه محلول تزریقی پرنترال
PEDIATRIC GRIPPE,اگزاکید,شربت,0.67 mg/10 mg/5mL 120 mL,خوراکی 
SODIUM BENZOATE,سدیم بنزوات,تزریقی,200 mg/1mL 10 g,پرنترال 
EPINEPHRINE,اپی نفرین,تزریقی,0.1 mg/1mL 10 mL,پرنترال 
TACROLIMUS,کوگرافت,کپسول,0.5 mg,خوراکی 
PAROXETINE (AS HYDROCHLORIDE),رگزوپان,قرص,20 mg,خوراکی 
UPADACITINIB,نوپادا,قرص,15 mg,پیوسته رهش خوراکی
FOSCARNET SODIUM,فوسکاویر,محلول,24 mg/1mL 250 mL,تزریقی پرنترال
IRINOTECAN HYDROCHLORIDE,ایرینوسدال,محلول,20 mg/1mL 5 mg,غلیظ تزریقی پرنترال
LEVODOPA / BENSERAZIDE,نوراستور,کپسول,100 mg/25 mg,پیوسته رهش خوراکی
IBUPROFEN,ایبوپین,سوسپانسیون,100 mg/5mL 120 mL,خوراکی 
BISOPROLOL FUMARATE,بتالکو,قرص,5 mg,خوراکی 
SITAGLIPTIN (AS PHOSPHATE) / METFORMIN HYDROCHLORIDE,ژانومیکس,قرص,50 mg/500 mg,خوراکی 
ACETAMINOPHEN / CAFFEINE / IBUPROFEN,آریافن,کپسول,325 mg/40 mg/200 mg,خوراکی 
PANTOPRAZOLE (AS SODIUM SESQUIHYDRATE),پنتوزومد,قرص,40 mg,انتریک کوتد خوراکی
DICYCLOMINE HYDROCHLORIDE,دی سیکلومین هیدروکلراید,قرص,10 mg,خوراکی 
AMLODIPINE (AS BESILATE) / VALSARTAN,سینومیکس,قرص,5 mg/80 mg,خوراکی 
ESOMEPRAZOLE (AS MAGNESIUM),اس امپرازول,گرانول,10 mg g,انتریک کوتد خوراکی
ROSUVASTATIN (AS CALCIUM),روپیکسون,قرص,5 mg,خوراکی 
FLUVOXAMINE MALEATE,نیلوکسامین,قرص,100 mg,خوراکی 
AZITHROMYCIN,آزیترومایسین,پودر,200 mg/5mL 30 g,برای تهیه سوسپانسیون خوراکی
MINOXIDIL,ماینوکسیدیل,محلول,20 mg/1mL 50 mL,موضعی 
GLIBENCLAMIDE,گلیبوتکس,قرص,5 mg,خوراکی 
INSULIN GLARGINE,لانتوس سولواستار,تزریقی,100 [iU]/1mL 3 [iU],پرنترال 
PANTOPRAZOLE (AS SODIUM SESQUIHYDRATE),آوی پنتو,قرص,40 mg,انتریک کوتد خوراکی
BETAMETHASONE LA (BETAMETHASONE AS DISODIUM PHOSPHATE / BETAMETHASONE ACETATE),بتازونکس ال.آ.,سوسپانسیون,3 mg/3 mg/1mL mL,تزریقی پیوسته رهش پرنترال
METOPROLOL SUCCINATE,تداسپت,قرص,47.5 mg,پیوسته رهش خوراکی
CO-AMOXICLAV,کلاویسیلین,پودر,600 mg/42.9 mg/5mL 75 mL,برای تهیه سوسپانسیون خوراکی
ERGOTAMINE TARTRATE / CAFFEINE,ارگوتامین-سی مینو,قرص,1 mg/100 mg,خوراکی 
TAMOXIFEN,نولوامون,قرص,10 mg,خوراکی 
GABAPENTIN,سیرنتین,کپسول,100 mg,خوراکی 
CIPROFLOXACIN (AS HYDROCHLORIDE),سیپروفکت,قرص,500 mg,خوراکی 
ONDANSETRON (AS HYDROCHLORIDE),فرانوزکس,قرص,4 mg,خوراکی 
OMEPRAZOLE,مرازول,کپسول,) 20 mg,(پلت های انتریک کوتد خوراکی
ZALEPLON,زالپلون-سبحان,کپسول,10 mg,خوراکی 
ZOLPIDEM TARTRATE,رپیدم,قرص,10 mg,خوراکی 
FLUOXETINE (AS HYDROCHLORIDE),فلوکستین آریا,کپسول,10 mg,خوراکی 
OLANZAPINE,اوزاپکس,پودر,10 mg mg,برای تهیه محلول تزریقی پرنترال
VITAMIN K1 (PHYTOMENADIONE),اسوه-ویتامین کا1,تزریقی,2 mg/1mL 0.5 mL,پرنترال 
ISOFLURANE,ترل,اینهالر,100 % 100 mL,استنشاقی 
DEXPANTHENOL,دکسپانتنول بهسا,کرم,5 % 30 g,موضعی 
TROPICAMIDE,میدراکس,"محلول،",0.5 % 0.5 mL,قطره چشمی
OXCARBAZEPINE,اکس کاربازپین,قرص,150 mg,خوراکی 
PENICILLAMINE,کوپریپن,کپسول,250 mg,خوراکی 
COAGULATION FACTOR VIII (HUMAN PLASMA DERIVED),اکتانیت,پودر,250 [iU] [iU],لئوفیلیزه برای تهیه محلول تزریقی پرنترال
DICLOFENAC SODIUM,دیکلوفناک سدیم,ژل,3 % 60 g,موضعی 
SITAGLIPTIN (AS PHOSPHATE) / METFORMIN HYDROCHLORIDE,سیتاگلیپتین/متفورمین,قرص,50 mg/500 mg,خوراکی 
FURAZOLIDONE,فورازولیدون,سوسپانسیون,50 mg/15mL 120 mL,خوراکی 
CAPTOPRIL,کاپتوپریل,قرص,25 mg,خوراکی 
HEPATITIS B IMMUNE GLOBULIN,ایمونو اچ بی اس,تزریقی,180 [iU]/1mL 3 [iU],پرنترال 
PIROXICAM,روماکام,ژل,0.5 g/100g 60 g,موضعی 
ACETAZOLAMIDE,زولادین,پودر,500 mg mg,برای تهیه محلول تزریقی پرنترال
DEXPANTHENOL,دکسوزان,کرم,5 % 30 g,موضعی 
LEVOTHYROXINE SODIUM,لووتین,قرص,100 ug,خوراکی 
INSULIN ASPART,نوورپید فلکس پن,محلول,100 [iU]/1mL 3 mL,تزریقی پرنترال
THEOPHYLLINE / GUAIFENESIN,تئوزین,محلول,50 mg/30 mg/5mL 120 mL,خوراکی 
ACITRETIN,نواترتین,کپسول,25 mg,خوراکی 
PHENYLEPHRINE HYDROCHLORIDE,نازوفرین,اسپری,0.25 % 20 mL,از راه بینی
FENTANYL (AS CITRATE),فنتانیل,تزریقی,50 ug/1mL 10 mL,پرنترال 
FOLLITROPIN ALFA,سینال اف,تزریقی,600 [iU]/1mL 0.5 [iU],پرنترال 
OMEPRAZOLE,کیدیزول,پودر,2 mg/1 mL 90 g,برای تهیه سوسپانسیون خوراکی
GEMCITABINE (AS HYDROCHLORIDE),انکوزار,پودر,1 g g,لئوفیلیزه برای تهیه محلول تزریقی پرنترال
VALGANCICLOVIR (AS HYDROCHLORIDE),والگاسیت-آی اچ,قرص,450 mg,خوراکی 
CLOFIBRATE,کلوفیبرات,کپسول,500 mg,خوراکی 
COAGULATION FACTOR VIII (RECOMBINANT),سافاکتو آ اف,پودر,500 [iU] [iU],لئوفیلیزه برای تهیه محلول تزریقی پرنترال
LIDOCAINE / PRILOCAINE,ناژو-کایین پی,کرم,2.5 %/2.5 % 30 g,موضعی 
MONTELUKAST (AS SODIUM),سینکاست,قرص,10 mg,خوراکی 
PRAMIPEXOLE (AS DIHYDROCHLORIDE),رستین,قرص,0.7 mg,خوراکی 
CARVEDILOL,کارویدال,قرص,6.25 mg,خوراکی 
PILOCARPINE HYDROCHLORIDE,گلوپین,"محلول،",1 % 10 mL,قطره چشمی
VALGANCICLOVIR (AS HYDROCHLORIDE),ولسایت,پودر,50 mg/1mL 12 mL,برای تهیه محلول خوراکی
DEFERASIROX,جیدنیو,قرص,180 mg,خوراکی 
FULVESTRANT,فولارنت,محلول,50 mg/1mL 5 mg,تزریقی پرنترال
PACLITAXEL,الوپکس,تزریقی,6 mg/1mL 25 mg,پرنترال 
KETAMINE (AS HYDROCHLORIDE),KETAMINE,تزریقی,50 mg/1mL 10 mg,پرنترال 
KETOTIFEN (AS FUMARATE),کتوتیفن,شربت,1 mg/5mL 120 mL,خوراکی 
PORACTANT ALFA,کوروسرف,تزریقی,80 mg/1mL 3 mg,داخل تراشه ای
CEFOTAXIME (AS SODIUM),سفوتاکسیم-اکسیر,پودر,1 g g,برای تهیه محلول تزریقی پرنترال
NAPROXEN,ناپروبکس,قرص,500 mg,انتریک کوتد خوراکی
IBUPROFEN / FAMOTIDINE,ادویتیدین,قرص,800 mg/26.6 mg,خوراکی 
NILOTINIB,نیلوتینیب آکویدا,کپسول,200 mg,خوراکی 
PIRACETAM,نوتروپیل,محلول,20 % 200 mL,خوراکی 
ARIPIPRAZOLE,بایوپیپرازول,قرص,15 mg,خوراکی 
MEMANTINE HYDROCHLORIDE,آلزیکسا,قرص,5 mg,خوراکی 
CELECOXIB,سلمکس,کپسول,100 mg,خوراکی 
SODIUM CHLORIDE,دی بی-سالین,اسپری,0.65 % 20 mL,از راه بینی
SODIUM POLYSTYRENE SULFONATE,کلگزیت,پودر,15 g g,برای تهیه سوسپانسیون خوراکی
ACICLOVIR,آسیکلوویر-تدافارم,قرص,400 mg,خوراکی 
CITALOPRAM,سیتالوپرام - حکیم,قرص,40 mg,خوراکی 
COAGULATION FACTOR VIII (HUMAN PLASMA DERIVED),ایمونیت,پودر,500 [iU] [iU],لئوفیلیزه برای تهیه محلول تزریقی پرنترال
PRAMIPEXOLE (AS DIHYDROCHLORIDE),پرامی پکسول-حکیم,قرص,0.7 mg,خوراکی 
ESCITALOPRAM (AS OXALATE),ازیپم,قرص,20 mg,خوراکی 
BUSULFAN,بوسولفاسدال,تزریقی,6 mg/1mL 10 mg,پرنترال 
BRIVARACETAM,بریواکین,قرص,50 mg,خوراکی 
ISOXSUPRINE HYDROCHLORIDE,ایزوکسوپورین,قرص,10 mg,خوراکی 
LEVODOPA / CARBIDOPA,لوودوپا-سی جالینوس,قرص,100 mg/25 mg,خوراکی 
PIOGLITAZONE,هیپوتازون,قرص,15 mg,خوراکی 
LOTEPREDNOL ETABONATE,لوترا,"سوسپانسیون،",0.5 % 5 mL,قطره چشمی
SEMAGLUTIDE,سویما,محلول,8 mg/3 mL mL,تزریقی پرنترال
REPAGLINIDE,پراگلیناید,قرص,0.5 mg,خوراکی 
TIRZEPATIDE,اسپارتینا,محلول,15 mg/0.6 mL mL,تزریقی پرنترال
RIFAMPICIN,ریفادین,پودر,600 mg mg,برای تهیه محلول تزریقی پرنترال
METFORMIN HYDROCHLORIDE,آنیفورمین,قرص,1000 mg,پیوسته رهش خوراکی
FENTANYL (AS CITRATE),فنیجکت,تزریقی,50 ug/1mL 2 mL,پرنترال 
MESALAZINE,مزالازین,شیاف,500 mg,مقعدی 
CELECOXIB,سلکسوسد,کپسول,100 mg,خوراکی 
TETRACYCLINE HYDROCHLORIDE,تتراسایکلین-ناژو,پماد,3 % 15 g,موضعی 
CONJUGATED ESTROGENS,استرین,کرم,0.625 mg/1g 42.5 g,واژینال 
LOSARTAN POTASSIUM / HYDROCHLOROTHIAZIDE,لوزارتان/هیدروکلروتیازید,قرص,50 mg/12.5 mg,خوراکی 
POVIDONE IODINE,پارساداین,محلول,10 % 60 mL,موضعی 
LENALIDOMIDE,لناسب,کپسول,15 mg,خوراکی 
BISOPROLOL FUMARATE / HYDROCHLOROTHIAZIDE,بیسوتا اچ سی تی,قرص,10 mg/25 mg,خوراکی 
CINACALCET (AS HYDROCHLORIDE),سیناست,قرص,30 mg,خوراکی 
ENZALUTAMIDE,اکستندی,کپسول,40 mg,حاوی مایع خوراکی
ISOTRETINOIN,ایزوترتینوئین ساندوز,کپسول,20 mg,حاوی مایع خوراکی
MYCOPHENOLATE MOFETIL,موفکان-سی,کپسول,250 mg,خوراکی 
TELMISARTAN,میکاردیمد,قرص,40 mg,خوراکی 
PEMETREXED (AS DISODIUM),پمکسد,پودر,500 mg mg,لئوفیلیزه برای تهیه محلول تزریقی پرنترال
EPLERENONE,اپرونا,قرص,25 mg,خوراکی 
FENOFIBRATE,تریرول,کپسول,100 mg,خوراکی 
BISOPROLOL FUMARATE,پرولی زکس,قرص,5 mg,خوراکی 
LOSARTAN POTASSIUM,لوزکسیر,قرص,25 mg,خوراکی 
CARVEDILOL,کارودیلول,قرص,12.5 mg,خوراکی 
ESOMEPRAZOLE,اس امپرازول,کپسول,20 mg,انتریک کوتد خوراکی
TRIFLUOPERAZINE,تری فلوئوپرازین,,1 mg/1mL 1 mg,تزریقی عضلانی
AMLODIPINE (AS BESILATE) / VALSARTAN,اکتوور والوسپ,قرص,10 mg/160 mg,خوراکی 
CILOSTAZOL,سیلوستازول نورمون,قرص,100 mg,خوراکی 
LAMOTRIGINE,لاموتریژین,قرص,25 mg,خوراکی 
PILOCARPINE HYDROCHLORIDE,گلوپین,"محلول،",4 % 10 mL,قطره چشمی
GABAPENTIN,ریپنتین,کپسول,300 mg,خوراکی 
IRINOTECAN HYDROCHLORIDE,کامسبان,محلول,20 mg/1mL 5 mL,غلیظ تزریقی پرنترال
CO-AMOXICLAV,کلاموکس,پودر,250 mg/62.5 mg/5mL 100 mL,برای تهیه سوسپانسیون خوراکی
TIRZEPATIDE,اسپارتینا,محلول,5 mg/0.5mL mg,تزریقی زیر جلدی
CLOBETASOL PROPIONATE,کلوکورت,پماد,0.05 % 15 g,موضعی 
AMPICILLIN,آمپی سیلین,پودر,250 mg/5 mL 100 mL,برای تهیه سوسپانسیون خوراکی
METHYLPHENIDATE HYDROCHLORIDE,ریتالین,قرص,10 mg,خوراکی 
METHOTREXATE,ترگستا,محلول,25 mg/1mL 0.8 mg,تزریقی پرنترال
LEVODOPA / BENSERAZIDE,بنپارکین,قرص,200 mg/50 mg,خوراکی 
DICLOFENAC SODIUM,دیکلوپتین,"محلول،",0.1 % 5 mL,قطره چشمی
QUETIAPINE (AS FUMARATE),کوئمایند,قرص,100 mg,خوراکی 
ACETAMINOPHEN / GUAIFENESIN / PHENYLEPHRINE,ستادین-جی,شربت,125 mg/50 mg/2.5 mg/5mL 200 mL,خوراکی 
EMPAGLIFLOZIN / LINAGLIPTIN,امپاگلیفلوزین/ لیناگلیپتین,قرص,10 mg/5 mg,خوراکی 
ALBUMIN (HUMAN),آلبیومین,محلول,5 % 250 mL,تزریقی پرنترال
ESOMEPRAZOLE,نکسیو,کپسول,20 mg,انتریک کوتد خوراکی
SULFACETAMIDE SODIUM,باکتی ماید,,10 % 10 mL,"محلول، قطره چشمی"
BARICITINIB,باریسب,قرص,2 mg,خوراکی 
HEMODIALYSIS CONCENTRATED II ACIDIC,همودیالیز اسیدی II,محلول,4920 L,غلیظ همودیالیز
GABAPENTIN,اکتوپنتین,کپسول,300 mg,خوراکی 
PALBOCICLIB,سایبرین,کپسول,125 mg,خوراکی 
MOMETASONE FUROATE,نازونکس,"اسپری،",0.05 % 15 ug,سوسپانسیون از راه بینی
ACETAMINOPHEN,استاپرل,کپسول,325 mg,حاوی مایع خوراکی
VITAMIN D3,ویتامین د3 - حکیم,کپسول,50000 [iU],حاوی مایع خوراکی
DAPAGLIFLOZIN (AS PROPANEDIOL),زیگفورویت,قرص,10 mg,خوراکی 
OXCARBAZEPINE,اکس کاربازپین,قرص,300 mg,خوراکی 
EPINEPHRINE,اپی نفرین,تزریقی,1 mg/1mL 1 mL,پرنترال 
ENOXAPARIN SODIUM,انوکساپارین,تزریقی,100 mg/1mL 0.6 mL,پرنترال 
DIENOGEST,وروژست,قرص,2 mg,خوراکی 
FUSIDIC ACID / HYDROCORTISONE ACETATE,فوزیدیک - اچ,کرم,2 %/1 % 15 g,موضعی 
DIMETHYL FUMARATE,تکرا,کپسول,240 mg,انتریک کوتد خوراکی
PEGFILGRASTIM,تیناپگ,محلول,10 mg/1mL 0.6 mL,تزریقی پرنترال
MESALAZINE,مزالازین-عماد,شیاف,500 mg,مقعدی 
FLUTAMIDE,سوتامید,قرص,250 mg,خوراکی 
BISACODYL,وسکولاکس,قرص,5 mg,انتریک کوتد خوراکی
BETAHISTINE DIHYDROCHLORIDE,ویاسرک,قرص,8 mg,خوراکی 
ACETYLCYSTEINE,آوی ان استیل,قرص,600 mg,جوشان خوراکی
NITROGLYCERIN,نیتروگلیسیرین,کپسول,0.4 mg,حاوی مایع خوراکی
MELOXICAM,موبیک,قرص,15 mg,خوراکی 
ACETYLCHOLINE CHLORIDE,میووزین,تزریقی,1 % 2 mg,چشمی 
ASA (ACETYLSALICYLIC ACID),بهستان آسپیبه,قرص,81 mg,انتریک کوتد خوراکی
PHENYTOIN SODIUM,فنی توئین مدیفارم,کرم,1 % 30 g,موضعی 
ZOLPIDEM TARTRATE,امبینوکس,قرص,10 mg,خوراکی 
LOPERAMIDE HYDROCHLORIDE,لومیدکس,قرص,2 mg,خوراکی 
BECLOMETHASONE DIPROPIONATE,فوشال,آئروسل,250 ug/1{dose} 200 ug,با دوز اندازه گیری شده استنشاقی
CARVEDILOL,اینوتیو,قرص,6.25 mg,خوراکی 
RIVAROXABAN,ریواروکسابان,قرص,15 mg,خوراکی 
LAMOTRIGINE,لاموبیوژین,قرص,25 mg,خوراکی 
BETHANECHOL CHLORIDE,سیمپاکول,قرص,25 mg,خوراکی 
CEFTRIAXONE (AS SODIUM),آفاکسون,پودر,1 g g,برای تهیه محلول تزریقی پرنترال
PERITONEAL DIALYSIS II,دیالیز صفاقی II,محلول,22.7 g/1025.67 meq/3.5 meq/1.5 meq/35 meq/132 meq/1000 mL 5 L,داخل صفاقی
ESOMEPRAZOLE (AS MAGNESIUM),نکسیپِد,گرانول,10 mg g,انتریک کوتد خوراکی
PYRVINIUM,پیروینیوم نیکسادا,,50 mg/5mL 50 mL,سوسپانسیون خوراکی
ANTI-D IMMUNOGLOBULIN,ایمونورو,محلول,300 ug/2mL ug,تزریقی عضلانی
LANSOPRAZOLE,لانزو عبیدی,کپسول,15 mg,انتریک کوتد خوراکی
DOCETAXEL,انکوتاکسل,محلول,20 mg/1mL 4 mL,تزریقی داخل وریدی
VITAMIN A / VITAMIN D,ویتامین آ+د-سبحان,پماد,850 [iU]/85 [iU]/1g 30 g,موضعی 
ATORVASTATIN (AS CALCIUM),لیپوکم,قرص,40 mg,خوراکی 
ISOFLURANE,ایزوفلوران,اینهالر,100 % 250 mL,استنشاقی 
HEMODIALYSIS CONCENTRATED II ACIDIC,همودیالیز اسیدی غلیظ II,محلول,4920 mL,غلیظ همودیالیز
VINCRISTINE SULFATE,سل کریستین,تزریقی,1 mg/1mL 1 mg,پرنترال 
CLOBETASOL PROPIONATE,کلوبتازول,پماد,0.05 % 15 g,موضعی 
INSULIN GLARGINE,لانتوس سولواستار,تزریقی,100 [iU]/1mL 3 [iU],پرنترال 
CHLORDIAZEPOXIDE,پوکساکیم,قرص,10 mg,خوراکی 
ALUMINIUM HYDROXIDE / MAGNESIUM HYDROXIDE / SIMETHICONE,آلومینیوم ام جی اس,سوسپانسیون,225 mg/200 mg/25 mg/5mL 240 mm,خوراکی 
OMEPRAZOLE,رزاپرازول,کپسول,) 20 mg,(پلت های انتریک کوتد خوراکی
CARBOPROST,همابیت,تزریقی,250 ug/1mL 1 ug,عضلانی 
INSULIN GLULISINE,اپیدرا سولواستار,محلول,100 [iU]/1mL 3 [iU],تزریقی پرنترال
OXAZEPAM,اگزازپام-سبحان,قرص,10 mg,خوراکی 
EMPAGLIFLOZIN / LINAGLIPTIN / METFORMIN HYDROCHLORIDE,ترای‌تیس,قرص,25 mg/5 mg/1000 mg,پیوسته رهش خوراکی
ADULT COLD PREPARATIONS (4-3),مهباکلد,قرص,325 mg/5 mg/2 mg,خوراکی 
MORPHINE SULFATE,اپی رکت,شیاف,10 mg,مقعدی 
DICLOFENAC SODIUM,دیکلوفناک سدیم,شیاف,100 mg,مقعدی 
LANSOPRAZOLE,لانسوپرازول-ثنامد,کپسول,30 mg,انتریک کوتد خوراکی
RIVASTIGMINE (AS HYDROGEN TARTRATE),ریواکسون,کپسول,1.5 mg,خوراکی 
SERTACONAZOLE NITRATE,سرونازول,کرم,2 % 30 g,موضعی 
RIFAMPICIN,ریفامپین,کپسول,300 mg,خوراکی 
SACUBITRIL / VALSARTAN,ساکوبیتریل / والسارتان,قرص,49 mg/51 mg,خوراکی 
CETIRIZINE HYDROCHLORIDE,آلراژل,کپسول,10 mg,حاوی مایع خوراکی
BUDESONIDE,بودژیت,کپسول,3 mg,انتریک کوتد خوراکی
HEMODIALYSIS CONCENTRATED II ACIDIC,همودیالیز اسیدی II,محلول,4920 mL,غلیظ همودیالیز
CEFEPIME (AS HYDROCHLORIDE),سپیماکس,پودر,2 g g,برای تهیه محلول تزریقی پرنترال
DICLOFENAC DIETHYLAMMONIUM,دیکلوفناک,ژل,1 % 60 g,موضعی 
AMLODIPINE (AS BESILATE) / VALSARTAN,والفورت,قرص,5 mg/160 mg,خوراکی 
TIRZEPATIDE,اسپارتینا,محلول,2.5 mg/0.6 mL mL,تزریقی پرنترال
TORSEMIDE,تورزماید,قرص,10 mg,خوراکی 
CEFIXIME,ایراپراکس,پودر,100 mg/5 mL 100 g,برای تهیه سوسپانسیون خوراکی
FLUOROMETHOLONE,مای فلون,"سوسپانسیون،",0.1 % 5 mL,قطره چشمی
BUDESONIDE,پالمیکورت نبولایزر,سوسپانسیون,0.25 mg/1mL 2 mg,استنشاقی 
OFLOXACIN,افلوکینول,قرص,200 mg,خوراکی 
GEMCITABINE (AS HYDROCHLORIDE),انکوزار,پودر,200 mg mg,لئوفیلیزه برای تهیه محلول تزریقی پرنترال
LEVETIRACETAM,اپی ستام,,250 mg,قرص خوراکی
RIVASTIGMINE (AS HYDROGEN TARTRATE),ریواستیگمین سها,کپسول,3 mg,خوراکی 
ATORVASTATIN (AS CALCIUM),لیپوتین,قرص,20 mg,خوراکی 
METRONIDAZOLE (AS BENZOATE),مترونیدازول,سوسپانسیون,125 mg/5mL 120 mL,خوراکی 
FLUVOXAMINE MALEATE,فلووکسامین مالئات,قرص,50 mg,خوراکی 
VALPROATE SODIUM,والپروسد,قرص,200 mg,انتریک کوتد خوراکی
CHLORPHENIRAMINE MALEATE,فنیرا,قرص,4 mg,خوراکی 
BOSENTAN,تراپوس,قرص,125 mg,خوراکی 
VENLAFAXINE,دپرکسین,قرص,75 mg,خوراکی 
SODIUM CHLORIDE,انرکسو ان اس,محلول,0.9 % 500 mL,تزریقی پرنترال
ACETAMINOPHEN / CAFFEINE / IBUPROFEN,رهافن,کپسول,325 mg/40 mg/200 mg,خوراکی 
WARFARIN SODIUM,وارف-5,قرص,5 mg,خوراکی 
AMLODIPINE (AS BESILATE) / TELMISARTAN,آملو تلمیک,قرص,5 mg/80 mg,خوراکی 
PHENYLEPHRINE HYDROCHLORIDE,فنیل افرین,"محلول،",0.25 % 10 mL,قطره از راه بینی
OSELTAMIVIR (AS PHOSPHATE),فلو-بان,کپسول,30 mg,خوراکی 
USTEKINUMAB,استلارا,محلول,5 mg/1mL 26 mg,غلیظ تزریقی پرنترال
HYDROXYUREA,سایتودروکس,کپسول,500 mg,خوراکی 
ACETAMINOPHEN / CODEINE PHOSPHATE,تمپرافن-سی,کپسول,300 mg/20 mg,حاوی مایع خوراکی
SULFACETAMIDE SODIUM,سلامید-آی,"محلول،",20 % 10 mL,قطره چشمی
POTASSIUM CHLORIDE,پتاسیم کلراید,محلول,20 meq/15mL mL,خوراکی 
NITROGLYCERIN,نیترولینگوال,اسپری,400 ug/1{dose} 200 mL,زیرزبانی 
AZITHROMYCIN,آزیترومایسین,کپسول,500 mg,خوراکی 
TAMOXIFEN,نولوامون,قرص,20 mg,خوراکی 
DACTINOMYCIN,داکتوما,پودر,0.5 mg mg,برای تهیه محلول تزریقی پرنترال
VALSARTAN,آدوان,قرص,80 mg,خوراکی 
TERAZOSIN,ترازوکیم,قرص,2 mg,خوراکی 
MONTELUKAST (AS SODIUM),ملوکاست,قرص,10 mg,خوراکی 
MIDODRINE HYDROCHLORIDE,میدوکوین,قرص,2.5 mg,خوراکی 
CYPROHEPTADINE HYDROCHLORIDE,راسیپ,محلول,2 mg/5mL 200 mL,خوراکی 
ISOTRETINOIN,روآکوتان,ژل,0.05 % 30 g,موضعی 
LOMUSTINE,لوموستین مداک,کپسول,40 mg,خوراکی 
BUSERELIN ACETATE,سینافکت,تزریقی,1 mg/1mL 5.5 mg,پرنترال 
PALONOSETRON (AS HYDROCHLORIDE),پالنوست,محلول,0.05 mg/1mL 5 mg,تزریقی پرنترال
DOMPERIDONE,دومپریدون,سوسپانسیون,1 mg/1 mL 120 mL,خوراکی 
AMPHOTERICIN B LIPOSOME,آمفونکس,پودر,50 mg mg,برای تهیه محلول تزریقی پرنترال
LITHIUM CARBONATE,لیتمون,قرص,300 mg,خوراکی 
ASA (ACETYLSALICYLIC ACID),آ اس آ (استیل سالیسیلیک اسید),قرص,80 mg,انتریک کوتد خوراکی
TINIDAZOLE,تینافاس,قرص,500 mg,خوراکی 
TORSEMIDE,تورزاید,قرص,100 mg,خوراکی 
LORAZEPAM,لورازپام,تزریقی,2 mg/1mL mL,پرنترال 
ERYTHROMYCIN,اریترومایسین,محلول,4 % 60 mL,موضعی 
IOPROMIDE,اولتراویست,تزریقی,300 mg/1mL 50 mL,پرنترال 
CHLORDIAZEPOXIDE,للوکساید,قرص,10 mg,خوراکی 
HYOSCINE-N-BUTYL BROMIDE,هیوسین-ان-بوتیل بروماید-اکسیر,تزریقی,20 mg/1mL mL,پرنترال 
METOCLOPRAMIDE (AS HYDROCHLORIDE),متوکلوپرامید,تزریقی,5 mg/1mL 2 mg,پرنترال 
LOSARTAN POTASSIUM,لوزاتن,قرص,50 mg,خوراکی 
IBUPROFEN,ایبوفین,قرص,400 mg,خوراکی 
TIMOLOL (AS MALEATE),تیمولول,"محلول،",0.5 % 5 mL,قطره چشمی
MOMETASONE FUROATE,مومتازون-بهوزان,پماد,0.1 % 30 g,موضعی 
CEFTRIAXONE (AS SODIUM),سفتراکس,پودر,1 g g,برای تهیه محلول تزریقی پرنترال
MINOXIDIL,ماینوکسیدیل,محلول,50 mg/1mL 50 mL,موضعی 
AMOXICILLIN,فاراموکس,قرص,500 mg,خوراکی 
EMPAGLIFLOZIN,امپاتوس,قرص,25 mg,خوراکی 
CROMOLYN SODIUM,رینومکسان,اسپری,20 mg/1mL 13 mL,از راه بینی
"CALCITONIN, SALMON",نازوکلسین,اسپری,200 [iU]/1{Puff} 14 {Puff},از راه بینی
DORZOLAMIDE (AS HYDROCHLORIDE) / TIMOLOL (AS MALEATE),دورزومول-پی بی ای,"محلول،",2 %/0.5 % 5 mL,قطره چشمی
MESALAZINE,اینتسا,کپسول,500 mg,پیوسته رهش خوراکی
DEXTROSE,بیوفلکس,محلول,10 % 500 mL,تزریقی داخل وریدی
TACROLIMUS,پروگرف,کپسول,1 mg,خوراکی 
BISOPROLOL FUMARATE,زباکر,قرص,2.5 mg,خوراکی 
MOMETASONE FUROATE,نازونکس,"اسپری،",0.05 % 15 mg,سوسپانسیون از راه بینی
ESTRADIOL VALERATE,استرادیول والرات,تزریقی,10 mg/1mL mg,پرنترال 
SEVELAMER CARBONATE,رنوکس,قرص,800 mg,خوراکی 
PEGFILGRASTIM,کیدی پگ,محلول,10 mg/1mL 0.3 mg,تزریقی پرنترال
POLYETHYLENE GLYCOL,پلی اتیلن گلایکول,پودر,70 g,خوراکی 
SELENIUM SULFIDE,سلوزان,شامپو,2.5 % 150 mL,موضعی 
IPRATROPIUM BROMIDE / SALBUTAMOL (AS SULFATE),ایپراسال,محلول,200 ug/1 mg/1mL 2.5 mm,استنشاقی 
ETOMIDATE,امیدیت,تزریقی,2 mg/1mL 10 mL,پرنترال 
DESLORATADINE,دس لوراتادین,شربت,2.5 mg/5 mL 120 mL,خوراکی 
LOSARTAN POTASSIUM,لوزار,قرص,25 mg,خوراکی 
TERAZOSIN,ترازوسین آریا,قرص,2 mg,خوراکی 
LANSOPRAZOLE,لنسوپرکس,کپسول,30 mg,انتریک کوتد خوراکی
METHYLPREDNISOLONE (AS SODIUM SUCCINATE),مدرولین,پودر,500 mg mg,برای تهیه محلول تزریقی پرنترال
SUCCIMER,سوکسیمر,کپسول,200 mg,خوراکی 
DOCETAXEL,الوتر,محلول,20 mg/1mL 1 mg,تزریقی داخل وریدی
KETOTIFEN (AS FUMARATE),کتوبایوفن,"محلول،",0.025 % 5 mL,قطره چشمی
METFORMIN HYDROCHLORIDE,زوگر,قرص,750 mg,پیوسته رهش خوراکی
LARONIDASE,آلدورازایم,تزریقی,0.58 mg/1mL 5 mL,پرنترال 
METFORMIN HYDROCHLORIDE / LINAGLIPTIN,لینفورتکس,قرص,1000 mg/2.5 mg,خوراکی 
HYDROCORTISONE ACETATE,هیدروکورتیزون-ناژو,پماد,1 % 3 g,چشمی 
IBUPROFEN,ایبوپین,قرص,400 mg,خوراکی 
OCTREOTIDE (AS ACETATE),اوکتروتاید,پودر,30 mg mg,برای تهیه سوسپانسیون تزریقی پیوسته رهش پرنترال
ORLISTAT,ونوستات,کپسول,120 mg,خوراکی 
PETHIDINE HYDROCHLORIDE,رلیدین,تزریقی,25 mg/1mL 1 mL,پرنترال 
ROSUVASTATIN (AS CALCIUM),رزوواستاتین-سبحان,قرص,10 mg,خوراکی 
BETAHISTINE DIHYDROCHLORIDE,ورتیکات,قرص,8 mg,خوراکی 
PROPAFENONE HYDROCHLORIDE,پرونون,قرص,300 mg,خوراکی 
BROMHEXINE HYDROCHLORIDE,بلتیل,محلول,4 mg/5mL 60 mL,خوراکی 
TRACE METAL COMBINATION (3),پدیتریس,تزریقی,521 ug/53.7 ug/3.6 ug/6.66 ug/126 ug/1.31 ug/1mL 10 mL,پرنترال 
DOXORUBICIN HYDROCHLORIDE,آدریاکس,محلول,2 mg/1mL 5 mg,غلیظ تزریقی پرنترال
DAPAGLIFLOZIN (AS PROPANEDIOL),فاکسیبت,قرص,5 mg,خوراکی 
KETOROLAC TROMETAMOL,کتروفال,محلول,30 mg/1mL 1 mL,تزریقی پرنترال
THIOGUANINE,تیوگوانین اسپن,قرص,40 mg,خوراکی 
DEXAMETHASONE PHOSPHATE,دکسون,"محلول،",0.1 % 5 mL,قطره چشمی
CEFIXIME,لوپراکس,قرص,400 mg,خوراکی 
IOHEXOL,اوپاکسول,تزریقی,300 mg/1mL 50 mL,پرنترال 
GENTAMICIN,جنتکس,پماد,3 mg/1g 3 g,چشمی 
MIRABEGRON,بتزگا,قرص,25 mg,پیوسته رهش خوراکی
CLOBAZAM,کلوبالپس,سوسپانسیون,2.5 mg/1mL 120 mL,خوراکی 
METFORMIN HYDROCHLORIDE,متفورسام,قرص,1000 mg,خوراکی 
TELMISARTAN / HYDROCHLOROTHIAZIDE,آربیکور-پلاس,قرص,40 mg/12.5 mg,خوراکی 
CISPLATIN,سیسپلات,محلول,1 mg/1mL 50 mL,غلیظ تزریقی داخل وریدی
LEVETIRACETAM,لوبل,قرص,500 mg,خوراکی 
SOLIFENACIN SUCCINATE,سولیفکس,قرص,5 mg,خوراکی 
ZOLEDRONIC ACID,فرکتا,تزریقی,4 mg/5mL mg,پرنترال 
CLOTRIMAZOLE,کانسدرم,کرم,1 % 50 g,واژینال 
ACETAMINOPHEN / CAFFEINE,کدیمال اکسترا,قرص,500 mg/65 mg,خوراکی 
ATORVASTATIN (AS CALCIUM),بایوتور,قرص,10 mg,خوراکی 
CASPOFUNGIN ACETATE,کسپوفونژین,پودر,50 mg mg,برای تهیه محلول تزریقی پرنترال
GADOBUTROL,سولاویس,تزریقی,604.72 mg/1mL 15 mL,پرنترال 
CETIRIZINE HYDROCHLORIDE,ستیریزین-ناژو,قرص,10 mg,خوراکی 
GABAPENTIN,نوپینتین,کپسول,300 mg,خوراکی 
PERITONEAL DIALYSIS I,دیالیز صفاقی I,محلول,13.62 g/132 meq/3.5 meq/1.5 meq/35 meq/102 meq/1000 mL 2 L,داخل صفاقی
ZOLEDRONIC ACID,زولنا,تزریقی,4 mg/5mL mL,پرنترال 
EVEROLIMUS,ایورولیا,قرص,5 mg,خوراکی 
TRAZODONE HYDROCHLORIDE,ترازولکس,قرص,50 mg,خوراکی 
TETRACYCLINE HYDROCHLORIDE,تتراسایکلین,پماد,3 % 15 g,موضعی 
CO-AMOXICLAV,کلاویسیلین,پودر,400 mg/57 mg/5 mL 100 mL,برای تهیه سوسپانسیون خوراکی
ATORVASTATIN (AS CALCIUM),آتورکسین,قرص,40 mg,خوراکی 
SILDENAFIL (AS CITRATE),ویزارکت,قرص,100 mg,خوراکی 
ADULT COLD PREPARATIONS (4-1),رهامون,قرص,500 mg/5 mg/25 mg,خوراکی 
METFORMIN HYDROCHLORIDE,متفورمین آریا,قرص,500 mg,خوراکی 
ACETYLCYSTEINE,استی - لانگ,قرص,600 mg,جوشان خوراکی
CYPROTERONE COMPOUND,اتیسترون,قرص,2 mg/0.035 mg,خوراکی 
DAUNORUBICIN (AS HYDROCHLORIDE),دائنئون,پودر,20 mg mg,برای تهیه محلول تزریقی پرنترال
CEFEPIME (AS HYDROCHLORIDE),اکسی پیم,پودر,1 g g,برای تهیه محلول تزریقی پرنترال
VONOPRAZAN (AS FUMARATE),هلیپراز,قرص,10 mg,خوراکی 
ENOXAPARIN SODIUM,انوکسیر,تزریقی,100 mg/1mL 0.8 mL,پرنترال 
IOHEXOL,امنی گرف,تزریقی,350 mg/1mL 50 mg,پرنترال 
BISOPROLOL FUMARATE,ّّّّزبرال,قرص,5 mg,خوراکی 
IMATINIB (AS MESYLATE),زیوک,قرص,400 mg,خوراکی 
ALENDRONIC ACID / COLECALCIFEROL,آلندرونیک اسید/کوله کلسیفرول,قرص,70 mg/140 ug,خوراکی 
BISOPROLOL FUMARATE / HYDROCHLOROTHIAZIDE,پروفام-اچ,قرص,5 mg/6.25 mg,خوراکی 
PROPRANOLOL HYDROCHLORIDE,پروپرانولول,شربت,4.28 mg/1mL 60 mL,خوراکی 
DULOXETINE,لوکستا,کپسول,30 mg,انتریک کوتد خوراکی
CROMOLYN SODIUM,ویزوکروم,محلول,20 mg/1mL 5 mL,چشمی 
IBUPROFEN,جالیفن,کپسول,400 mg,حاوی مایع خوراکی
RIFAXIMIN,زیگات,قرص,550 mg,خوراکی 
ACETAMINOPHEN / CODEINE PHOSPHATE,استامینوفن/کدئین,کپسول,300 mg/20 mg,حاوی مایع خوراکی
TRIPLE SULFA,تریپل سولفا,قرص,172.5 mg/143.75 mg/184 mg,واژینال 
GADOTERATE MEGLUMINE,کلاریسکن,تزریقی,376.9 mg/1mL 15 mL,پرنترال 
LABETALOL HYDROCHLORIDE,لابتالول,تزریقی,5 mg/1mL 20 mL,پرنترال 
FACTOR VIIA,آریوسون,پودر,1.2 mg mg,لئوفیلیزه برای تهیه محلول تزریقی پرنترال
AMPHOTERICIN B LIPOSOME,آمبیزوم,پودر,50 mg mg,برای تهیه محلول تزریقی پرنترال
AMPICILLIN,آمپی سیلین,پودر,125 mg/5 mL 100 mL,برای تهیه سوسپانسیون خوراکی
KETOTIFEN (AS FUMARATE),زادیکس,شربت,1 mg/5mL 60 mL,خوراکی 
VALPROATE SODIUM,اپیلیم,,200 mg/5mL 300 g,شربت خوراکی
ANTIHEMORRHOID,آفی رکتیل,شیاف,60 mg/5 mg/50 mg/400 mg,مقعدی 
DARATUMUMAB,دارزالکس,محلول,120 mg/1 mL 15 mg,تزریقی پرنترال
AMPICILLIN / SULBACTAM,آمپی سول,پودر,2 g/1 g g,برای تهیه محلول تزریقی پرنترال
BETAMETHASONE (AS VALERATE),بتامتازون- ناژو,لوسیون,0.1 % 20 mL,موضعی 
PACLITAXEL,پاکلکس,تزریقی,6 mg/1mL 5 mg,پرنترال 
ACETAMINOPHEN / CAFFEINE,اکتوفن اکسترا,قرص,500 mg/65 mg,جوشان خوراکی
RIVAROXABAN,آکسابین,قرص,15 mg,خوراکی 
LETROZOLE,فمارز,قرص,2.5 mg,خوراکی 
ACETAMINOPHEN,استامینوفن نیکسادا,"محلول،",100 mg/1mL 15 mL,قطره خوراکی
TIMOLOL (AS MALEATE),اپتوتیم- پی بی ای,"محلول،",0.5 % 5 mL,قطره چشمی
TRANEXAMIC ACID,ترانزپتیل,کپسول,250 mg,خوراکی 
ACETAMINOPHEN,ولوتیل,"سوسپانسیون،",100 mg/1mL 15 mL,قطره خوراکی
ALLOPURINOL,آلوکیم,قرص,300 mg,خوراکی 
DICLOFENAC SODIUM,دیکلوفناک بهسا,شیاف,100 mg,مقعدی 
GEFITINIB,جفیتیب,قرص,250 mg,خوراکی 
METFORMIN HYDROCHLORIDE,نودیاکس,قرص,500 mg,خوراکی 
BETHANECHOL CHLORIDE,مایوکر,قرص,10 mg,خوراکی 
CO-AMOXICLAV,کلاموکس,قرص,500 mg/125 mg,خوراکی 
AMOXICILLIN,آفاموکس,پودر,125 mg/5mL 100 mg,برای تهیه سوسپانسیون خوراکی
CLOTRIMAZOLE / BETAMETHASONE (AS DIPROPIONATE),کلوتریزون,لوسیون,1 %/0.05 % 30 mL,موضعی 
EXPECTORANT CODEINE,پکتورامین-سی,شربت,100 mg/30 mg/10 mg/5 mL 60 mL,خوراکی 
DASATINIB,داسانیب,قرص,50 mg,خوراکی 
ESCITALOPRAM (AS OXALATE),نئوژینکس,قرص,10 mg,خوراکی 
METOPROLOL SUCCINATE,آنژیپول,قرص,23.75 mg,پیوسته رهش خوراکی
DEXPANTHENOL,دکسپنتانول واریو,محلول,250 mg/1mL 2 mL,تزریقی پرنترال
OMEPRAZOLE,اکتاپ,کپسول,) 20 mg,(پلت های انتریک کوتد خوراکی
PENICILLIN G PROCAINE,پروکا-پن,پودر,800000 [iU] [iU],برای تهیه فرآورده تزریقی پرنترال
DOCETAXEL,السوتر,محلول,20 mg/1mL 1 mL,تزریقی داخل وریدی
DICLOFENAC SODIUM,پنوفت-آی,"محلول،",0.1 % 5 mL,قطره چشمی
FEXOFENADINE HYDROCHLORIDE,فکسوکیم,قرص,120 mg,خوراکی 
MINOCYCLINE (AS HYDROCHLORIDE),آکنوسیکلین,کپسول,100 mg,خوراکی 
THALIDOMIDE,تالیدکس,قرص,100 mg,خوراکی 
PANTOPRAZOLE (AS SODIUM SESQUIHYDRATE),پنتومید,قرص,40 mg,انتریک کوتد خوراکی
DAPSONE,داپسون,ژل,5 % 30 g,موضعی 
LIPID INFUSION 20% (2),اسموف لیپید 20%,محلول,250 mL,تزریقی داخل وریدی
EMPAGLIFLOZIN / LINAGLIPTIN / METFORMIN HYDROCHLORIDE,ترای‌تیس,قرص,5 mg/2.5 mg/1000 mg,پیوسته رهش خوراکی
LATANOPROST,گلوک-آی,"محلول،",50 ug/1mL 2.5 mg,قطره چشمی
SILODOSIN,آپریلو,کپسول,8 mg,خوراکی 
DULOXETINE,سیمبالتین,کپسول,20 mg,انتریک کوتد خوراکی
DICLOFENAC POTASSIUM,پتافناک,قرص,50 mg,خوراکی 
LENVATINIB (AS MESILATE),لنوازا,کپسول,4 mg,خوراکی 
ATOMOXETINE HYDROCHLORIDE,آتوموکستین,کپسول,10 mg,خوراکی 
FILGRASTIM,اکسی پوژن,تزریقی,600 ug/1mL 0.5 mL,پرنترال 
RIVAROXABAN,زارکسا,قرص,15 mg,خوراکی 
BISOPROLOL FUMARATE,پروفام,قرص,5 mg,خوراکی 
SELENIUM SULFIDE,سلسیوم,شامپو,2.5 % 150 mL,موضعی 
LEVOFLOXACIN,لووفلوکساسین در دکستروز,محلول,5 mg/1mL 100 mL,تزریقی داخل وریدی
OLANZAPINE,الازین,قرص,2.5 mg,خوراکی 
IBRUTINIB,لوکماید,قرص,420 mg,خوراکی 
LEVOFLOXACIN,لووفلوکساسین,محلول,25 mg/1mL 20 mL,غلیظ تزریقی پرنترال
PRIMIDONE,لیسکانتین,قرص,250 mg,خوراکی 
TRASTUZUMAB DERUXTECAN,تدروکس,پودر,100 mg mg,برای تهیه محلول تزریقی پرنترال
METFORMIN HYDROCHLORIDE,رهامت,قرص,500 mg,خوراکی 
AMIODARONE HYDROCHLORIDE,بهریتمین,قرص,200 mg,خوراکی 
LAMOTRIGINE,لاموتریژین,قرص,25 mg,خوراکی 
ATORVASTATIN (AS CALCIUM),لیپیتکس,قرص,40 mg,خوراکی 
POVIDONE IODINE,پوویدون آیداین,محلول,10 % 3800 L,موضعی 
TRAMADOL HYDROCHLORIDE,ترامد,قرص,100 mg,خوراکی 
ADULT COLD PREPARATIONS (4-3),زاگروکلد,قرص,325 mg/5 mg/2 mg,خوراکی 
SALMETEROL (AS XINAFOATE) / FLUTICASONE PROPIONATE,سالمترول/فلوتیکازون,آئروسل,25 ug/250 ug/1{dose} 120 {Puff},با دوز اندازه گیری شده استنشاقی
CEFAZOLIN,سفازولین,پودر,500 mg mg,برای تهیه محلول تزریقی پرنترال
CLINDAMYCIN (AS PHOSPHATE) / CLOTRIMAZOLE,دالاواگ-سی,,2 %/2 % 40 g,کرم واژینال
AMIODARONE HYDROCHLORIDE,آمیوفارم,قرص,200 mg,خوراکی 
MIRTAZAPINE,تازادپ,قرص,30 mg,خوراکی 
TETRACOSACTIDE,سیناکتن,تزریقی,250 ug/1mL ug,پرنترال 
BIMATOPROST,اکسیلیا,"محلول،",0.03 % 3 mL,قطره چشمی
EMPAGLIFLOZIN / METFORMIN HYDROCHLORIDE,گلایسنمین,قرص,5 mg/500 mg,خوراکی 
BUPIVACAINE HYDROCHLORIDE,مارکووار,تزریقی,0.5 % 4 mL,داخل نخاعی
FERRIC CARBOXYMALTOSE,فریک کربوکسی مالتوز-آرنگ,تزریقی,50 mg/1mL 10 mg,پرنترال 
TIGECYCLINE,تیگامکس,پودر,50 mg mg,لئوفیلیزه برای تهیه محلول تزریقی پرنترال
IBUPROFEN,فنوفن,تزریقی,5 mg/1mL 2 mL,داخل وریدی
KETOTIFEN (AS FUMARATE),کتوتیفن-حکیم,شربت,1 mg/5mL 120 mL,خوراکی 
VALSARTAN,والسارتان-ثنامد,قرص,160 mg,خوراکی 
BORTEZOMIB,زومیبا,پودر,3.5 mg mg,لئوفیلیزه برای تهیه محلول تزریقی پرنترال
MONTELUKAST (AS SODIUM),آسمورال,قرص,5 mg,جویدنی خوراکی
IBUPROFEN,دراستیفن,قرص,800 mg,پیوسته رهش خوراکی
FLUTICASONE PROPIONATE,فلوهیل,اینهالر,125 ug/1{dose} 120 {Puff},استنشاقی 
PACLITAXEL,الوپکس,تزریقی,6 mg/1mL 50 mg,پرنترال 
PROPYLTHIOURACIL,پرواوراسیل,قرص,50 mg,خوراکی 
CYCLOPHOSPHAMIDE,اندوکسان,پودر,1 g mg,برای تهیه محلول تزریقی پرنترال
TRIAMCINOLONE ACETONIDE,تریامسینولون-اکسیر,تزریقی,40 mg/1mL 1 mL,پرنترال 
CELECOXIB,آوی کوکسیب,کپسول,200 mg,خوراکی 
NOREPINEPHRINE (AS BITARTRATE),نورادرنالینا باسی,محلول,1 mg/1mL 4 mg,غلیظ تزریقی پرنترال
NITROFURANTOIN,نیتروفورانتوئین سها,قرص,100 mg,خوراکی 
IDARUBICIN HYDROCHLORIDE,ایدانترا,محلول,1 mg/1mL 10 mg,تزریقی پرنترال
PROPOFOL,پروپوفول-لیپورو,امولسیون,10 mg/1mL 20 mg,تزریقی پرنترال
SERTRALINE (AS HYDROCHLORIDE),سرترابایول,قرص,50 mg,خوراکی 
BECLOMETHASONE DIPROPIONATE,بکلومتازون,اینهالر,50 ug/1{dose} 200 {Puff},استنشاقی 
DULOXETINE,لوکسور,کپسول,20 mg,انتریک کوتد خوراکی
PROSTAGLANDIN E1 (ALPROSTADIL),کاورجکت,محلول,20 ug/1mL mg,غلیظ تزریقی پرنترال
ATOMOXETINE HYDROCHLORIDE,استراموکس,کپسول,40 mg,خوراکی 
QUETIAPINE (AS FUMARATE),کوئنتیاکس,قرص,100 mg,خوراکی 
TRANEXAMIC ACID,تگزانیک,کپسول,250 mg,خوراکی 
CO-AMOXICLAV,کلاویسیلین,پودر,250 mg/62.5 mg/5mL 100 mL,برای تهیه سوسپانسیون خوراکی
AMINO ACID 10% PAEDIATRIC (1),آمینوون اینفنت 10%,محلول,250 mL,تزریقی داخل وریدی
TACROLIMUS,پروگرف,کپسول,1 mg,خوراکی 
AMLODIPINE (AS BESILATE) / BISOPROLOL FUMARATE,بیکسوپرول-آ,قرص,5 mg/5 mg,خوراکی 
SOTALOL HYDROCHLORIDE,سوتالول,قرص,80 mg,خوراکی 
PACLITAXEL,الوپکس,تزریقی,6 mg/1mL 50 mg,پرنترال 
BUDESONIDE,آفیزوناید,اسپری,64 ug/1{dose} 120 mL,از راه بینی
ARSENIC TRIOXIDE,آرسدال,تزریقی,0.1 % 10 mg,پرنترال 
DICLOFENAC POTASSIUM,دیکلوفناک پتاسیم,کپسول,25 mg,حاوی مایع خوراکی
POVIDONE IODINE,پوویدون آیداین,محلول,7.5 % 1 L,موضعی 
TORSEMIDE,تورزاید,قرص,5 mg,خوراکی 
AZITHROMYCIN,زیتروسد,کپسول,250 mg,خوراکی 
SEMAGLUTIDE,سویما,محلول,4 mg/3 mL mL,تزریقی پرنترال
ATOMOXETINE HYDROCHLORIDE,استراموکس,کپسول,60 mg,خوراکی 
ACETYLSALICYLIC ACID / CLOPIDOGREL (AS BISULFATE),آ.اس.آ / کلوپیدوگرل,قرص,75 mg/75 mg,خوراکی 
IBRUTINIB,ایبریوا,کپسول,140 mg,خوراکی 
LENALIDOMIDE,لنوما,کپسول,10 mg,خوراکی 
GABAPENTIN,گاباپنتین-شفا,کپسول,100 mg,خوراکی 
ACICLOVIR,آسیکلوویر,پودر,500 mg mg,برای تهیه محلول تزریقی پرنترال
MODAFINIL,مدافینیل,قرص,100 mg,خوراکی 
IBUPROFEN (AS LYSINE),ایبوپروفن لیزین,قرص,400 mg,خوراکی 
LINAGLIPTIN,لینوسنزا,قرص,5 mg,خوراکی 
KETOTIFEN (AS FUMARATE),پریتیفن,شربت,1 mg/5mL 60 mL,خوراکی 
HYDROCORTISONE ACETATE,هیدروکورتیزون-عماد,کرم,1 % 15 g,موضعی 
ALENDRONATE (AS SODIUM),فوزاماکس,قرص,70 mg,خوراکی 
METFORMIN HYDROCHLORIDE / GLIBENCLAMIDE,متفورمین /گلی بنکلامید,قرص,500 mg/5 mg,خوراکی 
METRONIDAZOLE (AS BENZOATE),فاژی کید,سوسپانسیون,125 mg/5mL 120 mL,خوراکی 
AMLODIPINE (AS BESILATE) / VALSARTAN,پریلکس,قرص,5 mg/80 mg,خوراکی 
SPIRONOLACTONE,اسلاکتون,قرص,25 mg,خوراکی 
IBUPROFEN,ادویفن,کپسول,400 mg,حاوی مایع خوراکی
ADULT COLD PREPARATIONS (7-23),نوریز کاف,قرص,15 mg/2 mg/5 mg/500 mg,خوراکی 
MUPIROCIN,موپیروسین,پماد,2 % 15 g,موضعی 
AMLODIPINE (AS BESILATE) / VALSARTAN,آملودیپین/والسارتان,قرص,5 mg/160 mg,خوراکی 
AZITHROMYCIN,آزیترومایسین,کپسول,500 mg,خوراکی 
DAPAGLIFLOZIN (AS PROPANEDIOL) / METFORMIN HYDROCHLORIDE,فاکسیبت پلاس,قرص,5 mg/1000 mg,پیوسته رهش خوراکی
PERMETHRIN,نیکسامل,کرم,1 % 60 g,موضعی 
DASATINIB,داساتینیب,قرص,70 mg,خوراکی 
DIAZOXIDE,یودمین,قرص,50 mg,خوراکی 
SUMATRIPTAN (AS SUCCINATE),بایوتریپتان,قرص,50 mg,خوراکی 
ICHTHYOL,ایکتیول-حنان,پماد,10 % 15 g,موضعی 
INTERFERON GAMMA-1B,گامارک,محلول,100 ug/0.5mL ug,تزریقی پرنترال
CLINDAMYCIN (AS HYDROCHLORIDE),دالاسین,کپسول,150 mg,خوراکی 
METOPROLOL TARTRATE,متاکسیر,قرص,50 mg,خوراکی 
TETRACYCLINE HYDROCHLORIDE,تتراسایکلین -عماد,پماد,3 % 15 g,موضعی 
FEXOFENADINE HYDROCHLORIDE,سدآف,قرص,120 mg,خوراکی 
ACETAMINOPHEN,کوریزان کودکان درد و تب,سوسپانسیون,120 mg/5mL 120 mL,خوراکی 
DACARBAZINE,دی تی آی,پودر,100 mg mg,برای تهیه محلول تزریقی پرنترال
HYDROXYUREA,هیدروکسی اوره-مداوا,کپسول,500 mg,خوراکی 
METFORMIN HYDROCHLORIDE,مهبامت,قرص,1000 mg,خوراکی 
PIOGLITAZONE,دیادر,قرص,15 mg,خوراکی 
TETRACAINE HYDROCHLORIDE,آنستوکائین,"محلول،",0.5 % 10 mL,قطره چشمی
URSODEOXYCHOLIC ACID,اورسو داکسی کولیک اسید,کپسول,250 mg,خوراکی 
TIOTROPIUM (AS BROMIDE),کی پی-تیوا,کپسول,18 ug,استنشاقی 
ALPRAZOLAM,سدالام,قرص,0.5 mg,خوراکی 
FLUOXETINE (AS HYDROCHLORIDE),فلوکسومید,کپسول,90 mg,انتریک کوتد خوراکی
DIGOXIN,دیگوکسین,قرص,0.25 mg,خوراکی 
VALPROATE SODIUM,سیمیوال,قرص,200 mg,انتریک کوتد خوراکی
ATRACURIUM BESYLATE,آتراکوریوم,تزریقی,10 mg/1mL 5 mL,پرنترال 
QUETIAPINE (AS FUMARATE),ترانکوپین,قرص,150 mg,پیوسته رهش خوراکی
RIFAXIMIN,فاکسی رین,قرص,200 mg,خوراکی 
SEVOFLURANE,سوجورن,اینهالر,250 mL mL,استنشاقی 
ROPINIROLE (AS HYDROCHLORIDE),روپینیل,قرص,1 mg,خوراکی 
MIDAZOLAM,میدازولام,تزریقی,5 mg/1mL 1 mL,پرنترال 
DESLORATADINE,آلرگوتیک,شربت,2.5 mg/5 mL 120 mL,خوراکی 
ALUMINIUM HYDROXIDE / MAGNESIUM HYDROXIDE,مالوژل,سوسپانسیون,225 mg/200 mg/5 mL 240 mL,خوراکی 
INSULIN ASPART,ویتاسپالن میکس,سوسپانسیون,100 [iU]/1mL 3 mL,تزریقی پرنترال
SACUBITRIL / VALSARTAN,اسکادیا,قرص,24 mg/26 mg,خوراکی 
PALBOCICLIB,پالبوسیکلیب,کپسول,100 mg,خوراکی 
EPLERENONE,اپرینسا,قرص,50 mg,خوراکی 
PERMETHRIN,پرمترین-عماد,کرم,5 % 30 g,موضعی 
ROSUVASTATIN (AS CALCIUM),رزوکسیر,قرص,20 mg,خوراکی 
BUPROPION HYDROCHLORIDE,بوپرکسیر,قرص,150 mg,پیوسته رهش خوراکی
APIXABAN,آپیرابان,قرص,5 mg,خوراکی 
LEVETIRACETAM,لوکین,قرص,500 mg,پیوسته رهش خوراکی
VINCRISTINE SULFATE,وین کریستین,تزریقی,1 mg/1mL 1,پرنترال 
AZITHROMYCIN,زیمکسیر,کپسول,250 mg,خوراکی 
CAPECITABINE,زلوکپ,قرص,500 mg,خوراکی 
PANTOPRAZOLE (AS SODIUM SESQUIHYDRATE),پنتوفلکس,قرص,40 mg,انتریک کوتد خوراکی
MOMETASONE FUROATE,ویوانلا,"اسپری،",0.05 % 14 mL,سوسپانسیون از راه بینی
GENTAMICIN,تایسیم-آی,"محلول،",3 mg/1mL 5 mL,قطره چشمی
RISPERIDONE,ریسپردال کنستا,پودر,37.5 mg mg,برای تهیه سوسپانسیون تزریقی پیوسته رهش پرنترال
CLOBETASOL PROPIONATE,کلوبتازول-بهوزان,لوسیون,0.05 % 25 mL,موضعی 
IBUPROFEN,ژلوفن,کپسول,200 mg,حاوی مایع خوراکی
CO-AMOXICLAV,آفاکلاو,پودر,400 mg/57 mg/5 mL 100 mg,برای تهیه سوسپانسیون خوراکی
IBUPROFEN,ادویفن,کپسول,400 mg,حاوی مایع خوراکی
PIRACETAM,پیراستام,قرص,800 mg,خوراکی 
CETIRIZINE HYDROCHLORIDE,ستیریزین,,5 mg,قرص خوراکی
CEFALEXIN,آفالکس,پودر,250 mg/5 mL 100 mg,برای تهیه سوسپانسیون خوراکی
HYDROXYCHLOROQUINE SULFATE,هیدروکسی کلروکین,قرص,200 mg,خوراکی 
CITALOPRAM,سیتاکسا,قرص,20 mg,خوراکی 
CETIRIZINE HYDROCHLORIDE,سیترازم,شربت,1 mg/1mL 60 mL,خوراکی 
ACETAMINOPHEN,استامینوفن-حکیم,قرص,325 mg,خوراکی 
AMLODIPINE (AS BESILATE) / VALSARTAN,واساران -آ,قرص,5 mg/80 mg,خوراکی 
HYDROXYZINE HYDROCHLORIDE,هیدروکسی زین,قرص,10 mg,خوراکی 
IBUPROFEN,ادوالژین کودکان,سوسپانسیون,100 mg/5mL 120 mL,خوراکی 
NAPROXEN,مداکسن,قرص,250 mg,خوراکی 
DICLOFENAC SODIUM,دیکلوفناک سدیم,کپسول,100 mg,پیوسته رهش خوراکی
MEXILETINE,مگزیتون,کپسول,100 mg,خوراکی 
PROPRANOLOL HYDROCHLORIDE,روزانول,قرص,40 mg,خوراکی 
THYROTROPIN ALFA,تایروژن,پودر,0.9 mg mg,لئوفیلیزه برای تهیه محلول تزریقی پرنترال
VARENICLINE TARTRATE,وارنیکلین,قرص,1 mg,خوراکی 
SILDENAFIL (AS CITRATE),ایرکتو,قرص,100 mg,خوراکی 
POVIDONE IODINE,پوویدون آیداین,محلول,10 % 250 L,موضعی 
MONTELUKAST (AS SODIUM),ملوکاست,قرص,5 mg,جویدنی خوراکی
AMANTADINE HYDROCHLORIDE,ویرالس,کپسول,100 mg,خوراکی 
TAMOXIFEN,نولوامون,قرص,10 mg,خوراکی 
EPIRUBICIN HYDROCHLORIDE,اپی روبیسین,محلول,2 mg/1mL 5 mg,غلیظ تزریقی پرنترال
MEMANTINE HYDROCHLORIDE,آلزیکسا ای آر,کپسول,28 mg,پیوسته رهش خوراکی
VITAMIN K1 (PHYTOMENADIONE),کاناویت,تزریقی,10 mg/1mL 1 mg,پرنترال 
DEFERASIROX,آوی سیروکس,,360 mg,قرص خوراکی
ACETYLCYSTEINE,اکسی-نیس,قرص,600 mg,جوشان خوراکی
TRIFLUOPERAZINE,پسینیزا,قرص,1 mg,خوراکی 
CALFACTANT,اینفاسرف,سوسپانسیون,35 mg/1mL 6 mL,داخل تراشه ای
TRIPTORELIN (AS ACETATE),واریوپپتیل,تزریقی,95.6 ug mL,پرنترال 
DEFERASIROX,دفرازکس,قرص,360 mg,خوراکی 
VENETOCLAX,ونکلکستا,قرص,100 mg,خوراکی 
ROPIVACAINE HYDROCHLORIDE,روپیواکائین,,7.5 mg/1mL 10 mg,محلول تزریقی پرنترال
LEVOFLOXACIN,لووفکت,قرص,500 mg,خوراکی 
ACETAMINOPHEN,استاژل,کپسول,325 mg,حاوی مایع خوراکی
REMIFENTANIL (AS HYDROCHLORIDE),رمی فنتانیل داروپخش,پودر,2 mg mg,برای تهیه محلول تزریقی پرنترال
IOHEXOL,اوپاکسول,تزریقی,350 mg/1mL 100 mL,پرنترال 
CLOBETASOL PROPIONATE,کلوبتازول-عماد,پماد,0.05 % 15 g,موضعی 
SALBUTAMOL (AS SULFATE),سالبوتامول,محلول,2.5 mg/2.5mL mL,استنشاقی 
IBUPROFEN,ژلوفن,کپسول,400 mg,حاوی مایع خوراکی
QUINIDINE SULFATE,کیورایت,قرص,200 mg,خوراکی 
PROPRANOLOL HYDROCHLORIDE,روزانول,قرص,10 mg,خوراکی 
TRIAMCINOLONE ACETONIDE,تریادنت,,0.1 % 10 g,خمیر خوراکی
MINOCYCLINE (AS HYDROCHLORIDE),آکنوسیکلین,کپسول,50 mg,خوراکی 
FLUOCINOLONE ACETONIDE,درماسینول,کرم,0.025 % 15 g,موضعی 
CALCITONIN,میانین,تزریقی,50 [iU]/1mL mL,پرنترال 
BENDAMUSTINE HYDROCHLORIDE,بنداموستین مداک,پودر,100 mg mg,برای تهیه محلول تزریقی پرنترال
CELECOXIB,مدکسیب,کپسول,100 mg,خوراکی 
MAGNESIUM SULFATE,منیزیم سولفات,تزریقی,20 % 50 mL,پرنترال 
UMECLIDINIUM (AS BROMIDE) / VILANTEROL (AS TRIFENATATE),اومیویل,کپسول,62.5 ug/25 ug,استنشاقی 
ATEZOLIZUMAB,تسنتریک,محلول,60 mg/1mL 20 mL,غلیظ تزریقی داخل وریدی
BUPRENORPHINE (AS HYDROCHLORIDE),بوپرنورفین,قرص,0.4 mg,زیرزبانی 
THIOTEPA,تینوپا,پودر,100 mg mg,برای تهیه محلول تزریقی پرنترال
MOMETASONE FUROATE,مومتانیز-پی بی ای,"اسپری،",0.05 % 15 mL,سوسپانسیون از راه بینی
SILVER SULFADIAZINE,سیلبرن,کرم,1 % 50 g,موضعی 
CITALOPRAM,سیتالوپرام - حکیم,قرص,40 mg,خوراکی 
MAFENIDE ACETATE,مفناید,کرم,112 mg/1g 30 g,موضعی 
BISOPROLOL FUMARATE,کنکور کور,قرص,2.5 mg,خوراکی 
PEDIATRIC GRIPPE,پدی کلد,شربت,0.67 mg/10 mg/5mL 60 mL,خوراکی 
CELECOXIB,سلکوکسیب-حکیم,کپسول,100 mg,خوراکی 
PEDIATRIC GRIPPE,سرماخوردگی کودکان,شربت,0.67 mg/10 mg/5mL 60 mm,خوراکی 
OXALIPLATIN,الوکسال,محلول,5 mg/1mL 20 mg,غلیظ تزریقی پرنترال
VALACYCLOVIR,ویراترکس-آی اچ,قرص,1000 mg,خوراکی 
CLOBAZAM,کلوزام,قرص,10 mg,خوراکی 
DOXEPIN,دوکسپین,کپسول,25 mg,خوراکی 
SUMATRIPTAN (AS SUCCINATE) / NAPROXEN,میگرومیکس,قرص,85 mg/500 mg,خوراکی 
OCTREOTIDE (AS ACETATE),واریوتاید ال ای آر,"تزریق،",30 mg mg,"پودر، رهش طولانی مدت پرنترال"
SALMETEROL (AS XINAFOATE) / FLUTICASONE PROPIONATE,سرتاید,آئروسل,25 ug/50 ug/1{dose} 120 {dose},با دوز اندازه گیری شده استنشاقی
CYPROHEPTADINE HYDROCHLORIDE,سیپروهپتادین-جالینوس,قرص,4 mg,خوراکی 
CEFEPIME (AS HYDROCHLORIDE),اکسی پیم,پودر,500 mg mg,برای تهیه محلول تزریقی پرنترال
RINGERS,رینگر,محلول,500 mL,تزریقی داخل وریدی
BISMUTH SUBCITRATE EQU. TO BISMUTH OXIDE,بیسموباند,قرص,120 mg,خوراکی 
SUNITINIB (AS MALATE),تایسونا,کپسول,50 mg,خوراکی 
MINOXIDIL,ماینوکسیدیل پاک دارو,محلول,50 mg/1mL 60 mL,موضعی 
LEVOTHYROXINE SODIUM,لووتین,قرص,50 ug,خوراکی 
SILVER SULFADIAZINE,سیلور سولفادیازین-ناژو,کرم,1 % 50 g,موضعی 
FINASTERIDE,فینازکس- آی اچ,قرص,5 mg,خوراکی 
METOPROLOL TARTRATE,متوپرولول,قرص,50 mg,خوراکی 
ACETAMINOPHEN,استامینوفن,محلول,150 mg/1mL 6.7 mg,غلیظ تزریقی داخل وریدی
SUNITINIB (AS MALATE),سورنال,کپسول,25 mg,خوراکی 
RIVASTIGMINE (AS HYDROGEN TARTRATE),ریواستیمگین,کپسول,1.5 mg,خوراکی 
SALBUTAMOL (AS SULFATE),بوتو - آسما,اسپری,100 ug/1{dose} 200 mg,با دوز اندازه گیری شده استنشاقی
GLIMEPIRIDE,تداپراید,قرص,4 mg,خوراکی 
EMPAGLIFLOZIN / LINAGLIPTIN,لینفلومیکس,قرص,10 mg/5 mg,خوراکی 
BROMOCRIPTINE (AS MESYLATE),بروموزیت-آی اچ,قرص,2.5 mg,خوراکی 
ACETAMINOPHEN / CAFFEINE / IBUPROFEN,استامینوفن / کافئین / ایبوپروفن,کپسول,325 mg/40 mg/200 mg,خوراکی 
PANTOPRAZOLE (AS SODIUM SESQUIHYDRATE),پنتومید,قرص,40 mg,انتریک کوتد خوراکی
CARVEDILOL,اینوتیو,قرص,25 mg,خوراکی 
SIMETHICONE (DIMETHICONE ACTIVATED),دای کولیک گات,قرص,40 mg,جویدنی خوراکی
CLINDAMYCIN (AS HYDROCHLORIDE),دالاکپ,کپسول,300 mg,خوراکی 
EZETIMIBE,ازیتد,قرص,10 mg,خوراکی 
DASATINIB,داساتینیب,قرص,100 mg,خوراکی 
CYCLOPHOSPHAMIDE,اندوکسان,قرص,50 mg,خوراکی 
TOPIRAMATE,توپیرامات آریا,قرص,25 mg,خوراکی 
CLARITHROMYCIN,کلاریسین,پودر,125 mg/5 mL 60 mL,برای تهیه سوسپانسیون خوراکی
MOXIFLOXACIN (AS HYDROCHLORIDE),موکسی فلوکساسین,قرص,400 mg,خوراکی 
INDAPAMIDE,اینداپیکس,قرص,1.5 mg,پیوسته رهش خوراکی
LITHIUM CARBONATE,لیتومید,قرص,300 mg,خوراکی 
PRIMIDONE,پری لپس,سوسپانسیون,125 mg/5mL 250 mL,خوراکی 
NEOSTIGMINE METHYLSULFATE,ایپوستیگمین,تزریقی,2.5 mg/1mL 1 mL,پرنترال 
ACETYLSALICYLIC ACID / CLOPIDOGREL (AS BISULFATE),آسپاویکس,قرص,100 mg/75 mg,خوراکی 
CLOBETASOL PROPIONATE,کلوبتازول-عماد,کرم,0.05 % 15 g,موضعی 
MEMANTINE HYDROCHLORIDE,ممانتین-حکیم,قرص,10 mg,خوراکی 
ACICLOVIR,آفیپلکس,کرم,5 % 10 g,موضعی 
METFORMIN HYDROCHLORIDE / LINAGLIPTIN,ملیجنت-ام,قرص,1000 mg/2.5 mg,خوراکی 
RIFAXIMIN,ریفاتو,قرص,550 mg,خوراکی 
SODIUM CHLORIDE,سدیم کلراید,"محلول،",0.65 % 18 mL,قطره از راه بینی
DOXYCYCLINE (AS HYCLATE),انتری داکس,کپسول,100 mg,انتریک کوتد خوراکی
ENALAPRIL MALEATE,وازو اکت,قرص,20 mg,خوراکی 
IFOSFAMIDE,آیفوسفامیدا کمکس,پودر,1 g g,برای تهیه محلول تزریقی پرنترال
TETRACAINE HYDROCHLORIDE,اینسنت-آی,"محلول،",0.5 % 10 mL,قطره چشمی
SPIRONOLACTONE,اسلاکتون,قرص,100 mg,خوراکی 
METHYLDOPA,متیل دوپا,قرص,250 mg,خوراکی 
OFLOXACIN,افلوکساسین,"محلول،",3 mg/1mL 5 mL,قطره چشمی
IBUPROFEN,پدآ,تزریقی,5 mg/1mL 2 mg,داخل وریدی
CETIRIZINE HYDROCHLORIDE,ستیریزین-عبیدی,شربت,1 mg/1mL 60 mL,خوراکی 
CHLORDIAZEPOXIDE,لیبراول,قرص,5 mg,خوراکی 
DOCETAXEL,تئوتاکسول,محلول,20 mg/1mL 1 mg,تزریقی داخل وریدی
GLATIRAMER ACETATE,اسویمر,محلول,40 mg/1mL mL,تزریقی پرنترال
LAMOTRIGINE,لاموتریژین,قرص,50 mg,خوراکی 
DYDROGESTERONE,دوفامد,قرص,10 mg,خوراکی 
TRIFLURIDINE,ویروسید,"محلول،",1 % 5 mL,قطره چشمی
PROMETHAZINE,پرومتازین,شربت,5 mg/5mL 60 mL,خوراکی 
METHYLPREDNISOLONE ACETATE,متیل پردنیزولون استات,سوسپانسیون,40 mg/1mL 1 mg,تزریقی پرنترال
ACETYLCYSTEINE,ای سی سی لانگ,قرص,600 mg,جوشان خوراکی
ESCITALOPRAM (AS OXALATE),لگزیرام,قرص,10 mg,خوراکی 
METHYLERGONOVINE MALEATE,متیل ارگونوین مینو,قرص,0.125 mg,خوراکی 
ALUMINIUM HYDROXIDE / MAGNESIUM HYDROXIDE / SIMETHICONE,آلومینیوم هیدروکساید/منیزیوم هیدروکساید/سایمتیکون,سوسپانسیون,225 mg/200 mg/25 mg/5mL 240 mL,خوراکی 
CISPLATIN,سیپلونا,محلول,1 mg/1mL 50 mg,غلیظ تزریقی داخل وریدی
CO-AMOXICLAV,کلاموکس,پودر,400 mg/57 mg/5 mL 100 mL,برای تهیه سوسپانسیون خوراکی
CELECOXIB,زلکاگز,کپسول,400 mg,خوراکی 
OLOPATADINE (AS HYDROCHLORIDE),اولانتین,"محلول،",0.1 % 5 mL,قطره چشمی
CYPROHEPTADINE HYDROCHLORIDE,بکواکتین,محلول,2 mg/5mL 200 mL,خوراکی 
RIZATRIPTAN (AS BENZOATE),ریزاتریپتان-حکیم,قرص,5 mg,خوراکی 
TENOFOVIR ALAFENAMIDE (AS FUMARATE),روتاف,قرص,25 mg,خوراکی 
TRIPLE SULFA,تریپل سولفا-بهوزان,کرم,3.42 %/2.86 %/3.7 % 78 g,واژینال 
ALENDRONATE (AS SODIUM),استوماکس,قرص,70 mg,خوراکی 
BIMATOPROST,گلوکوپروست,"محلول،",0.01 % 0.5 mL,قطره چشمی
IRINOTECAN HYDROCHLORIDE,رینتکا,محلول,20 mg/1mL 5 mL,غلیظ تزریقی پرنترال
LEVONORGESTREL,تَنسی,قرص,1.5 mg,خوراکی 
BARICITINIB,بارتیزا,قرص,4 mg,خوراکی 
CEFIXIME,آفاکسیم,پودر,100 mg/5 mL 50 mg,برای تهیه سوسپانسیون خوراکی
CLOTRIMAZOLE,کلوتریمازول-بهوزان,کرم,2 % 50 g,واژینال 
WARFARIN SODIUM,آلدوکومار,قرص,5 mg,خوراکی 
EMPAGLIFLOZIN / METFORMIN HYDROCHLORIDE,امپاور پلاس,قرص,5 mg/500 mg,خوراکی 
EPIRUBICIN HYDROCHLORIDE,اپی روبین,محلول,2 mg/1mL 25 mL,غلیظ تزریقی پرنترال
RIVASTIGMINE (AS HYDROGEN TARTRATE),اکسلون,کپسول,1.5 mg,خوراکی 
OZANIMOD (AS HYDROCHLORIDE),زپونیم,کپسول,0.92 mg,خوراکی 
DONEPEZIL HYDROCHLORIDE / MEMANTINE HYDROCHLORIDE,مانازیل,کپسول,10 mg/21 mg,پیوسته رهش خوراکی
ACETAMINOPHEN,تایلانول,قرص,500 mg,خوراکی 
VITAMIN B COMPLEX,اسوه-ویتامین ب کمپلکس,تزریقی,5 mg/2 mg/2 mg/3 mg/20 mg/1mL 2 mL,پرنترال 
ATORVASTATIN (AS CALCIUM),لیپوفیکس,قرص,40 mg,خوراکی 
VIGABATRIN,سابریمُد,قرص,500 mg,خوراکی 
TRIAMCINOLONE ACETONIDE,تریامسینولون-عماد,پماد,0.1 % 15 g,موضعی 
CEFOTAXIME (AS SODIUM),سفوتاکسیم,پودر,1 g g,برای تهیه محلول تزریقی پرنترال
VENLAFAXINE,ونلافاکسین,کپسول,75 mg,پیوسته رهش خوراکی
NAPROXEN,ناپرون,قرص,500 mg,انتریک کوتد خوراکی
MUPIROCIN,موپیروسین-بهوزان,پماد,2 % 15 g,موضعی 
DIMETHYL FUMARATE,میلوبایوکس,کپسول,120 mg,انتریک کوتد خوراکی
CLONAZEPAM,کلونازپام-سبحان,قرص,1 mg,خوراکی 
BETAMETHASONE (AS DISODIUM PHOSPHATE),بتازونیت,تزریقی,4 mg/1mL mL,پرنترال 
CLINDAMYCIN (AS HYDROCHLORIDE),کلیماندا,کپسول,150 mg,خوراکی 
LIDOCAINE HYDROCHLORIDE,لیدوکائین-عماد,ژل,2 % 15 g,موضعی 
INTERFERON BETA-1A,ربیف,تزریقی,12000000 [iU] 0.5 ug,پرنترال 
CONTRACEPTIVE HD,اووستاپ-اچ,قرص,0.25 mg/50 ug,خوراکی 
SEVELAMER HYDROCHLORIDE,سولاوین,قرص,800 mg,خوراکی 
IPRATROPIUM BROMIDE,ایپراترکس,اسپری,20 ug/1{dose} 200 ug,استنشاقی 
ATORVASTATIN (AS CALCIUM),آتوسترول,قرص,10 mg,خوراکی 
DASATINIB,لاراسل,قرص,70 mg,خوراکی 
GLICLAZIDE,گلی زیتکس,قرص,60 mg,پیوسته رهش خوراکی
REPAGLINIDE,نیوبت,قرص,0.5 mg,خوراکی 
OLANZAPINE,زیپروبایوکس,قرص,5 mg,خوراکی 
ADAPALENE,آداپالن-بهوزان,کرم,0.1 % 30 g,موضعی 
DICLOFENAC SODIUM,ولدیک,قرص,50 mg,انتریک کوتد خوراکی
DIPHENHYDRAMINE / AMMONIUM CHLORIDE,بهدیفن-سی,شربت,12.5 mg/125 mg/5mL 60 mL,خوراکی 
OFLOXACIN,افلوفکت,قرص,200 mg,خوراکی 
SACUBITRIL / VALSARTAN,الپیدو,قرص,97 mg/103 mg,خوراکی 
IPRATROPIUM BROMIDE / SALBUTAMOL (AS SULFATE),ایپراتروپیوم بروماید/سالبوتامول,محلول,200 ug/1 mg/1mL 2.5 {dose},استنشاقی 
DIPHENHYDRAMINE HYDROCHLORIDE,دیفرام,محلول,12.5 mg/5mL 60 mL,خوراکی 
ROSUVASTATIN (AS CALCIUM),رزوکسون,قرص,40 mg,خوراکی 
EMPAGLIFLOZIN / METFORMIN HYDROCHLORIDE,جاردی پلاس,قرص,12.5 mg/1000 mg,خوراکی 
NITROGLYCERIN,تداگلیز,قرص,6.4 mg,پیوسته رهش خوراکی
LOSARTAN POTASSIUM,لوزارتان-تدافارم,قرص,50 mg,خوراکی 
SELENIUM (AS SODIUM SELENITE PENTAHYDRATE),سلنیوم - آرنگ,تزریقی,50 ug/1mL 10 ug,پرنترال 
ASA / ATORVASTATIN (AS CALCIUM) / HYDROCHLOROTHIAZIDE / VALSARTAN,پلی پیل-وی,قرص,81 mg/20 mg/12.5 mg/40 mg,خوراکی 
ACETYLCYSTEINE,اکسی-نیس,تزریقی,200 mg/1mL 10 mL,پرنترال 
ROSUVASTATIN (AS CALCIUM),رزورکسین,قرص,5 mg,خوراکی 
RIVASTIGMINE (AS HYDROGEN TARTRATE),اگزکیم,کپسول,3 mg,خوراکی 
NICORANDIL,آدینکو,قرص,20 mg,خوراکی 
GEMCITABINE HYDROCHLORIDE,جم سیبان,محلول,100 mg/1mL 2 mL,غلیظ تزریقی پرنترال
LIDOCAINE / PRILOCAINE,سایلا-پی,کرم,2.5 %/2.5 % 30 g,موضعی 
PNEUMOCOCCAL VACCINE 10-VALENT,سینفلوریکس,تزریقی,0.5 mL,پرنترال 
ADULT COLD PREPARATIONS (7-7),زاوی کلد,کپسول,15 mg/2 mg/5 mg/325 mg,حاوی مایع خوراکی
BIOTIN,بیاکتو,محلول,5 mg/1mL 1 mg,تزریقی عضلانی
LIRAGLUTIDE,ویکتوزا,محلول,6 mg/1mL 3 mg,تزریقی پرنترال
SULFASALAZINE,سوفاکول,قرص,500 mg,خوراکی 
CYPROHEPTADINE HYDROCHLORIDE,سیپروهپتادین,قرص,4 mg,خوراکی 
TADALAFIL,تیافیل,قرص,10 mg,خوراکی 
METHOTREXATE,ترگستا,محلول,25 mg/1mL 0.4 mg,تزریقی پرنترال
PIROXICAM,روکسیکام,تزریقی,20 mg/1mL mL,پرنترال 
SERTACONAZOLE NITRATE,سرتاکونازول,کرم,2 % 15 g,موضعی 
CALAMINE,کالامین-بهوزان,لوسیون,8 % 60 mL,موضعی 
FLUORESCEIN SODIUM,آناترا,تزریقی,10 % 5 mL,پرنترال 
SERTRALINE (AS HYDROCHLORIDE),سرترابان,قرص,100 mg,خوراکی 
LEVOFLOXACIN,تاوانکس,قرص,750 mg,خوراکی 
PREGABALIN,پرگاسول,کپسول,150 mg,خوراکی 
ATROPINE SULFATE,آتروپین سولفات,تزریقی,0.5 mg/1mL mL,پرنترال 
PACLITAXEL,الوپکس,تزریقی,6 mg/1mL 5 mg,پرنترال 
BLINATUMOMAB,بلینسیتو,پودر,35 ug ug,برای تهیه فرآورده تزریقی پرنترال
KETOROLAC TROMETAMOL,لازرکت,محلول,30 mg/1mL 1 mg,تزریقی پرنترال
PACLITAXEL,پکلی تاکسل اکویدا,تزریقی,6 mg/1mL 5 mg,پرنترال 
LENALIDOMIDE,انلیدو,کپسول,25 mg,خوراکی 
LEVETIRACETAM,لوبل,قرص,1000 mg,خوراکی 
MORPHINE SULFATE,مرفین,تزریقی,10 mg/1mL mL,پرنترال 
ACETAMINOPHEN,استامین,قرص,500 mg,خوراکی 
LEVODOPA / CARBIDOPA / ENTACAPONE,استاپارکین,قرص,50 mg/12.5 mg/200 mg,خوراکی 
FLUOCINOLONE ACETONIDE,فلوسینولون-عماد,کرم,0.025 % 15 g,موضعی 
HEPARIN SODIUM,هپارین سدیم,تزریقی,5000 [iU]/1mL 1 [iU],پرنترال 
MELOXICAM,ملوکاکس,قرص,7.5 mg,خوراکی 
DANTROLENE SODIUM,دانتریوم,کپسول,25 mg,خوراکی 
FORMOTEROL FUMARATE,فورموترول ژنریس,کپسول,12 ug,استنشاقی 
CYTARABINE,آلکسان,محلول,50 mg/1mL 20 mg,تزریقی پرنترال
CONJUGATED ESTROGENS,پریکوئین,قرص,1.25 mg,خوراکی 
TAMSULOSIN HYDROCHLORIDE,مدالوسین,کپسول,0.4 mg,پیوسته رهش خوراکی
LISINOPRIL,لیزیرکس,قرص,5 mg,خوراکی 
METFORMIN HYDROCHLORIDE,گلوبت گات,قرص,500 mg,خوراکی 
BECLOMETHASONE DIPROPIONATE,بکلوتروکس,آئروسل,250 ug/1{dose} 200 ug,با دوز اندازه گیری شده استنشاقی
BETAMETHASONE (AS DISODIUM PHOSPHATE),بتازونیت,"محلول،",0.1 % 5 mL,قطره چشمی
FEXOFENADINE HYDROCHLORIDE,سافکسوفست,قرص,180 mg,خوراکی 
GADOBUTROL,گادوویست,تزریقی,604.72 mg/1mL 7.5 mL,پرنترال 
SILDENAFIL (AS CITRATE),سیلدنافیل,قرص,50 mg,خوراکی 
IBUPROFEN,ایبواسمارت,قرص,800 mg,پیوسته رهش خوراکی
SOLIFENACIN SUCCINATE,ویسول,قرص,5 mg,خوراکی 
ANTITHYMOCYTE IMMUNOGLOBULIN,تی گلوبولین,پودر,25 mg mg,لئوفیلیزه برای تهیه محلول تزریقی پرنترال
BOTULINUM A TOXIN,لوسنترا,پودر,500 [iU] [iU],لئوفیلیزه برای تهیه محلول تزریقی پرنترال
MEFENAMIC ACID,مفنامیک اسید-ناژو,کپسول,250 mg,خوراکی 
DORZOLAMIDE (AS HYDROCHLORIDE),دورونس-آی,"محلول،",2 % 5 mL,قطره چشمی
ABIRATERONE ACETATE,براتیگا,قرص,500 mg,خوراکی 
DENOSUMAB,آریلیا,محلول,60 mg/1mL 1 mg,تزریقی پرنترال
DIPHENHYDRAMINE HYDROCHLORIDE,دیفن هیدرامین,,12.5 mg/5mL 60 mL,محلول خوراکی
INSULIN GLARGINE,توجئو سولواستار,تزریقی,300 [iU]/1mL 1.5 [iU],پرنترال 
URSODEOXYCHOLIC ACID,اورسوپارس,کپسول,300 mg,خوراکی 
METFORMIN HYDROCHLORIDE,متفورمین-حکیم,قرص,1000 mg,خوراکی 
EVEROLIMUS,اورولیموس آکویدا,قرص,5 mg,خوراکی 
SACUBITRIL / VALSARTAN,انترسکور,قرص,97 mg/103 mg,خوراکی 
CLOTRIMAZOLE,کانسدرم,کرم,1 % 15 g,موضعی 
NITROGLYCERIN,نیتروپاف,اسپری,400 ug/1{dose} 100 mg,زیرزبانی 
GENTAMICIN,جنتامایسین-اکسیر,تزریقی,40 mg/1mL 2 mL,پرنترال 
CELECOXIB,کوبیکس,کپسول,200 mg,خوراکی 
ADULT COLD PREPARATIONS (4-1),نوریزکلد,قرص,500 mg/5 mg/25 mg,خوراکی 
CLINDAMYCIN (AS PHOSPHATE),کلیندامایسین-ناژو,شیاف,100 mg g,واژینال 
METOPROLOL SUCCINATE,متوپرولول سوکسینات,قرص,23.75 mg,پیوسته رهش خوراکی
ACETYLCYSTEINE / ASCORBIC ACID,برونستیل ث,پودر,600 mg/75 mg mg,خوراکی 
ACETAMINOPHEN,استاجکت,محلول,150 mg/1mL 6.7 mL,غلیظ تزریقی داخل وریدی
LATANOPROST,لاتانوپروست,"محلول،",50 ug/1mL 2.5 mL,قطره چشمی
AMIODARONE HYDROCHLORIDE,آمیوریتم,قرص,200 mg,خوراکی 
PREGABALIN,پرگابایوکس,کپسول,100 mg,خوراکی 
DICLOFENAC SODIUM,دیکلوفناک-عماد,شیاف,100 mg,مقعدی 
TRETINOIN,ترتینوئین مدیفارم,,0.05 % 15 g,کرم موضعی
KETOTIFEN (AS FUMARATE),کتوتیفن بهسا,,1 mg/5mL 60 mL,شربت خوراکی
PHENYTOIN / PHENOBARBITAL,فنی توئین/فنوباربیتال,قرص,100 mg/50 mg,خوراکی 
METHYLERGONOVINE MALEATE,متیل ارگونوین,تزریقی,0.2 mg/1mL 1 mL,پرنترال 
PANTOPRAZOLE (AS SODIUM),پنتیلسر,پودر,40 mg mg,لئوفیلیزه برای تهیه محلول تزریقی پرنترال
ENOXAPARIN SODIUM,انوکساپارین سدیم,تزریقی,100 mg/1mL 0.6 [iU],پرنترال 
IVERMECTIN,آیوروکا,لوسیون,0.5 % 120 g,موضعی 
PHENYLEPHRINE HYDROCHLORIDE,فنیل افرین,"محلول،",0.5 % 10 mm,قطره از راه بینی
ACETAMINOPHEN,استومینوزان,شیاف,125 mg,مقعدی 
MOMETASONE FUROATE,مومه کورت,پماد,0.1 % 30 g,موضعی 
PHENYLEPHRINE HYDROCHLORIDE,نازوفرین,"محلول،",0.25 % 10 mL,قطره از راه بینی
CISATRACURIUM (AS BESYLATE),سیس آتراکورال,تزریقی,2 mg/1mL 5 mL,پرنترال 
DIAZEPAM,دیازپام-سبحان,قرص,5 mg,خوراکی 
RIZATRIPTAN (AS BENZOATE),میگریتان,قرص,10 mg,بازشونده در دهان خوراکی
LOSARTAN POTASSIUM / HYDROCHLOROTHIAZIDE,لوزامیکس-اچ,قرص,50 mg/12.5 mg,خوراکی 
LIDOCAINE HYDROCHLORIDE,زایلوژل,ژل,2 % 25 g,موضعی 
ENOXAPARIN SODIUM,انوپرا,تزریقی,100 mg/1mL 0.4 [iU],پرنترال 
TIRZEPATIDE,زیکورپا,محلول,2.5 mg/0.5mL mL,تزریقی زیر جلدی
LEVONORGESTREL,اووسیز,قرص,1.5 mg,خوراکی 
CARVEDILOL,کارودیلول-جالینوس,قرص,6.25 mg,خوراکی 
DICLOFENAC SODIUM,مدافناک,کپسول,100 mg,پیوسته رهش خوراکی
TESTOSTERONE ENANTHATE,آندوزیکس-آی اچ,تزریقی,250 mg/1mL 1 mL,پرنترال 
ROSUVASTATIN (AS CALCIUM),رزوواستاتین-حکیم,قرص,20 mg,خوراکی 
KETOCONAZOLE,کتوزانول,شامپو,2 % 100 mL,موضعی 
KETOROLAC TROMETAMOL,کلاتوزکس-آی اچ,محلول,30 mg/1mL 1 mL,تزریقی پرنترال
SIMETHICONE (DIMETHICONE ACTIVATED),سایمتیکون,قرص,40 mg,جویدنی خوراکی
PREGABALIN,نورفیبکس,کپسول,75 mg,خوراکی 
METFORMIN HYDROCHLORIDE,گلای-وانس,قرص,500 mg,پیوسته رهش خوراکی
RIVAROXABAN,کلاتوور,قرص,10 mg,خوراکی 
LANSOPRAZOLE,لنزاکتو,کپسول,30 mg,انتریک کوتد خوراکی
MEBEVERINE HYDROCHLORIDE,کولومب,کپسول,200 mg,پیوسته رهش خوراکی
MONTELUKAST (AS SODIUM),مونته کیم,قرص,5 mg,جویدنی خوراکی
IMATINIB (AS MESYLATE),زیوک,قرص,100 mg,خوراکی 
GEMCITABINE HYDROCHLORIDE,جم سیبان,محلول,100 mg/1mL 2 mL,غلیظ تزریقی پرنترال
CEFEPIME (AS HYDROCHLORIDE),سفبریکس,پودر,1 g g,برای تهیه محلول تزریقی پرنترال
METHYLERGONOVINE MALEATE,آئووین,قرص,0.125 mg,خوراکی 
ELTROMBOPAG (AS OLAMINE),تیپی اورال,قرص,50 mg,خوراکی 
SODIUM CHLORIDE,سالین واش,محلول,0.9 % 500 mL,جهت شستشو
CETIRIZINE HYDROCHLORIDE,آلرآف,قرص,10 mg,خوراکی 
MELOXICAM,ملوکسیفار,قرص,15 mg,خوراکی 
PENICILLAMINE,پنسیلارو,کپسول,250 mg,خوراکی 
VITAMIN C,ویتامین ث,تزریقی,100 mg/1mL 5 mg,پرنترال 
GALANTAMINE (AS HYDROBROMIDE),آلزامین,قرص,8 mg,خوراکی 
PHENYLEPHRINE HYDROCHLORIDE,فنونیز,اسپری,0.5 % 20 mL,از راه بینی
ESTRADIOL VALERATE,استراوال,تزریقی,10 mg/1mL mL,پرنترال 
SODIUM POLYSTYRENE SULFONATE,آیونکس,پودر,454 g g,برای تهیه سوسپانسیون خوراکی
EDARAVONE,آلساوا,محلول,30 mg/20mL mg,تزریقی پرنترال
PENICILLIN 6-3-3,پن,پودر,600000 [iU]/300000 [iU]/300000 [iU] [iU],برای تهیه فرآورده تزریقی پرنترال
VITAMIN B1 / VITAMIN B6 / VITAMIN B12,نوروتامین,تزریقی,100 mg/100 mg/1000 ug/3mL mL,پرنترال 
DAPAGLIFLOZIN (AS PROPANEDIOL),دیافوزین,قرص,10 mg,خوراکی 
METHADONE HYDROCHLORIDE,متادون,محلول,25 mg/5 mL 60 mL,خوراکی 
NITROGLYCERIN,تداگلیز,قرص,2.6 mg,پیوسته رهش خوراکی
METFORMIN HYDROCHLORIDE / LINAGLIPTIN,آوامت,قرص,1000 mg/2.5 mg,خوراکی 
BUPROPION HYDROCHLORIDE,اسموپیون,قرص,150 mg,پیوسته رهش خوراکی
GADODIAMIDE,امنی اسکن,تزریقی,287 mg/1mL 15 mL,پرنترال 
MINOCYCLINE (AS HYDROCHLORIDE),کالکتر,قرص,50 mg,خوراکی 
FLUVOXAMINE MALEATE,وکسام,قرص,50 mg,خوراکی 
FINERENONE,میکلون,قرص,10 mg,خوراکی 
SIMETHICONE (DIMETHICONE ACTIVATED),دایمکت,قرص,40 mg,جویدنی خوراکی
DEXAMETHASONE,دگزامتازون,قرص,0.5 mg,خوراکی 
IPRATROPIUM BROMIDE / SALBUTAMOL (AS SULFATE),دائولین,محلول,200 ug/1 mg/1mL 2.5 mL,استنشاقی 
"INFLUENZA VACCINE, INACTIVATED, TETRAVALENT",واکسی گریپ تترا,تزریقی,1 {dose} {dose},پرنترال 
DICLOFENAC DIETHYLAMMONIUM,دیکلوفناک بهسا,ژل,1 % 60 g,موضعی 
DESLORATADINE,ویاتادین,قرص,5 mg,خوراکی 
DIPHENHYDRAMINE / AMMONIUM CHLORIDE,دیفن هیدرامین کمپاند-عماد,شربت,12.5 mg/125 mg/5mL 60 mL,خوراکی 
ENOXAPARIN SODIUM,پی دکسان,تزریقی,100 mg/1mL 0.4 [iU],پرنترال 
URSODEOXYCHOLIC ACID,یوسیدرول,کپسول,300 mg,خوراکی 
SACUBITRIL / VALSARTAN,نپریوال,قرص,49 mg/51 mg,خوراکی 
CHLORAMPHENICOL,رونس-آی,"محلول،",0.5 % 10 mL,قطره چشمی
ARIPIPRAZOLE,آریپیفای,قرص,5 mg,خوراکی 
BUDESONIDE,پالمیکورت نبولایزر,سوسپانسیون,0.5 mg/1mL 2 mg,استنشاقی 
RINGERS,رینگر,,1000 L,محلول تزریقی داخل وریدی
PHENYTOIN / PHENOBARBITAL,فنی توئین/فنوباربیتال,قرص,100 mg/50 mg,خوراکی 
ONDANSETRON (AS HYDROCHLORIDE),انستین,محلول,4 mg/5mL 60 mL,خوراکی 
ACETAMINOPHEN,استامینوفن-شفا,قرص,325 mg,خوراکی 
LATANOPROST,زالاویژن-پی بی ای,"محلول،",50 ug/1mL 2.5 mL,قطره چشمی
PANTOPRAZOLE (AS SODIUM SESQUIHYDRATE),پنتوپرازول-اکسیر,قرص,40 mg,انتریک کوتد خوراکی
BENZOYL PEROXIDE,پنژل,ژل,5 % 30 g,موضعی 
DICLOFENAC POTASSIUM,دیکلوفناک پتاسیم,قرص,50 mg,خوراکی 
GRANISETRON,گرانیک,محلول,1 mg/1mL 3 mL,تزریقی داخل وریدی
LETROZOLE,لتروفم,قرص,2.5 mg,خوراکی 
LABETALOL HYDROCHLORIDE,کاستالول,تزریقی,5 mg/1mL 4 mL,پرنترال 
OSIMERTINIB (AS MESYLATE),تاگریسو,قرص,80 mg,خوراکی 
APREPITANT,اپرمیترون,کپسول,125 mg,خوراکی 
FACTOR VIIA,آریوسون,پودر,4.8 mg mg,لئوفیلیزه برای تهیه محلول تزریقی پرنترال
CETIRIZINE HYDROCHLORIDE,سیترازم,قرص,10 mg,خوراکی 
TELMISARTAN,آربیکور,قرص,40 mg,خوراکی 
ITRACONAZOLE,اسپرونازول,کپسول,100 mg,خوراکی 
AMLODIPINE (AS BESILATE) / TELMISARTAN,آربیتویین,قرص,5 mg/80 mg,خوراکی 
BARICITINIB,اکتونیب,قرص,4 mg,خوراکی 
ACETAMINOPHEN,استامین,قرص,500 mg,خوراکی 
NAPHAZOLINE HYDROCHLORIDE,ناپری نیز,اسپری,0.05 % 15 mL,از راه بینی
HYOSCINE-N-BUTYL BROMIDE,هیوسین-ان-بوتیل بروماید-اکسیر,قرص,10 mg,خوراکی 
ACETAMINOPHEN / DIPHENHYDRAMINE / PHENYLEPHRINE,نوریز کلد,شربت,160 mg/12.5 mg/2.5 mg/5mL 60 mL,خوراکی 
MITOXANTRONE (AS HYDROCHLORIDE),زانتومیت,محلول,2 mg/1mL 10 mg,تزریقی پرنترال
CLOTRIMAZOLE,کانسدرم,کرم,1 % 15 g,موضعی 
INSULIN GLARGINE,گیلاوا,تزریقی,100 [iU]/1mL 3 mL,پرنترال 
CAPECITABINE,زلوکپ,قرص,500 mg,خوراکی 
LATANOPROST / TIMOLOL (AS MALEATE),کوزالاویژن-پی بی ای,"محلول،",50 ug/5 mg/1mL 2.5 mL,قطره چشمی
ACETAMINOPHEN,تایلکسومید,قرص,650 mg,پیوسته رهش خوراکی
RISPERIDONE,ریسپولکس,محلول,1 mg/1mL 100 mL,خوراکی 
ROSUVASTATIN (AS CALCIUM),لیپروز,,40 mg,قرص خوراکی
URSODEOXYCHOLIC ACID,اورسوبیل,قرص,300 mg,خوراکی 
MEDROXYPROGESTERONE ACETATE,مدروکسی پروژسترون,قرص,5 mg,خوراکی 
INTERFERON BETA-1A,رسیژن,تزریقی,12000000 [iU] 0.5 ug,پرنترال 
ZINC OXIDE,بهزینک,پماد,25 % 30 g,موضعی 
EMPAGLIFLOZIN / LINAGLIPTIN,گلایپاور,قرص,10 mg/5 mg,خوراکی 
PIMECROLIMUS,الیدل,کرم,1 % 30 g,موضعی 
LITHIUM CARBONATE,لیتیرام,قرص,300 mg,خوراکی 
PACLITAXEL,سوبوتکسل,تزریقی,6 mg/1mL 50 mL,پرنترال 
PERITONEAL DIALYSIS I,دیالیز صفاقی I,محلول,13.62 g/132 meq/3.5 meq/1.5 meq/35 meq/102 meq/1000 mL 2 L,داخل صفاقی
SORAFENIB (AS TOSYLATE),نکسوبان,قرص,200 mg,خوراکی 
IMATINIB (AS MESYLATE),ایماتینیب,قرص,400 mg,خوراکی 
FLUOXETINE (AS HYDROCHLORIDE),فلوکستین-اکسیر,کپسول,20 mg,خوراکی 
OLANZAPINE,زیپروبایوکس,قرص,2.5 mg,خوراکی 
DILTIAZEM HYDROCHLORIDE,دیلتیژل,ژل,2 % 30 g,موضعی 
AMLODIPINE (AS BESILATE) / VALSARTAN,بلووان ای,قرص,5 mg/80 mg,خوراکی 
DULOXETINE,سیمبالتین,کپسول,30 mg,انتریک کوتد خوراکی
METRONIDAZOLE,متروماکس,قرص,500 mg,خوراکی 
CARBAMAZEPINE,تگرتول سی آر,قرص,400 mg,پیوسته رهش خوراکی
GEMCITABINE HYDROCHLORIDE,انکوزار,محلول,100 mg/1mL 10 mg,غلیظ تزریقی پرنترال
DESLORATADINE,نئونکس,شربت,2.5 mg/5 mL 120 mL,خوراکی 
POVIDONE IODINE,پوویدون آیداین,محلول,7.5 % 1 L,موضعی 
GANCICLOVIR,گانسیکلوویر,پودر,500 mg mg,لئوفیلیزه برای تهیه محلول تزریقی پرنترال
BENDAMUSTINE HYDROCHLORIDE,ریبوسدال,پودر,25 mg mg,برای تهیه محلول تزریقی پرنترال
IMMUNE GLOBULIN,آی جی ونا,تزریقی,50 mg/1mL 100 g,داخل وریدی
ROSUVASTATIN (AS CALCIUM),کرستوسد,قرص,20 mg,خوراکی 
AMLODIPINE (AS BESILATE),آملوتد,قرص,5 mg,خوراکی 
DICLOFENAC SODIUM,دیکلوفناک سدیم,قرص,100 mg,پیوسته رهش خوراکی
ACETAMINOPHEN / CAFFEINE,استامینوفن/کافئین,قرص,500 mg/65 mg,خوراکی 
PALBOCICLIB,پالبوبرست,کپسول,75 mg,خوراکی 
CICLOSPORIN,ساندیمون نئورال,,100 mg/1mL 50 mL,محلول خوراکی
EXPECTORANT CODEINE,اکسپکتورانت کدئین,,100 mg/30 mg/10 mg/5 mL 60 mL,شربت خوراکی
DICLOFENAC SODIUM,دیفیلناک,شیاف,100 mg,مقعدی 
QUETIAPINE (AS FUMARATE),بایوکویتین,قرص,25 mg,خوراکی 
PALBOCICLIB,آیبرکت,کپسول,75 mg,خوراکی 
PANCREATIN,پانفورت,کپسول,) 25000 [iU],(پلت های انتریک کوتد خوراکی
KETOCONAZOLE,کتوکونازول-ناژو,شامپو,2 % 100 mL,موضعی 
CLOTRIMAZOLE,کاندیزل,کرم,1 % 15 g,موضعی 
PHENYLEPHRINE HYDROCHLORIDE,فنیل افرین,اسپری,0.25 % 15 mL,از راه بینی
MIDODRINE HYDROCHLORIDE,میدودار,قرص,5 mg,خوراکی 
DEXAMETHASONE,دگزامتازون,قرص,0.5 mg,خوراکی 
PROPOFOL,پروپوفول ام سی تی,امولسیون,10 mg/1mL 50 mg,تزریقی پرنترال
REGORAFENIB,رگافیب,قرص,40 mg,خوراکی 
ALPRAZOLAM,آلپرازولام,قرص,1 mg,خوراکی 
FAMPRIDINE,اسپینورال,قرص,10 mg,پیوسته رهش خوراکی
SITAGLIPTIN (AS PHOSPHATE) / METFORMIN HYDROCHLORIDE,ژانومیکس,قرص,50 mg/1000 mg,خوراکی 
CYCLOPENTOLATE HYDROCHLORIDE,سیکلوپنتولیت,محلول,1 % 5 mL,چشمی 
DAPAGLIFLOZIN (AS PROPANEDIOL) / METFORMIN HYDROCHLORIDE,گلوکسیگا-ام,قرص,5 mg/500 mg,پیوسته رهش خوراکی
EMPAGLIFLOZIN,امپاگلیبت,قرص,25 mg,خوراکی 
PROPOFOL,پروپوفول-لیپورو,امولسیون,10 mg/1mL 50 mg,تزریقی پرنترال
MAGNESIUM HYDROXIDE,مگنی میلک,سوسپانسیون,8 % 240 mL,خوراکی 
CICLOSPORIN,سیلورین,کپسول,50 mg,حاوی مایع خوراکی
IMIGLUCERASE,سرزایم,پودر,400 [iU] mg,برای تهیه محلول تزریقی پرنترال
ACETAMINOPHEN,ولوتیل,قرص,325 mg,خوراکی 
OXAZEPAM,ولوپام,قرص,10 mg,خوراکی 
BARICITINIB,باریسیتینیب,قرص,2 mg,خوراکی 
MIDAZOLAM,میدازولکس,تزریقی,5 mg/1mL 3 mg,پرنترال 
ATOMOXETINE HYDROCHLORIDE,استراکسین,کپسول,10 mg,خوراکی 
OFLOXACIN,افلوراپ,"محلول،",3 mg/1mL 5 mL,قطره چشمی
AMLODIPINE (AS BESILATE),آنژیوواسک,قرص,5 mg,خوراکی 
HYDRALAZINE HYDROCHLORIDE,آروزولین,قرص,10 mg,خوراکی 
BORTEZOMIB,الوکید,پودر,3.5 mg mg,لئوفیلیزه برای تهیه محلول تزریقی پرنترال
BUDESONIDE,پالمیکورت,,400 ug/1{dose} 100 mg,پودر با دوز اندازه گیری شده استنشاقی
EMPAGLIFLOZIN,جاریبت,قرص,25 mg,خوراکی 
SALMETEROL (AS XINAFOATE) / FLUTICASONE PROPIONATE,سالمترول/فلوتیکازون,آئروسل,25 ug/125 ug/1{dose} 120 {Puff},با دوز اندازه گیری شده استنشاقی
BOTULINUM A TOXIN,لوسنترا,پودر,300 [iU] [iU],لئوفیلیزه برای تهیه محلول تزریقی پرنترال
CO-AMOXICLAV,آفاکلاو,پودر,200 mg/28.5 mg/5 mL 100 mg,برای تهیه سوسپانسیون خوراکی
VEDOLIZUMAB,ودآریو,پودر,300 mg mg,لئوفیلیزه برای تهیه محلول تزریقی پرنترال
CLARITHROMYCIN,کلاریکس,پودر,250 mg/5 mL 60 mL,برای تهیه سوسپانسیون خوراکی
TEMOZOLOMIDE,رادوتم,کپسول,100 mg,خوراکی 
CITALOPRAM,بایوکسال,قرص,40 mg,خوراکی 
ARIPIPRAZOLE,سروزول,قرص,5 mg,خوراکی 
ROSUVASTATIN (AS CALCIUM),فارستور,قرص,20 mg,خوراکی 
APREPITANT,امکسیر,کپسول,125 mg,خوراکی 
CINACALCET (AS HYDROCHLORIDE),سیناکلسین,قرص,30 mg,خوراکی 
NITROGLYCERIN,نیتروژل,کپسول,0.4 mg,حاوی مایع خوراکی
SACUBITRIL / VALSARTAN,کاردورستو,قرص,24 mg/26 mg,خوراکی 
FAMOTIDINE,مداتیدین,قرص,40 mg,خوراکی 
BETAMETHASONE (AS VALERATE),بتامتازون بهسا,پماد,0.1 % 15 g,موضعی 
DEFERASIROX,اسورال,قرص,500 mg,برای تهیه سوسپانسیون خوراکی
SITAGLIPTIN (AS PHOSPHATE),سیتاگلیپتین,قرص,50 mg,خوراکی 
HYDROXYCHLOROQUINE SULFATE,هیدروکسی کلروکین سولفات,قرص,200 mg,خوراکی 
METFORMIN HYDROCHLORIDE,نیلفورمین,قرص,500 mg,خوراکی 
ANTIHEMORRHOID,آفی رکتیل,پماد,50 mg/2.75 mg/35 mg/180 mg/1g 15 g,مقعدی 
ZOLPIDEM TARTRATE,زولپیدم-سبحان,قرص,5 mg,خوراکی 
IPRATROPIUM BROMIDE,ایپراترونکس-پی بی ای,اسپری,21 ug/1{Puff} 15 mL,با دوز اندازه گیری شده از راه بینی
FEXOFENADINE HYDROCHLORIDE,فکسوکیم,قرص,180 mg,خوراکی 
PRAMIPEXOLE (AS DIHYDROCHLORIDE),پرامیکسون,قرص,0.7 mg,خوراکی 
PIRFENIDONE,پولبیرت,قرص,200 mg,خوراکی 
ACETAMINOPHEN / CAFFEINE / IBUPROFEN,دی پی فن,کپسول,325 mg/40 mg/200 mg,خوراکی 
DESLORATADINE,نئودیمین,قرص,5 mg,خوراکی 
FINERENONE,کورنو,قرص,10 mg,خوراکی 
ALENDRONATE (AS SODIUM),آلندرونیت,قرص,70 mg,خوراکی 
IOHEXOL,آیوهگزول,تزریقی,350 mg/1mL 100 mL,پرنترال 
CELECOXIB,سلکوکسیب-شفا,کپسول,100 mg,خوراکی 
PENICILLIN G BENZATHIN,پن ال ای,پودر,1200000 [iU] [iU],برای تهیه فرآورده تزریقی پرنترال
TRIPLE SULFA,تریپوال,کرم,3.42 %/2.86 %/3.7 % 78 g,واژینال 
POTASSIUM CITRATE,زاپوسیت,قرص,10 meq,پیوسته رهش خوراکی
ROCURONIUM BROMIDE,کاسمرون,محلول,10 mg/1mL 10 mL,تزریقی پرنترال
VALACYCLOVIR,والاسیکلوویر,قرص,500 mg,خوراکی 
GOSERELIN (AS ACETATE),زولادکس ال آ,ایمپلنت,10.8 mg mg,پرنترال 
GENTIAN VIOLET,ویوله دوژانسین,محلول,1 % 10 mL,موضعی 
LOSARTAN POTASSIUM,پوزارکس,قرص,50 mg,خوراکی 
LEVOFLOXACIN,لتانکس,قرص,750 mg,خوراکی 
SILDENAFIL (AS CITRATE),ویگراز,قرص,50 mg,خوراکی 
CLEMASTINE,کلماستین,قرص,1 mg,خوراکی 
AZITHROMYCIN,آزیترومایسین,پودر,100 mg/5mL 30 g,برای تهیه سوسپانسیون خوراکی
CIPROFLOXACIN (AS LACTATE),اینفیو-لوکساسین,محلول,2 mg/1mL 200 mL,تزریقی داخل وریدی
URSODEOXYCHOLIC ACID,اورسیل,کپسول,300 mg,خوراکی 
VALSARTAN / HYDROCHLOROTHIAZIDE,والزودک-اچ سی تی,قرص,80 mg/12.5 mg,خوراکی 
EMPAGLIFLOZIN,پگلیانس,قرص,10 mg,خوراکی 
LEVOFLOXACIN,ریفکساسین,قرص,500 mg,خوراکی 
FLUOXETINE (AS HYDROCHLORIDE),فلوکسیبکس,کپسول,20 mg,خوراکی 
CEFAZOLIN,سفازولین-اکسیر,پودر,1 g g,برای تهیه محلول تزریقی پرنترال
ACETAMINOPHEN / CAFFEINE,کات پین رازک,قرص,500 mg/65 mg,خوراکی 
BECLOMETHASONE DIPROPIONATE,دی بی نازال کورت,,50 ug/1 {dose} 200 mL,اسپری از راه بینی
DEXTROSE,دکستروز (بگ),محلول,50 % 50 mL,غلیظ تزریقی داخل وریدی
DIAZEPAM,دیازپام-بهوزان,شیاف,5 mg,مقعدی 
NATALIZUMAB,تایسبری,محلول,20 mg/1mL 15 mg,غلیظ تزریقی پرنترال
CEFIXIME,لوپراکس,قرص,200 mg,خوراکی 
ATORVASTATIN (AS CALCIUM),آتوسترول,قرص,40 mg,خوراکی 
ACARBOSE,آکاربوز,قرص,50 mg,خوراکی 
DEXTROSE,دکستروز (بگ),محلول,20 % 50 mL,تزریقی داخل وریدی
BARICITINIB,بارتیزا,قرص,2 mg,خوراکی 
SODIUM BICARBONATE,سدیم بی کربنات,تزریقی,7.5 % 50 mL,پرنترال 
HYDROXYZINE HYDROCHLORIDE,هیدروکسی زین,,10 mg/5mL 120 mL,شربت خوراکی
VITAMIN B1 (THIAMINE),تیام ویت,قرص,300 mg,خوراکی 
BISOPROLOL FUMARATE,بی بتا,قرص,2.5 mg,خوراکی 
FINASTERIDE,فیناید,قرص,1 mg,خوراکی 
RANOLAZINE,رانولازین,قرص,500 mg,پیوسته رهش خوراکی
BEVACIZUMAB,اواستین,محلول,25 mg/1mL 16 mg,غلیظ تزریقی پرنترال
CYTARABINE,آلکسان,محلول,20 mg/1mL 5 mg,تزریقی پرنترال
NAPHAZOLINE HYDROCHLORIDE,ناپریزول,اسپری,0.05 % 20 mL,از راه بینی
SIMETHICONE (DIMETHICONE ACTIVATED),فلاتوژل,کپسول,180 mg,حاوی مایع خوراکی
ACETAMINOPHEN / CAFFEINE / IBUPROFEN,آمیفن پلاس,کپسول,325 mg/40 mg/200 mg,خوراکی 
BISOPROLOL FUMARATE,زباکر,قرص,5 mg,خوراکی 
OLAPARIB,پارزینو,قرص,100 mg,خوراکی 
CLINDAMYCIN (AS PHOSPHATE),دالازان,شیاف,100 mg,واژینال 
SERTRALINE (AS HYDROCHLORIDE),اینوسترال,قرص,100 mg,خوراکی 
PREGABALIN,لیریکا,کپسول,75 mg,خوراکی 
VALSARTAN,والسارتان-اکسیر,قرص,80 mg,خوراکی 
VIGABATRIN,ویگابالپس,پودر,500 mg g,برای تهیه محلول خوراکی
WARFARIN SODIUM,ریفانا,قرص,5 mg,خوراکی 
SITAGLIPTIN (AS PHOSPHATE),سیتاگلیپتین-حکیم,قرص,100 mg,خوراکی 
TORSEMIDE,تورزاید,قرص,10 mg,خوراکی 
TRIAMCINOLONE ACETONIDE,تریلوتاپ,,0.1 % 15 g,پماد موضعی
CYPROTERONE COMPOUND,سیبل,قرص,2 mg/0.035 mg,خوراکی 
FINASTERIDE,فینوسکار,قرص,5 mg,خوراکی 
LANSOPRAZOLE,لنسیدر,کپسول,15 mg,انتریک کوتد خوراکی
GALANTAMINE (AS HYDROBROMIDE),رمینیل,کپسول,16 mg,انتریک کوتد خوراکی
MEMANTINE HYDROCHLORIDE,مموکسا,قرص,10 mg,خوراکی 
SORAFENIB (AS TOSYLATE),سوارا,قرص,200 mg,خوراکی 
CEFOTAXIME (AS SODIUM),سفوتاکسیم-اکسیر,پودر,500 mg mg,برای تهیه محلول تزریقی پرنترال
ARIPIPRAZOLE,آریزوور,قرص,10 mg,خوراکی 
CLOTRIMAZOLE / BETAMETHASONE (AS DIPROPIONATE),بتاکلوزان,لوسیون,1 %/0.05 % 30 mL,موضعی 
CEFEPIME (AS HYDROCHLORIDE),آفاکساپیم,پودر,2 g g,برای تهیه محلول تزریقی پرنترال
GLICLAZIDE,گلیزان,قرص,80 mg,خوراکی 
SUNITINIB (AS MALATE),سانیتیبان,کپسول,12.5 mg,خوراکی 
ACETAMINOPHEN / CAFFEINE / IBUPROFEN,کامپی فن,کپسول,325 mg/40 mg/200 mg,خوراکی 
ACETAMINOPHEN / CAFFEINE,آمیفن اکسترا,قرص,500 mg/65 mg,خوراکی 
EPINEPHRINE,اپی نفرین,تزریقی,1 mg/1mL 1 mL,پرنترال 
ACETAMINOPHEN,استامینوفن,شیاف,325 mg,مقعدی 
VITAMIN B12,ویتامین ب 12,تزریقی,1000 ug/1mL mL,پرنترال 
TROPICAMIDE,میدراکس,"محلول،",1 % 10 mL,قطره چشمی
CHLORTHALIDONE,کلرتالیدون,قرص,25 mg,خوراکی 
LEVODOPA / CARBIDOPA FORTE,لوودوپا-سی فورت,قرص,250 mg/25 mg,خوراکی 
VITAMIN K1 (PHYTOMENADIONE),کا اسکات,قرص,10 mg,جویدنی خوراکی
APIXABAN,زوفوریک,قرص,5 mg,خوراکی 
APIXABAN,آپیکسابان,قرص,2.5 mg,خوراکی 
EPIRUBICIN HYDROCHLORIDE,اپی روبیسین آکویدا,محلول,2 mg/1mL 5 mg,غلیظ تزریقی پرنترال
CO-AMOXICLAV,کولاکتام,پودر,400 mg/57 mg/5 mL 100 mL,برای تهیه سوسپانسیون خوراکی
NAPROXEN,پروکساژل,کپسول,200 mg,حاوی مایع خوراکی
TELMISARTAN,آربیکور,قرص,80 mg,خوراکی 
HYDROCORTISONE ACETATE,هیدروکورتیزون-ناژو,پماد,1 % 15 g,موضعی 
CLINDAMYCIN (AS HYDROCHLORIDE),داتیسین,کپسول,150 mg,خوراکی 
AZITHROMYCIN,آزیترومایسین,کپسول,250 mg,خوراکی 
LEVODOPA / BENSERAZIDE,لووپارکین,قرص,200 mg/50 mg,خوراکی 
BETAMETHASONE (AS VALERATE),بتامتازون-عماد,پماد,0.1 % 15 g,موضعی 
ACETAMINOPHEN / DIPHENHYDRAMINE / PHENYLEPHRINE,رازوکلد,شربت,160 mg/12.5 mg/2.5 mg/5mL 60 mL,خوراکی 
BISOPROLOL FUMARATE,دلکور,قرص,2.5 mg,خوراکی 
GLICLAZIDE,دیامیکرون ام آر,قرص,60 mg,پیوسته رهش خوراکی
VORICONAZOLE,ریکانزا,پودر,200 mg mg,برای تهیه محلول تزریقی پرنترال
METOPROLOL SUCCINATE,آنژیپول,قرص,47.5 mg,پیوسته رهش خوراکی
BETAMETHASONE (AS DISODIUM PHOSPHATE),رابت,"محلول،",0.1 % 5 mL,قطره چشمی
EMPAGLIFLOZIN / METFORMIN HYDROCHLORIDE,پگلیمت,قرص,10 mg/1000 mg,پیوسته رهش خوراکی
SODIUM CHLORIDE,سدیم کلراید,محلول,7 % 4 mL,استنشاقی 
GABAPENTIN,گاباکس,کپسول,100 mg,خوراکی 
PERPHENAZINE,پرفنازین,قرص,2 mg,خوراکی 
REMDESIVIR,رمدسیویر,پودر,100 mg mg,برای تهیه محلول تزریقی پرنترال
CLOBETASOL PROPIONATE,کلوکورت,کرم,0.05 % 15 g,موضعی 
EMPAGLIFLOZIN / METFORMIN HYDROCHLORIDE,جاردی پلاس,قرص,12.5 mg/500 mg,خوراکی 
CO-AMOXICLAV,کلاموکس,پودر,200 mg/28.5 mg/5 mL 100 mL,برای تهیه سوسپانسیون خوراکی
AMOXICILLIN,رونمکس,کپسول,500 mg,خوراکی 
INDAPAMIDE,اینداول,قرص,2.5 mg,خوراکی 
CLOTRIMAZOLE / BETAMETHASONE (AS DIPROPIONATE),کلوتریمازول/بتامتازون-بهوزان,کرم,1 %/0.05 % 45 g,موضعی 
EMPAGLIFLOZIN / LINAGLIPTIN / METFORMIN HYDROCHLORIDE,آوانومت,قرص,10 mg/5 mg/1000 mg,پیوسته رهش خوراکی
TETRACYCLINE HYDROCHLORIDE,تتراسایکلین,کپسول,250 mg,خوراکی 
CELECOXIB,سلکسیب,کپسول,100 mg,خوراکی 
CO-AMOXICLAV,کو-آموکسی کلاو,پودر,250 mg/62.5 mg/5mL 100 mL,برای تهیه سوسپانسیون خوراکی
DICLOFENAC SODIUM,پین آف,کپسول,100 mg,پیوسته رهش خوراکی
IFOSFAMIDE,آیفوسدال,محلول,50 mg/1mL 20 g,تزریقی پرنترال
AMLODIPINE (AS BESILATE) / VALSARTAN,سینومیکس,قرص,5 mg/160 mg,خوراکی 
CHLORPROMAZINE HYDROCHLORIDE,نورمازین,قرص,100 mg,خوراکی 
ADULT COLD PREPARATIONS (4-1),ناژوکلد,قرص,500 mg/5 mg/25 mg,خوراکی 
SUNITINIB (AS MALATE),سانیتیبان,کپسول,50 mg,خوراکی 
DULOXETINE,سیمبالتین,کپسول,60 mg,انتریک کوتد خوراکی
ENOXAPARIN SODIUM,ناکسپرین,تزریقی,100 mg/1mL 0.4 mL,پرنترال 
PERMETHRIN,پرمترین,شامپو,1 % 60 mL,موضعی 
BILASTINE,اکتوبیلاست,قرص,20 mg,خوراکی 
METHYLPREDNISOLONE (AS SODIUM SUCCINATE),لیو-مدرول,پودر,500 mg mg,برای تهیه محلول تزریقی پرنترال
KETOTIFEN (AS FUMARATE),کتوتیفن-حکیم,شربت,1 mg/5mL 120 mL,خوراکی 
PHOSPHATE (ORGANIC),گلیکوفوس,تزریقی,216 mg/1mL 20 mL,پرنترال 
CEFTIZOXIME,سفتی زوکسیم,پودر,1 g g,برای تهیه محلول تزریقی پرنترال
DEXTROSE,دکستروز,محلول,5 % 1000 L,تزریقی داخل وریدی
AMOXICILLIN,آموراکس,کپسول,500 mg,خوراکی 
TRAMADOL HYDROCHLORIDE,ترامد,قرص,100 mg,خوراکی 
METOPROLOL TARTRATE,متورال,قرص,50 mg,خوراکی 
FAMPRIDINE,دالفیرا,قرص,10 mg,پیوسته رهش خوراکی
METRONIDAZOLE,فلاژیکس,قرص,500 mg,خوراکی 
BUPRENORPHINE (AS HYDROCHLORIDE),بوپرنورفین,قرص,8 mg,زیرزبانی 
ESOMEPRAZOLE,مکسوپرازول,قرص,20 mg,انتریک کوتد خوراکی
ENOXAPARIN SODIUM,ناکسپرین,تزریقی,100 mg/1mL 0.6 mL,پرنترال 
TELMISARTAN,تلمیک,قرص,80 mg,خوراکی 
TICAGRELOR,برلور,قرص,60 mg,خوراکی 
FAMOTIDINE,فاموتیبان,قرص,20 mg,خوراکی 
MINOXIDIL,ماینوکسیدیل,محلول,20 mg/1mL 60 mL,موضعی 
VALPROATE SODIUM,رهاکین,,200 mg/5mL 250 mL,شربت خوراکی
GADOTERATE MEGLUMINE,زتارم,تزریقی,376.9 mg/1mL 15 mL,پرنترال 
LYNESTRENOL,لاینسترنول,قرص,0.5 mg,خوراکی 
DICLOFENAC SODIUM,مکسید,محلول,2 % 60 mL,موضعی 
CEFUROXIME (AS AXETIL),فارینات,قرص,250 mg,خوراکی 
INSULIN GLARGINE / LIXISENATIDE,سولیکوآ,تزریقی,100 [iU]/50 ug/1mL 3 mL,پرنترال 
AMLODIPINE (AS BESILATE) / VALSARTAN,بهفورج,قرص,5 mg/160 mg,خوراکی 
CALAMINE,کالامین,لوسیون,8 % 60 mL,موضعی 
TEMOZOLOMIDE,رادوتم,کپسول,20 mg,خوراکی 
GLICLAZIDE,آنی کلاز,قرص,60 mg,پیوسته رهش خوراکی
GENTIAN VIOLET,دوژانسین,,1 % 10 mL,محلول موضعی
LANSOPRAZOLE,لنسیدر,کپسول,30 mg,انتریک کوتد خوراکی
PANTOPRAZOLE (AS SODIUM SESQUIHYDRATE),پنتوزومد,قرص,20 mg,انتریک کوتد خوراکی
CLINDAMYCIN (AS PHOSPHATE) / CLOTRIMAZOLE,فمی مایسین,کرم,2 %/2 % 30 g,واژینال 
CINNARIZINE,اسوه-سیناریزین,قرص,75 mg,خوراکی 
MIGLUSTAT,میگلوتان,کپسول,100 mg,خوراکی 
POVIDONE IODINE,تولیدین,محلول,10 % 60 mL,موضعی 
BOTULINUM A TOXIN,دیستون,پودر,300 [iU] U,لئوفیلیزه برای تهیه محلول تزریقی پرنترال
BETAMETHASONE (AS VALERATE),بتامتازون-حنان,,0.1 % 15 g,پماد موضعی
VITAMIN A / VITAMIN D,ویتامین آ+د-عماد,پماد,850 [iU]/85 [iU]/1g 30 g,موضعی 
SODIUM CHLORIDE,سدیم کلراید (بگ),محلول,5 % 50 mL,تزریقی داخل وریدی
DABIGATRAN ETEXILATE (AS MESYLATE),مت-بیگ,کپسول,150 mg,خوراکی 
SUNITINIB (AS MALATE),تایسونا,کپسول,12.5 mg,خوراکی 
PREGABALIN,پرگاسول,کپسول,75 mg,خوراکی 
ATROPINE SULFATE,آترین,"محلول،",1 % 10 mL,قطره چشمی
NAPROXEN,تداپروکس,قرص,250 mg,خوراکی 
DICLOFENAC SODIUM,ولتادک,قرص,75 mg,پیوسته رهش خوراکی
CLINDAMYCIN (AS PHOSPHATE),دالاسین,تزریقی,150 mg/1mL 2 mg,پرنترال 
BUDESONIDE,ناگزونلا,اسپری,64 ug/1{dose} 120 mL,از راه بینی
LACOSAMIDE,لاکوزامید,قرص,50 mg,خوراکی 
ACETAMINOPHEN,استامینوفن,کپسول,325 mg,حاوی مایع خوراکی
COLISTIMETHATE SODIUM,کولیمیت,پودر,1000000 [iU] [iU],برای تهیه محلول تزریقی پرنترال
UPADACITINIB,نوپادا,قرص,30 mg,پیوسته رهش خوراکی
LEVODOPA / BENSERAZIDE,نوراستور,قرص,100 mg/25 mg,خوراکی 
PACLITAXEL,الوپکس,تزریقی,6 mg/1mL 5 mg,پرنترال 
BIOTIN,بیوجکت,محلول,5 mg/1mL 1 mL,تزریقی عضلانی
DICLOFENAC SODIUM,دیکوزان,شیاف,50 mg,مقعدی 
QUETIAPINE (AS FUMARATE),کوئتیاپین-حکیم,قرص,25 mg,خوراکی 
TEMOZOLOMIDE,براتوما,کپسول,140 mg,خوراکی 
GEMFIBROZIL,ری فیبروزیل,قرص,450 mg,خوراکی 
COLISTIMETHATE SODIUM,کلیستیمتات,پودر,4500000 [iU] [iU],برای تهیه محلول تزریقی پرنترال
RANIBIZUMAB,ویسنتیس,محلول,10 mg/1mL 1 mL,تزریقی پرنترال
PROPRANOLOL HYDROCHLORIDE,پرانول,قرص,10 mg,خوراکی 
ATOMOXETINE HYDROCHLORIDE,آتوبایوکس,کپسول,25 mg,خوراکی 
HYDROCORTISONE ACETATE,کورتینیل,پماد,1 % 3 g,چشمی 
GANIRELIX (AS ACETATE),گونارلیکس,تزریقی,500 ug/1mL 0.5 mL,پرنترال 
PROPAFENONE HYDROCHLORIDE,پرونون,قرص,150 mg,خوراکی 
MESALAZINE,مزالازین,قرص,400 mg,انتریک کوتد خوراکی
DEXTROMETHORPHAN HYDROBROMIDE,دکسترومتورفان نیکسادا,شربت,15 mg/5mL 60 mL,خوراکی 
VORICONAZOLE,وریکونازول,قرص,200 mg,خوراکی 
DESLORATADINE,دسلوراژین,قرص,5 mg,خوراکی 
HYOSCINE-N-BUTYL BROMIDE,هیوتکس,قرص,10 mg,خوراکی 
MESALAZINE,مزالوور,قرص,1200 mg,پیوسته رهش خوراکی
IBUPROFEN,تدافن,کپسول,200 mg,حاوی مایع خوراکی
REPAGLINIDE,رپاگلیناید,قرص,2 mg,خوراکی 
AMPICILLIN,آمپیکسیل,پودر,500 mg mg,برای تهیه محلول تزریقی پرنترال
LOVASTATIN,لوواستاتین,قرص,20 mg,خوراکی 
ADULT COLD PREPARATIONS (4-7),کلد استاپ رازک,قرص,500 mg/10 mg/25 mg,خوراکی 
SOMATROPIN,سیناتروپین,تزریقی,20 [iU]/1mL 1.5 [iU],پرنترال 
CLOBETASOL PROPIONATE,کلوبتازول,لوسیون,0.05 % 30 mL,موضعی 
TRASTUZUMAB,آریوتراست,پودر,150 mg mg,لئوفیلیزه برای تهیه محلول تزریقی پرنترال
MOMETASONE FUROATE,راویزون,"اسپری،",0.05 % 20 mL,سوسپانسیون از راه بینی
DICLOFENAC SODIUM,ولتادک,کپسول,100 mg,پیوسته رهش خوراکی
EMPAGLIFLOZIN / LINAGLIPTIN,امپاگلیفلوزین / لیناگلیپتین,قرص,10 mg/5 mg,خوراکی 
HYDROCORTISONE (AS SODIUM SUCCINATE),بی دی استروسول,پودر,100 mg mg,برای تهیه محلول تزریقی پرنترال
SUNITINIB (AS MALATE),سونیتینیب اکویدا,کپسول,25 mg,خوراکی 
METHOTREXATE,کیوراترکس,محلول,100 mg/1mL 10 mg,غلیظ تزریقی پرنترال
ASPARAGINASE,سلژیناز,پودر,10000 [iU] [iU],برای تهیه محلول تزریقی پرنترال
CAPECITABINE,کپسیتابین آکویدا,قرص,500 mg,خوراکی 
BUDESONIDE / FORMOTEROL FUMARATE,لیراکورت,پودر,320 ug/9 ug/1{dose} 60 {Puff},با دوز اندازه گیری شده استنشاقی
REPAGLINIDE,پراگلیناید,قرص,1 mg,خوراکی 
CICLOSPORIN,ساندیمون,محلول,50 mg/1mL 1 mg,تزریقی داخل وریدی
TIMOLOL (AS MALEATE),تیمولین,"محلول،",0.5 % 5 mL,قطره چشمی
PROCARBAZINE (AS HYDROCHLORIDE),هدپرو,کپسول,50 mg,خوراکی 
SEVELAMER CARBONATE,کولیمر,قرص,800 mg,خوراکی 
AZITHROMYCIN,آزیترومایسین سها,کپسول,250 mg,خوراکی 
ALBUMIN (HUMAN),آلبینوکس,محلول,20 % 50 mL,تزریقی پرنترال
ALUMINIUM HYDROXIDE / MAGNESIUM HYDROXIDE / SIMETHICONE,آلومینیوم ام جی اس,قرص,200 mg/200 mg/25 mg,جویدنی خوراکی
PEDIATRIC GRIPPE,سرماخوردگی کودکان بهسا,شربت,0.67 mg/10 mg/5mL 60 mL,خوراکی 
ATROPINE SULFATE,آترین,"محلول،",0.5 % 10 mL,قطره چشمی
LISDEXAMFETAMINE MESILATE,اتونس,کپسول,30 mg,خوراکی 
DOCETAXEL,دسه تاکسل آکویدا,محلول,20 mg/1mL 4 mg,تزریقی داخل وریدی
TRAMADOL HYDROCHLORIDE,تدامول,قرص,100 mg,خوراکی 
CALAMINE,کالامین-سبحان,کرم,8 % 30 g,موضعی 
MUPIROCIN,موپیروسین-ناژو,پماد,2 % 15 g,موضعی 
MITOTANE,میتو اسپال - تی,قرص,500 mg,خوراکی 
EMPAGLIFLOZIN / LINAGLIPTIN,لی نیپا,قرص,25 mg/5 mg,خوراکی 
HALOPERIDOL (AS LACTATE),هالوپریدول,تزریقی,5 mg/1mL mL,پرنترال 
OXYMETAZOLINE HYDROCHLORIDE,اکسی متازولین,اسپری,0.1 % 20 mL,از راه بینی
INDOMETHACIN,ایندیک,شیاف,50 mg,مقعدی 
PEMETREXED (AS DISODIUM),الوپم,پودر,100 mg mg,لئوفیلیزه برای تهیه محلول تزریقی پرنترال
FLUOROURACIL,فلورواوراسیل,تزریقی,50 mg/1mL 20 mg,پرنترال 
TOFACITINIB (AS CITRATE),روفانیب,قرص,10 mg,خوراکی 
IPRATROPIUM BROMIDE,آتروآلدو,اسپری,20 ug/1{dose} 200 mg,استنشاقی 
LIDOCAINE / EPINEPHRINE,زایپی دنت,تزریقی,20 mg/12.5 ug/1mL 1.8 mL,پرنترال 
CETIRIZINE HYDROCHLORIDE,لتیزن,قرص,10 mg,خوراکی 
FLUCONAZOLE,فلوکونازول,تزریقی,2 mg/1mL 100 mL,پرنترال 
MITOTANE,لایزودرن,قرص,500 mg,خوراکی 
TOFACITINIB (AS CITRATE),توفازا,قرص,10 mg,خوراکی 
TIZANIDINE,تیزاکیم,قرص,4 mg,خوراکی 
BECLOMETHASONE DIPROPIONATE,مای بکلو,آئروسل,100 ug/1{dose} 200 {Puff},با دوز اندازه گیری شده استنشاقی
GOSERELIN (AS ACETATE),زولادکس,ایمپلنت,3.6 mg mg,پرنترال 
LIPID INFUSION 10% (2),اینترالیپید 10 %,محلول,100 mg/22 mg/12 mg/1mL 500 mL,تزریقی داخل وریدی
CEFTAZIDIME,سفتازیدیم-اکسیر,پودر,500 mg mg,برای تهیه محلول تزریقی پرنترال
USTEKINUMAB,استلارا,محلول,90 mg/1mL 0.5 mg,تزریقی پرنترال
SODIUM CHLORIDE,سدیم کلراید,محلول,0.45 % 1000 L,تزریقی پرنترال
DICYCLOMINE HYDROCHLORIDE,دی سیکلومین-الحاوی,الگزیر,10 mg/5mL 60 mL,خوراکی 
CLEMASTINE,کلماستین,تزریقی,1 mg/1mL 2 mg,پرنترال 
GENTAMICIN,جنتامایسین,تزریقی,40 mg/1mL 1 mL,پرنترال 
PROPRANOLOL HYDROCHLORIDE,پرانول,قرص,40 mg,خوراکی 
ETHOSUXIMIDE,اتوسوکسیماید,کپسول,250 mg,خوراکی 
AMPICILLIN,آمپی ویل,پودر,1 g g,برای تهیه محلول تزریقی پرنترال
POTASSIUM CHLORIDE,پلاس کالیم ریتارد,قرص,600 mg,پیوسته رهش خوراکی
IRINOTECAN HYDROCHLORIDE,ایرینوتکان هیدروکلراید,محلول,20 mg/1mL 5 mL,غلیظ تزریقی پرنترال
METHYLPHENIDATE HYDROCHLORIDE,ریتافن,قرص,18 mg,پیوسته رهش خوراکی
DEXPANTHENOL,رایوپن,محلول,250 mg/1mL 2 mL,تزریقی پرنترال
AMOXICILLIN,آفاموکس,کپسول,500 mg,خوراکی 
SITAGLIPTIN (AS PHOSPHATE),سیتاگلیپتین-شفا,قرص,25 mg,خوراکی 
VITAMIN E,ویتامین ای,تزریقی,100 [iU]/1mL mL,پرنترال 
IOPAMIDOL,اسکن لوکس,تزریقی,300 mg/1mL 50 g,پرنترال 
CIPROFLOXACIN (AS HYDROCHLORIDE),سیپلکس,"محلول،",0.3 % 10 mL,قطره چشمی
BISOPROLOL FUMARATE,بیسوتا,قرص,5 mg,خوراکی 
PERMETHRIN,نیکسترین,شامپو,1 % 60 mL,موضعی 
MINOCYCLINE (AS HYDROCHLORIDE),زتاریکس کیمازی,کپسول,100 mg,خوراکی 
ACETAMINOPHEN,استامینوفن-شفا,قرص,500 mg,خوراکی 
CITALOPRAM,سیتالوپرام-حکیم,قرص,20 mg,خوراکی 
IODIXANOL,ویزیپک,تزریقی,270 mg/1mL 50 mL,پرنترال 
DONEPEZIL HYDROCHLORIDE,دونپت,قرص,10 mg,خوراکی 
NIMODIPINE,نیمودیپین آلتان,محلول,0.2 mg/1mL 50 mg,تزریقی داخل وریدی
ACETAMINOPHEN / CAFFEINE / IBUPROFEN,دروفن,کپسول,325 mg/40 mg/200 mg,خوراکی 
L-CARNITINE,ال-کارنیت,محلول,100 mg/1mL 120 mL,خوراکی 
OFLOXACIN,افلوراپ,"محلول،",3 mg/1mL 5 mL,قطره چشمی
SACUBITRIL / VALSARTAN,ساکوفید,قرص,97 mg/103 mg,خوراکی 
DACTINOMYCIN,کاسمژن,پودر,0.5 mg ug,برای تهیه محلول تزریقی پرنترال
AZELAIC ACID,آزلادرم,کرم,20 % 30 g,موضعی 
FINGOLIMOD (AS HYDROCHLORIDE),فینگولیمد,کپسول,0.5 mg,خوراکی 
COAGULATION FACTOR VIII (HUMAN PLASMA DERIVED),اموکلات,پودر,500 [iU] [iU],لئوفیلیزه برای تهیه محلول تزریقی پرنترال
METFORMIN HYDROCHLORIDE / LINAGLIPTIN,دیپتا پلاس,قرص,500 mg/2.5 mg,خوراکی 
METFORMIN HYDROCHLORIDE / GLIBENCLAMIDE,متفورمین / گلی بنکلامید,قرص,500 mg/5 mg,خوراکی 
METHYLERGONOVINE MALEATE,ملنه,تزریقی,0.2 mg/1mL 1 mg,پرنترال 
CELECOXIB,ری سلکس,کپسول,100 mg,خوراکی 
BISOPROLOL FUMARATE,زباکر,قرص,5 mg,خوراکی 
OXALIPLATIN,اکسالان,پودر,50 mg mg,لئوفیلیزه برای تهیه محلول تزریقی پرنترال
TETANUS IMMUNE GLOBULIN,تتانوس گاما,تزریقی,250 [iU]/1mL [iU],پرنترال 
DEXPANTHENOL,بپاکتو,محلول,250 mg/1mL 2 mg,تزریقی پرنترال
ACETAMINOPHEN / CAFFEINE / IBUPROFEN,نوافن,کپسول,325 mg/40 mg/200 mg,خوراکی 
ACETAMINOPHEN,کدیمال,قرص,500 mg,خوراکی 
METHYLDOPA,متیل دوپا,قرص,250 mg,خوراکی 
RIZATRIPTAN (AS BENZOATE),میگریتان,قرص,5 mg,خوراکی 
CALCITRIOL,سیترودیل,کپسول,0.25 ug,حاوی مایع خوراکی
LORATADINE,لوراتادین,قرص,10 mg,بازشونده در دهان خوراکی
ZOLPIDEM TARTRATE,زولپیدم-سبحان,قرص,10 mg,خوراکی 
GLICLAZIDE,زیدامد,قرص,60 mg,پیوسته رهش خوراکی
LIPID INFUSION 10% (1),لیپوفوندین  ام سی تی/ال سی تی 10 %,محلول,500 mL,تزریقی داخل وریدی
IBUPROFEN,ایبوویشار,قرص,800 mg,پیوسته رهش خوراکی
SERTRALINE (AS HYDROCHLORIDE),ریلوفت,قرص,50 mg,خوراکی 
ATORVASTATIN (AS CALCIUM),لیپیسید,قرص,20 mg,خوراکی 
LATANOPROST,لاتانوپروست آ ال,"محلول،",50 ug/1mL 2.5 mL,قطره چشمی
ATORVASTATIN (AS CALCIUM),لیپوکم,قرص,20 mg,خوراکی 
DAPAGLIFLOZIN (AS PROPANEDIOL),زیگفورویت,قرص,5 mg,خوراکی 
LIDOCAINE HYDROCHLORIDE,لیدوکائین,تزریقی,1 % 5 mL,پرنترال 
PANCREATIN,کرئون,کپسول,) 10000 [iU],(پلت های انتریک کوتد خوراکی
PREGABALIN,لایریور,کپسول,100 mg,خوراکی 
LOSARTAN POTASSIUM,لوزکسیر,قرص,25 mg,خوراکی 
CALCIPOTRIOL,پسوریامنت,پماد,50 ug/1g 30 g,موضعی 
TIRZEPATIDE,اسپارتینا,محلول,2.5 mg/0.5mL mg,تزریقی زیر جلدی
DIAZEPAM,دیاکسی,انما,5 mg mg,مقعدی 
ACETAMINOPHEN / CAFFEINE / IBUPROFEN,ریورلیفن,کپسول,325 mg/40 mg/200 mg,خوراکی 
SILVER SULFADIAZINE,سیلورسولفادیازین-عماد,کرم,1 % 500 g,موضعی 
SODIUM PHENYLBUTYRATE,آمونپس,قرص,500 mg,خوراکی 
NILOTINIB,نیتاگزا,کپسول,200 mg,خوراکی 
METFORMIN HYDROCHLORIDE,متفورمین-حکیم,قرص,500 mg,خوراکی 
POVIDONE IODINE,پوویدون آیداین-ناژو,محلول,7.5 % 1 L,موضعی 
PALIVIZUMAB,سیناجیس,محلول,50 mg/0.5mL mg,تزریقی پرنترال
QUETIAPINE (AS FUMARATE),سرامین,قرص,100 mg,خوراکی 
CLINDAMYCIN (AS PALMITATE HYDROCHLORIDE),داتیسین,پودر,75 mg/5mL 80 g,برای تهیه محلول خوراکی
ELTROMBOPAG (AS OLAMINE),پلیتی پگ,قرص,25 mg,خوراکی 
PREDNISOLONE,پردنیزولون,قرص,50 mg,خوراکی 
CARBETOCIN,کاربتوسین,محلول,100 ug/1mL 1 ug,تزریقی پرنترال
RITUXIMAB,ریتوکسی ور,تزریقی,10 mg/1mL 10 mL,پرنترال 
PIRFENIDONE,پیرفنیدون,قرص,267 mg,خوراکی 
SULFASALAZINE,سولفاسالازین,قرص,500 mg,انتریک کوتد خوراکی
CYCLOPHOSPHAMIDE,سیکلو اسپال-پی,پودر,500 mg mg,برای تهیه محلول تزریقی پرنترال
ONDANSETRON,اندانسترون,شیاف,16 mg,مقعدی 
ONDANSETRON (AS HYDROCHLORIDE),دمیترون,تزریقی,2 mg/1 mL 2 mL,پرنترال 
INTERFERON BETA-1B,زیفرون,پودر,9600000 [iU] ug,برای تهیه محلول تزریقی پرنترال
LEVOFLOXACIN,تیووکسا,قرص,500 mg,خوراکی 
CHORIOGONADOTROPIN ALFA,اوویترل,تزریقی,500 ug/1mL 0.5 ug,پرنترال 
ARTIFICIAL SALIVA,بزاق مصنوعی,اسپری,50 mL,خوراکی 
IMATINIB (AS MESYLATE),گلایویک,قرص,100 mg,خوراکی 
LEVODOPA / BENSERAZIDE,مادوپار,قرص,200 mg/50 mg,خوراکی 
LINEZOLID,لینزولید اینفومد,محلول,2 mg/1mL 300 mL,تزریقی پرنترال
TOLTERODINE TARTRATE,تولترودین-حکیم,قرص,1 mg,خوراکی 
SERTRALINE (AS HYDROCHLORIDE),رلفت,قرص,50 mg,خوراکی 
MILRINONE (AS LACTATE),میلوکارد,محلول,1 mg/1mL 10 mg,تزریقی پرنترال
NAPROXEN,مداکسن,قرص,250 mg,خوراکی 
SUGAMMADEX (AS SODIUM),سوگاما,محلول,100 mg/1mL 2 mg,تزریقی پرنترال
PIMECROLIMUS,الیدل,کرم,1 % 30 g,موضعی 
LIDOCAINE / PRILOCAINE,آفیکایین,کرم,2.5 %/2.5 % 30 g,موضعی 
HALOPERIDOL (AS DECANOATE),هالدول دکانواس,تزریقی,50 mg/1mL 1 mg,پرنترال 
DICLOFENAC SODIUM,دیکلوتان,قرص,25 mg,انتریک کوتد خوراکی
PALBOCICLIB,پادنزا,کپسول,100 mg,خوراکی 
SALMETEROL (AS XINAFOATE) / FLUTICASONE PROPIONATE,ایرپاف,آئروسل,25 ug/250 ug/1{dose} 120 {dose},با دوز اندازه گیری شده استنشاقی
LIDOCAINE / PRILOCAINE,لیدوکایین/پریلوکایین عماد,کرم,2.5 %/2.5 % 30 g,موضعی 
NIVOLUMAB,اکسترامب,محلول,10 mg/1mL 10 mg,غلیظ تزریقی پرنترال
LEVODOPA / BENSERAZIDE,لدامت بی,قرص,200 mg/50 mg,خوراکی 
TRIFLUOPERAZINE,تری فلوئوپرازین,قرص,1 mg,خوراکی 
BROMHEXINE HYDROCHLORIDE,موکولین,تزریقی,2 mg/1mL 2 mL,پرنترال 
LEVETIRACETAM,مت اور,قرص,1000 mg,خوراکی 
IVERMECTIN,ایورمکتین,قرص,3 mg,خوراکی 
MONTELUKAST (AS SODIUM),اکتولوکاست,گرانول,4 mg mg,خوراکی 
CYTARABINE,سیتاسدال,محلول,20 mg/1mL 5 mL,تزریقی پرنترال
METFORMIN HYDROCHLORIDE,گلوکودر,قرص,1000 mg,پیوسته رهش خوراکی
ASA (ACETYLSALICYLIC ACID),آ اس آ-جالینوس,قرص,80 mg,انتریک کوتد خوراکی
DESMOPRESSIN (AS ACETATE),مینیرین ملت,قرص,60 ug,زیرزبانی 
MONTELUKAST (AS SODIUM),آوی لوکاست,قرص,10 mg,خوراکی 
GEMFIBROZIL,جم فیبروزیل-حکیم,قرص,450 mg,خوراکی 
FACTOR VIII / VON WILLEBRAND FACTOR,هیومیت پی,پودر,500 [iU]/1200 [iU] mL,لئوفیلیزه برای تهیه محلول تزریقی پرنترال
LABETALOL HYDROCHLORIDE,نورموجکت,تزریقی,5 mg/1mL 20 mg,پرنترال 
PHENYTOIN SODIUM,فنی توئین,کپسول,100 mg,خوراکی 
TETRABENAZINE,تترابنازین-سبحان,قرص,25 mg,خوراکی 
ALBUMIN (HUMAN),آلبومینا گریفولز,محلول,20 % 50 mL,تزریقی پرنترال
BISOPROLOL FUMARATE,بیزوفوماری,قرص,2.5 mg,خوراکی 
DICLOFENAC SODIUM,آلفن,تزریقی,25 mg/1mL 3 mL,پرنترال 
HYDROXYPROGESTERONE CAPROATE,فمولایف,تزریقی,250 mg/1mL 1 mL,پرنترال 
GLATIRAMER ACETATE,گلتزی,محلول,40 mg/1mL mg,تزریقی پرنترال
METHOTREXATE,ترکسوما,محلول,25 mg/1mL 0.8 mg,تزریقی پرنترال
BIPERIDEN HYDROCHLORIDE,آکینکس,قرص,2 mg,خوراکی 
CEFTAZIDIME,سفتازیدیم,پودر,2 g g,برای تهیه محلول تزریقی پرنترال
METFORMIN HYDROCHLORIDE / LINAGLIPTIN,لاگیپتا- ام,قرص,1000 mg/2.5 mg,پیوسته رهش خوراکی
OPIUM,اپیوم سها,تنطور,10 mg/1mL 250 mL,خوراکی 
PACLITAXEL,پاکلکس,تزریقی,6 mg/1mL 5 mg,پرنترال 
FEXOFENADINE HYDROCHLORIDE,فکسارلا,قرص,120 mg,خوراکی 
AZITHROMYCIN,آزیترومایسین سها,کپسول,500 mg,خوراکی 
METHIMAZOLE,متی مازول - حکیم,قرص,5 mg,خوراکی 
LIDOCAINE HYDROCHLORIDE,لیدوکائین,ژل,2 % 15 g,موضعی 
SITAGLIPTIN (AS PHOSPHATE) / METFORMIN HYDROCHLORIDE,ژانومیکس,قرص,50 mg/1000 mg,خوراکی 
PANTOPRAZOLE (AS SODIUM SESQUIHYDRATE),پنتوسک,قرص,20 mg,انتریک کوتد خوراکی
HYOSCINE-N-BUTYL BROMIDE,هیوسین,قرص,10 mg,خوراکی 
ACETAMINOPHEN,استامینوفن سها,قرص,500 mg,خوراکی 
ACETAMINOPHEN / CAFFEINE / IBUPROFEN,استامین کامپاند,کپسول,325 mg/40 mg/200 mg,خوراکی 
ITRACONAZOLE,ناکسی فانژ,کپسول,100 mg,خوراکی 
BISOPROLOL FUMARATE / HYDROCHLOROTHIAZIDE,بیسوتا اچ سی تی,قرص,10 mg/6.25 mg,خوراکی 
CO-AMOXICLAV,فارمنتین,قرص,875 mg/125 mg,خوراکی 
SUNITINIB (AS MALATE),باراتنت,کپسول,50 mg,خوراکی 
ACETAMINOPHEN / CAFFEINE,اکتوفن اکسترا,قرص,500 mg/65 mg,خوراکی 
HYDROQUINONE,ملازان,کرم,4 % 30 g,موضعی 
DEXTROSE / SODIUM CHLORIDE,دکستروز / سدیم کلراید,محلول,3.33 %/0.3 % 1000 mL,تزریقی داخل وریدی
ATOMOXETINE HYDROCHLORIDE,آتوموکستین,کپسول,40 mg,خوراکی 
DAPAGLIFLOZIN (AS PROPANEDIOL),گلوداپ,قرص,10 mg,خوراکی 
ACETAMINOPHEN / CAFFEINE / IBUPROFEN,پاراک فن,کپسول,325 mg/40 mg/200 mg,خوراکی 
CLADRIBINE,لودریبین,محلول,2 mg/1mL 5 mg,تزریقی داخل وریدی
APREMILAST,آمالتا,قرص,30 mg,خوراکی 
CETIRIZINE HYDROCHLORIDE,ستیریزین- رازک,قرص,10 mg,خوراکی 
LOSARTAN POTASSIUM,لوزن,قرص,25 mg,خوراکی 
GEFITINIB,جفیسا,قرص,250 mg,خوراکی 
MEBENDAZOLE,مبندازول,قرص,100 mg,جویدنی خوراکی
ESCITALOPRAM (AS OXALATE),اس سیتالوتد,قرص,10 mg,خوراکی 
SILDENAFIL (AS CITRATE),ویلوتکس,قرص,100 mg,خوراکی 
TIOTROPIUM (AS BROMIDE),اسپیریوا,کپسول,18 ug,استنشاقی 
PHENOBARBITAL,فنوباربیتال,قرص,60 mg,خوراکی 
DOXORUBICIN HYDROCHLORIDE,ابدوکسو,محلول,2 mg/1mL 5 mg,غلیظ تزریقی پرنترال
OMEPRAZOLE,پریزل گات,کپسول,) 20 mg,(پلت های انتریک کوتد خوراکی
DASATINIB,داسازا,قرص,100 mg,خوراکی 
EMICIZUMAB,هملیبرا,محلول,150 mg/1mL 0.7 mg,تزریقی پرنترال
DORZOLAMIDE (AS HYDROCHLORIDE),دورزامید,"محلول،",2 % 5 mL,قطره چشمی
EMPAGLIFLOZIN / METFORMIN HYDROCHLORIDE,سینوریپا,قرص,12.5 mg/1000 mg,خوراکی 
ACETAMINOPHEN / CAFFEINE / IBUPROFEN,مهبافن,کپسول,325 mg/40 mg/200 mg,خوراکی 
METRONIDAZOLE,متوژیل,شیاف,500 mg,واژینال 
AZITHROMYCIN,زیتروبان,قرص,500 mg,خوراکی 
CYPROTERONE ACETATE,سیپروترون استات,قرص,50 mg,خوراکی 
MIRTAZAPINE,رپیزاپین,قرص,30 mg,خوراکی 
MEGESTROL ACETATE,مژرا,قرص,40 mg,خوراکی 
BETAINE,سیستادان,پودر,1 g/1g 180 g,برای تهیه محلول خوراکی
SOLIFENACIN SUCCINATE,سولیفناسین,قرص,5 mg,خوراکی 
VONOPRAZAN (AS FUMARATE),هلیپراز,قرص,20 mg,خوراکی 
ACETAMINOPHEN,استامینوفن,محلول,120 mg/5mL 120 mL,خوراکی 
METOCLOPRAMIDE (AS HYDROCHLORIDE),متوکلوپرامید,تزریقی,5 mg/1mL 2 mL,پرنترال 
CLOTRIMAZOLE,کلوتریمازول-بهوزان,کرم,1 % 50 g,واژینال 
SODIUM CHLORIDE,سولوراید,اسپری,0.65 % 20 mL,از راه بینی
MINOCYCLINE (AS HYDROCHLORIDE),کالکتر,قرص,100 mg,خوراکی 
ACETYLCYSTEINE / ASCORBIC ACID,اسکورموسیل,پودر,600 mg/75 mg g,خوراکی 
CYTARABINE,آرا-سل,محلول,50 mg/1mL 20 mg,تزریقی پرنترال
FAMPRIDINE,فامپریدین,قرص,10 mg,پیوسته رهش خوراکی
RITUXIMAB,زیتاکس,تزریقی,10 mg/1mL 10 mg,پرنترال 
DEXPANTHENOL,بپانویت,محلول,250 mg/1mL 2 mL,تزریقی پرنترال
OXYTOCIN,اکسی توسین,تزریقی,10 [iU]/1mL [iU],پرنترال 
ESCITALOPRAM (AS OXALATE),رالوپرام,قرص,10 mg,خوراکی 
EXPECTORANT,اکسپکتورانت مینو,شربت,100 mg/2 mg/30 mg/5mL 60 mL,خوراکی 
PERPHENAZINE,پرفنازین,قرص,4 mg,خوراکی 
MONTELUKAST (AS SODIUM),آسمورال,قرص,10 mg,خوراکی 
VITAMIN K1 (PHYTOMENADIONE),کاناویت,تزریقی,10 mg/1mL 1 mg,پرنترال 
DAPOXETINE (AS HYDROCHLORIDE),داپوکسینا,قرص,30 mg,خوراکی 
NAPROXEN,ژلاپروکس,کپسول,200 mg,حاوی مایع خوراکی
AZITHROMYCIN,نوباکسین,قرص,500 mg,خوراکی 
TRAMADOL HYDROCHLORIDE,تدامول,قرص,100 mg,خوراکی 
DASATINIB,دوتیکسا,قرص,100 mg,خوراکی 
BECLOMETHASONE DIPROPIONATE,بکلیت اکواناز,اسپری,50 ug/1 {dose} 150 mL,از راه بینی
GABAPENTIN,گاباپنتین-رازک,کپسول,300 mg,خوراکی 
DEXTROMETHORPHAN HYDROBROMIDE,دکسترومتورفان-الحاوی,شربت,15 mg/5mL 60 mL,خوراکی 
SODIUM PICOSULFATE / MAGNESIUM OXIDE / CITRIC ACID,میکسوپیک,پودر,10 mg/3.5 g/12 g g,برای تهیه محلول خوراکی
GUAIFENESIN,موتیسین,شربت,100 mg/5mL 60 mL,خوراکی 
DICLOFENAC SODIUM,دیکلوفناک,کپسول,100 mg,پیوسته رهش خوراکی
GEMCITABINE HYDROCHLORIDE,جمسیتابین آکویدا,محلول,100 mg/1mL 2 mg,غلیظ تزریقی پرنترال
ADULT COLD PREPARATIONS (5-3),فاراکلد,قرص,500 mg/15 mg/5 mg,خوراکی 
INSULIN GLARGINE,آباساگلار کویی پن,تزریقی,100 [iU]/1mL 3 [iU],پرنترال 
METFORMIN HYDROCHLORIDE,آپو- متفورمین,قرص,500 mg,خوراکی 
ISOTRETINOIN,ایزوتن,ژل,0.05 % 30 g,موضعی 
OPIUM,اپیوم-اکسیر,تنطور,10 mg/1mL 250 mL,خوراکی 
KETOTIFEN (AS FUMARATE),زادیتن,شربت,1 mg/5mL 100 mL,خوراکی 
ROSUVASTATIN (AS CALCIUM),رزوتکس,قرص,10 mg,خوراکی 
PREGABALIN,نوریکا,کپسول,75 mg,خوراکی 
FLUPHENAZINE DECANOATE,فلوفنازین,تزریقی,25 mg/1mL mL,پرنترال 
CONTRACEPTIVE DE,دزوسپتیو,قرص,0.15 mg/30 ug,خوراکی 
ACETAMINOPHEN,آمیفن,"محلول،",100 mg/1mL 15 mL,قطره خوراکی
VALSARTAN,والسارتان-حکیم,قرص,160 mg,خوراکی 
LEVODOPA / CARBIDOPA / ENTACAPONE,ناکسیمت,قرص,200 mg/50 mg/200 mg,خوراکی 
PERITONEAL DIALYSIS IV ICODEXTRINE BASED,اکسترانیل,محلول,7.5 g/100mL 2 L,داخل صفاقی
MUPIROCIN,باکتروماد,پماد,2 % 15 g,موضعی 
CEFTAZIDIME,سفتازیدیم-اکسیر,پودر,1 g g,برای تهیه محلول تزریقی پرنترال
SALMETEROL (AS XINAFOATE) / FLUTICASONE PROPIONATE,کاتوسین پلاس,آئروسل,25 ug/250 ug/1{dose} 120 {Puff},با دوز اندازه گیری شده استنشاقی
MINOXIDIL,ماینوکسیدیل-سپیداج,محلول,20 mg/1mL 60 mL,موضعی 
TELMISARTAN,تلویدیس,قرص,40 mg,خوراکی 
ZALEPLON,زالپلون-سبحان,کپسول,5 mg,خوراکی 
METHYLPREDNISOLONE ACETATE,دپوکورتین,سوسپانسیون,40 mg/1mL 1 mL,تزریقی پرنترال
ANTIHEMORRHOID,ایپروئید,پماد,50 mg/2.75 mg/35 mg/180 mg/1g 15 g,مقعدی 
METHYLPHENIDATE HYDROCHLORIDE,متیل فنیدات ساندوز,قرص,54 mg,پیوسته رهش خوراکی
OFLOXACIN,افلوکینول,قرص,300 mg,خوراکی 
THIOGUANINE,لانویس,قرص,40 mg,خوراکی 
DIAZEPAM,دیازپام,تزریقی,5 mg/1mL 2 mL,پرنترال 
ALPRAZOLAM,زانورن,قرص,0.5 mg,خوراکی 
EMPAGLIFLOZIN,پگلیانس,قرص,25 mg,خوراکی 
LEVOFLOXACIN,تاواسیدال,قرص,500 mg,خوراکی 
BIOTIN,بیوتین واریو,محلول,5 mg/1mL 1 mL,تزریقی عضلانی
SIMVASTATIN,سیواسترول,قرص,20 mg,خوراکی 
SELENIUM SULFIDE,سلنیوم سولفاید-ناژو,شامپو,2.5 % 150 mL,موضعی 
CIPROFLOXACIN (AS HYDROCHLORIDE),سیپروفلوکساسین-شفا,قرص,500 mg,خوراکی 
ENOXAPARIN SODIUM,انوکسارین,تزریقی,100 mg/1mL 0.4 mL,پرنترال 
ALENDRONATE (AS SODIUM),آلن فیز,قرص,70 mg,جوشان خوراکی
METHOTREXATE SODIUM,ابترکس,محلول,100 mg/1mL 10 mg,تزریقی پرنترال
METRONIDAZOLE,مترونیدازول-ناژو,قرص,500 mg,خوراکی 
CEFTAZIDIME,سفتازیدیم-اکسیر,پودر,2 g g,برای تهیه محلول تزریقی پرنترال
CYPROTERONE COMPOUND,اتیسترون,قرص,2 mg/0.035 mg,خوراکی 
ADULT COLD PREPARATIONS (4-3),اگزاکلد,قرص,325 mg/5 mg/2 mg,خوراکی 
PIMECROLIMUS,پیمودرم,کرم,1 % 30 g,موضعی 
ONDANSETRON (AS HYDROCHLORIDE),اندانسترون,قرص,8 mg,خوراکی 
RISPERIDONE,ریسپردال,محلول,1 mg/1mL 100 mL,خوراکی 
INDAPAMIDE,دیپامید,قرص,1.5 mg,پیوسته رهش خوراکی
FURAZOLIDONE,فورازولیدون نیکسادا,سوسپانسیون,50 mg/15mL 120 mL,خوراکی 
DIENOGEST / ETHINYLESTRADIOL,بلاژست,قرص,2 mg/0.03 mg,خوراکی 
CINACALCET (AS HYDROCHLORIDE),پاراکلست,قرص,60 mg,خوراکی 
IMIPENEM / CILASTATIN,سوپرانم,پودر,500 mg/500 mg g,برای تهیه محلول تزریقی پرنترال
PALIVIZUMAB,سیناجیس,محلول,100 mg/1mL mg,تزریقی پرنترال
GRANISETRON,گرانیک,محلول,1 mg/1mL 3 mL,تزریقی داخل وریدی
PSEUDOEPHEDRINE HYDROCHLORIDE,سودوافدرین-عماد,شربت,30 mg/5mL 60 mL,خوراکی 
CLIDINIUM / CHLORDIAZEPOXIDE,کلیدینیوم-سی,قرص,2.5 mg/5 mg,خوراکی 
OXYMETAZOLINE HYDROCHLORIDE,اکسی نوز,اسپری,0.05 % 15 mL,از راه بینی
METHOTREXATE (AS SODIUM),ابترکس,قرص,2.5 mg,خوراکی 
ATRACURIUM BESYLATE,آتراکورال,تزریقی,10 mg/1mL 5 mL,پرنترال 
TEMOZOLOMIDE,براتوما,کپسول,5 mg,خوراکی 
FAMOTIDINE,فاموتیدین,پودر,40 mg/5mL 50 g,برای تهیه سوسپانسیون خوراکی
BUPROPION HYDROCHLORIDE,ّبوپروپیون,قرص,75 mg,خوراکی 
DIPHENOXYLATE,دیفنوکیم,قرص,2.5 mg,خوراکی 
GLATIRAMER ACETATE,کوپامر,محلول,40 mg/1mL mL,تزریقی پرنترال
DEXTROMETHORPHAN HYDROBROMIDE,ژلوکاف,کپسول,15 mg,حاوی مایع خوراکی
QUETIAPINE (AS FUMARATE),ترانکوپین,قرص,200 mg,خوراکی 
LORATADINE,لوراتادین,قرص,10 mg,بازشونده در دهان خوراکی
CARVEDILOL,کارویدال,قرص,6.25 mg,خوراکی 
BILASTINE,زیوریا,قرص,20 mg,خوراکی 
PROGESTERONE,اکتوژست,شیاف,400 mg,واژینال 
DIGOXIN,دیگوکسین استروپ,تزریقی,0.25 mg/1mL 2 mg,پرنترال 
CARBAMAZEPINE,تگربان,قرص,200 mg,پیوسته رهش خوراکی
VITAMIN A,اسوه-ویتامین آ,تزریقی,50000 [iU]/1mL mL,پرنترال 
NICLOSAMIDE,نیکلوزاماید,قرص,500 mg,جویدنی خوراکی
TESTOSTERONE ENANTHATE,تستوسترون انانتات,تزریقی,250 mg/1mL 1 mL,پرنترال 
APREPITANT,اپرسیس,کپسول,125 mg,خوراکی 
SACUBITRIL / VALSARTAN,زیوالس,قرص,24 mg/26 mg,خوراکی 
CORIFOLLITROPIN ALFA,الونوا,محلول,300 ug/1mL 0.5 ug,تزریقی پرنترال
CETIRIZINE HYDROCHLORIDE,ستیریزین,قرص,5 mg,خوراکی 
METOCLOPRAMIDE (AS HYDROCHLORIDE),پلادیک,تزریقی,5 mg/1mL 2 mL,پرنترال 
URSODEOXYCHOLIC ACID,اورسوگارد,کپسول,300 mg,خوراکی 
DICYCLOMINE HYDROCHLORIDE,دی سیکلومین,تزریقی,10 mg/1mL 2 mL,پرنترال 
METHOCARBAMOL,کارباکوت,قرص,500 mg,خوراکی 
INSULIN GLARGINE,توجئو سولواستار,تزریقی,300 [iU]/1mL 1.5 [iU],پرنترال 
CIPROFLOXACIN (AS LACTATE),اینفیو-لوکساسین,محلول,2 mg/1mL 100 mL,تزریقی داخل وریدی
IPRATROPIUM BROMIDE / SALBUTAMOL (AS SULFATE),کامبی پراسال,محلول,200 ug/1 mg/1mL 2.5 mL,استنشاقی 
URSODEOXYCHOLIC ACID,بایلدکس,کپسول,300 mg,خوراکی 
TRIAMTERENE / HYDROCHLOROTHIAZIDE,تریامترن-اچ-سبحان,قرص,50 mg/25 mg,خوراکی 
NIVOLUMAB,اوپدیوو,محلول,10 mg/1mL 4 mL,غلیظ تزریقی پرنترال
MEMANTINE HYDROCHLORIDE,آلزانتین,قرص,10 mg,خوراکی 
CROTAMITON,کروتامیتون,کرم,10 % 30 g,موضعی 
BIPERIDEN HYDROCHLORIDE,بی پرام,قرص,2 mg,خوراکی 
MENOTROPINS,کارما-اچ ام جی,پودر,75 [iU]/75 [iU] [iU],لئوفیلیزه برای تهیه محلول تزریقی پرنترال
METHYLPREDNISOLONE (AS SODIUM SUCCINATE),کورتالین,پودر,500 mg mg,برای تهیه محلول تزریقی پرنترال
SERTACONAZOLE NITRATE,دستازول,شیاف,300 mg,واژینال 
ANTIHEMORRHOID,هموروزان,شیاف,60 mg/5 mg/50 mg/400 mg,مقعدی 
AMINOPHYLLINE,تئولین,تزریقی,25 mg/1mL 10 mL,پرنترال 
SEVELAMER CARBONATE,رنوفا,قرص,800 mg,خوراکی 
MELOXICAM,کاملوکس,قرص,7.5 mg,خوراکی 
FAMPRIDINE,فامبایوکس,قرص,10 mg,پیوسته رهش خوراکی
FLUTICASONE PROPIONATE,فلازون,اسپری,50 ug/1{Puff} 200 mL,از راه بینی
SPECTINOMYCIN,اسپکتینومایسین,پودر,2 g g,برای تهیه محلول تزریقی پرنترال
AMLODIPINE (AS BESILATE) / VALSARTAN,والزومیکس,قرص,10 mg/160 mg,خوراکی 
CYPROTERONE ACETATE,سیپروترون استات,قرص,50 mg,خوراکی 
WARFARIN SODIUM,آلدوکومار,قرص,5 mg,خوراکی 
BETAHISTINE DIHYDROCHLORIDE,آمی بت,قرص,8 mg,خوراکی 
SODIUM CHLORIDE,سدیم کلراید,محلول,0.45 % 1000 mL,تزریقی پرنترال
SUNITINIB (AS MALATE),کیتنت,کپسول,50 mg,خوراکی 
ACETAMINOPHEN,استامینوفن-شفا,قرص,325 mg,خوراکی 
LINEZOLID,آریوکس,قرص,600 mg,خوراکی 
GLUCAGON,گلوکاژن هایپوکیت,پودر,1 mg mg,برای تهیه محلول تزریقی پرنترال
GABAPENTIN,گاباپنتین-ثنامد,کپسول,100 mg,خوراکی 
APIXABAN,لپیکسا,قرص,2.5 mg,خوراکی 
SODIUM ACID PHOSPHATE (PHOSPHATE SODIUM),فسفات ساندوز,قرص,500 mg,جوشان خوراکی
DIMETHYL FUMARATE,تکزیفوما,کپسول,120 mg,انتریک کوتد خوراکی
PLERIXAFOR,پلریکسادال,تزریقی,20 mg/1mL 1.2 mg,پرنترال 
CLINDAMYCIN (AS PHOSPHATE),کلیندامایسین نورمون,تزریقی,150 mg/1mL 2 mL,پرنترال 
AZITHROMYCIN,آزیترودر,پودر,100 mg/5mL 30 mL,برای تهیه سوسپانسیون خوراکی
BISOPROLOL FUMARATE,بیکسوپرول,قرص,5 mg,خوراکی 
AMLODIPINE (AS BESILATE) / TELMISARTAN,آملو تلمیک,قرص,10 mg/80 mg,خوراکی 
CELECOXIB,دروکسیب,کپسول,200 mg,خوراکی 
LIRAGLUTIDE,ویکتوزا,محلول,6 mg/1mL 3 mL,تزریقی پرنترال
BISOPROLOL FUMARATE,کانکرولول,قرص,10 mg,خوراکی 
PALBOCICLIB,پالبرانس,کپسول,75 mg,خوراکی 
TEMOZOLOMIDE,رادوتم,کپسول,250 mg,خوراکی 
ACETAMINOPHEN / CAFFEINE / IBUPROFEN,شفافن,کپسول,325 mg/40 mg/200 mg,خوراکی 
METFORMIN HYDROCHLORIDE,مری کوم,قرص,1000 mg,پیوسته رهش خوراکی
CETIRIZINE HYDROCHLORIDE,ستیریزین- رازک,قرص,10 mg,خوراکی 
ERYTHROMYCIN,اریترومایسین,محلول,2 % 60 mL,موضعی 
LIDOCAINE / PRILOCAINE,زایلا-پی,کرم,2.5 %/2.5 % 15 g,موضعی 
INSULIN DETEMIR,لومیر فلکس پن,محلول,100 [iU]/1mL 3 mL,تزریقی پرنترال
ARTIFICIAL TEARS,سینا تی یرز,"محلول،",14 mg/1mL 10 mL,قطره چشمی
MELOXICAM,ملوکسیکام-جالینوس,قرص,15 mg,خوراکی 
CLIDINIUM / CHLORDIAZEPOXIDE,لیبراکیم,قرص,2.5 mg/5 mg,خوراکی 
FINERENONE,فینرنال,قرص,20 mg,خوراکی 
ACETAMINOPHEN / CAFFEINE / IBUPROFEN,کدیمکس,کپسول,325 mg/40 mg/200 mg,خوراکی 
DOXORUBICIN HYDROCHLORIDE,ابدوکسو,محلول,2 mg/1mL 25 mg,غلیظ تزریقی پرنترال
IRON (AS SUCROSE),ونوفر,تزریقی,20 mg/1mL 5 mg,داخل وریدی
ITRACONAZOLE,ایتراژین,کپسول,100 mg,خوراکی 
IBUPROFEN,بروفاژل,کپسول,400 mg,حاوی مایع خوراکی
POTASSIUM CITRATE,پتاسیم سیترات,قرص,10 meq,پیوسته رهش خوراکی
BETAMETHASONE (AS VALERATE),بتامتازون,کرم,0.1 % 15 g,موضعی 
IOPAMIDOL,اسکن لوکس,تزریقی,300 mg/1mL 100 g,پرنترال 
ACETAMINOPHEN / IBUPROFEN,رپید ریلیف,قرص,500 mg/200 mg,خوراکی 
RIZATRIPTAN (AS BENZOATE),ریزاتریپتان,قرص,5 mg,خوراکی 
DICLOFENAC POTASSIUM,کالیفن,قرص,50 mg,خوراکی 
TELMISARTAN,تیلیکارد,قرص,40 mg,خوراکی 
BETHANECHOL CHLORIDE,مایوکر,قرص,25 mg,خوراکی 
ACETAMINOPHEN,استامین,کپسول,500 mg,با روکش ژلاتین خوراکی
HUMAN PAPILLOMAVIRUS VACCINE (QUADRIVALENT),گارداسیل,تزریقی,0.5 mL mL,پرنترال 
NITROGLYCERIN,تداگلیز,قرص,6.4 mg,پیوسته رهش خوراکی
DOXEPIN,داکسیپن,کپسول,25 mg,خوراکی 
DOXORUBICIN HYDROCHLORIDE,آدریابین,محلول,2 mg/1mL 25 mL,غلیظ تزریقی پرنترال
RANOLAZINE,رالیزا,قرص,500 mg,پیوسته رهش خوراکی
DAPOXETINE (AS HYDROCHLORIDE),داکسوپیل,قرص,60 mg,خوراکی 
SERTRALINE (AS HYDROCHLORIDE),زولامین,قرص,100 mg,خوراکی 
PEDIATRIC GRIPPE,سرماخوردگی کودکان پاک دارو,,0.67 mg/10 mg/5mL 60 mL,شربت خوراکی
METFORMIN HYDROCHLORIDE,گلوکودر,قرص,500 mg,خوراکی 
PANTOPRAZOLE (AS SODIUM SESQUIHYDRATE),پنتوبست,کپسول,20 mg,انتریک کوتد خوراکی
DEFEROXAMINE MESYLATE,دفروکسیر,پودر,500 mg mg,برای تهیه محلول تزریقی پرنترال
PEMETREXED (AS DISODIUM),پمکسد,پودر,100 mg mg,لئوفیلیزه برای تهیه محلول تزریقی پرنترال
VITAMIN E,ویتامین ای (آلفا توکوفرول استات),تزریقی,100 [iU]/1mL mL,پرنترال 
ATORVASTATIN (AS CALCIUM),لیپوفیکس,قرص,20 mg,خوراکی 
AZITHROMYCIN,آزیترومایسین,پودر,500 mg mg,برای تهیه محلول تزریقی پرنترال
ISOTRETINOIN,آکنوتراپ,کپسول,20 mg,حاوی مایع خوراکی
ACETAMINOPHEN / OXYCODONE HYDROCHLORIDE,اکسینوفن,قرص,325 mg/10 mg,خوراکی 
LAMOTRIGINE,لامیکسون,قرص,50 mg,خوراکی 
SOLIFENACIN SUCCINATE,سولیفناسین,قرص,10 mg,خوراکی 
PHENYLEPHRINE HYDROCHLORIDE,فنیل افرین,"محلول،",0.25 % 10 mL,قطره از راه بینی
PROGESTERONE,فرتیژست,تزریقی,50 mg/1mL 1 mL,پرنترال 
NILOTINIB,تاسینیب,کپسول,200 mg,خوراکی 
LEVETIRACETAM,لویستام,قرص,1000 mg,خوراکی 
RITUXIMAB,ریتوکسی ور,تزریقی,10 mg/1mL 50 mL,پرنترال 
GLICLAZIDE,گلی زیداس,قرص,60 mg,پیوسته رهش خوراکی
CLOPIDOGREL (AS BISULFATE),کلوپیدکس,قرص,75 mg,خوراکی 
ACETAMINOPHEN / CAFFEINE / ASA,آ ث آ,قرص,162.5 mg/32.5 mg/325 mg,خوراکی 
QUETIAPINE (AS FUMARATE),کوئتیاپین - ثنامد,قرص,100 mg,خوراکی 
DIPHENHYDRAMINE HYDROCHLORIDE,دیفن هیدرامین-حکیم,,12.5 mg/5mL 60 mL,محلول خوراکی
NAPROXEN,تداپروکس,قرص,500 mg,انتریک کوتد خوراکی
ACETAMINOPHEN,استاگروفن,قرص,500 mg,خوراکی 
SIMETHICONE (DIMETHICONE ACTIVATED),دایمکت,"محلول،",41.2 mg/1mL 30 mL,قطره خوراکی
ADULT COLD PREPARATIONS (4-3),سرماخوردگی بزرگسالان-شفا,قرص,325 mg/5 mg/2 mg,خوراکی 
NILOTINIB,لوتیگنا,کپسول,200 mg,خوراکی 
GABAPENTIN,گاباپنتین,کپسول,400 mg,خوراکی 
DESLORATADINE,نئوتادین,قرص,5 mg,خوراکی 
CEFIXIME,سفیکسیم,پودر,100 mg/5 mL 100 mg,برای تهیه سوسپانسیون خوراکی
PACLITAXEL,پکلی تکسل,تزریقی,6 mg/1mL 5 mL,پرنترال 
VALSARTAN,والزامین,قرص,80 mg,خوراکی 
AMINO ACID 10% (1),آمینوون 10%,محلول,500 mL,تزریقی داخل وریدی
CHLORAMBUCIL,کلرامبوسیل,قرص,2 mg,خوراکی 
BUPROPION / NALTREXONE,لیپوکسون,قرص,90 mg/8 mg,پیوسته رهش خوراکی
DOXORUBICIN HYDROCHLORIDE,آدریاکس,محلول,2 mg/1mL 25 mg,غلیظ تزریقی پرنترال
PREGABALIN,لایرولیکس,کپسول,100 mg,خوراکی 
IBUPROFEN,آدویرین,قرص,400 mg,خوراکی 
ASPARAGINASE,اویناز,پودر,10000 [iU] [iU],برای تهیه محلول تزریقی پرنترال
OMEPRAZOLE,امپراسین,کپسول,) 20 mg,(پلت های انتریک کوتد خوراکی
CHORIONIC GONADOTROPHIN (HUMAN),روفرتیل- اچ سی جی,پودر,5000 [iU] [iU],برای تهیه محلول تزریقی پرنترال
MELOXICAM,کاملوکس,قرص,15 mg,خوراکی 
BUDESONIDE,بودکورت رسپیول,,0.25 mg/1mL 2 mg,سوسپانسیون استنشاقی
DENOSUMAB,آرتنیکس,محلول,120 mg/1.7 mL 1.7 mg,تزریقی پرنترال
PAMIDRONATE DISODIUM,پامینیت,محلول,9 mg/1mL 10 mg,غلیظ تزریقی پرنترال
BIMATOPROST,پروستویژن-پی بی ای,"محلول،",0.03 % 3 mL,قطره چشمی
GLYCINE,گلایسین,محلول,1.5 % 3000 L,جهت شستشو
FOSFOMYCIN (AS TROMETAMOL),فوسفینکس,گرانول,3 g g,برای تهیه محلول خوراکی
LAMOTRIGINE,لامیکسون,قرص,25 mg,خوراکی 
METHIMAZOLE,متی مازول,قرص,5 mg,خوراکی 
PIROXICAM,پیروکسیکم,تزریقی,20 mg/1mL mL,پرنترال 
TACROLIMUS,تاکلیروس,کپسول,1 mg,خوراکی 
METHOTREXATE,ترکسوما,محلول,25 mg/1mL 0.6 mg,تزریقی پرنترال
MOXIFLOXACIN (AS HYDROCHLORIDE),مدوکساسین,قرص,400 mg,خوراکی 
TEICOPLANIN,تیکوپلانین,پودر,400 mg mg,برای تهیه محلول تزریقی پرنترال
DULOXETINE,دلوکستین,کپسول,60 mg,انتریک کوتد خوراکی
LEVODOPA / CARBIDOPA FORTE,ایزیکام,قرص,250 mg/25 mg,خوراکی 
PANTOPRAZOLE (AS SODIUM SESQUIHYDRATE),پنتوپرازول - ثنامد,قرص,20 mg,انتریک کوتد خوراکی
EXPECTORANT,اکسپکتورانت مینو,شربت,100 mg/2 mg/30 mg/5mL 60 mL,خوراکی 
CELECOXIB,سلکسیب,کپسول,200 mg,خوراکی 
BETAMETHASONE (AS DISODIUM PHOSPHATE),بتازونکس,تزریقی,4 mg/1mL mL,پرنترال 
AMINO ACID 5% (2),آمینوون 5%,محلول,500 mL,تزریقی داخل وریدی
SUNITINIB (AS MALATE),سورنال,کپسول,12.5 mg,خوراکی 
METHOTREXATE,ترگستا,محلول,25 mg/1mL 0.3 mg,تزریقی پرنترال
LETROZOLE,فماتی,قرص,2.5 mg,خوراکی 
CLOTRIMAZOLE,کلوتریمازول-عماد,کرم,1 % 15 g,موضعی 
BEMPEDOIC ACID / EZETIMIBE,بمپلید پلاس,قرص,180 mg/10 mg,خوراکی 
METRONIDAZOLE,مترونیدازول-ناژو,شیاف,500 mg,واژینال 
LEDIPASVIR / SOFOSBUVIR,لدیپسویر/ سوفوسبوویر,قرص,90 mg/400 mg,خوراکی 
CYSTEAMINE (AS BITARTRATE),سیستاگون,کپسول,150 mg,خوراکی 
TRIAMCINOLONE ACETONIDE,تریامسینولون-عماد,کرم,0.1 % 15 g,موضعی 
METHYLPREDNISOLONE ACETATE,ام پی وی,سوسپانسیون,40 mg/1mL 1 mg,تزریقی پرنترال
SODIUM PICOSULFATE / MAGNESIUM OXIDE / CITRIC ACID,سپی پیک,پودر,10 mg/3.5 g/12 g g,برای تهیه محلول خوراکی
SERTRALINE (AS HYDROCHLORIDE),ریلوفت,قرص,100 mg,خوراکی 
IODOQUINOL,یدوکینول,قرص,210 mg,خوراکی 
RANOLAZINE,رانولو,قرص,500 mg,پیوسته رهش خوراکی
EMPAGLIFLOZIN / METFORMIN HYDROCHLORIDE,امپادیانس-ام,قرص,12.5 mg/1000 mg,خوراکی 
ATOMOXETINE HYDROCHLORIDE,استراموکس,کپسول,18 mg,خوراکی 
PANITUMUMAB,وکتیبیکس,محلول,20 mg/1mL 20 mg,غلیظ تزریقی پرنترال
QUETIAPINE (AS FUMARATE),ترانکوپین,قرص,100 mg,خوراکی 
CALCIUM GLUCONATE,کالترکس,تزریقی,10 % 10 mL,پرنترال 
PREDNISOLONE,پردنیزولون,قرص,50 mg,خوراکی 
AMPICILLIN / SULBACTAM,آمپی باکتام,پودر,2 g/1 g g,برای تهیه محلول تزریقی پرنترال
EMICIZUMAB,هملیبرا,محلول,30 mg/1mL 1 mg,تزریقی پرنترال
IBUPROFEN / METHOCARBAMOL,روبوسانته,قرص,200 mg/500 mg,خوراکی 
BISMUTH SUBCITRATE EQU. TO BISMUTH OXIDE,بیسموتان,قرص,120 mg,خوراکی 
SODIUM TETRADECYL SULFATE,فیبرووین,تزریقی,0.5 % 2 mL,پرنترال 
ABIRATERONE ACETATE,زایبرون,قرص,500 mg,خوراکی 
CYTARABINE,سیتاسدال,محلول,20 mg/1mL 50 mL,تزریقی پرنترال
PROPRANOLOL HYDROCHLORIDE,پرانول,قرص,20 mg,خوراکی 
SODIUM CHLORIDE,هایپرسالین,محلول,5 % 50 mL,تزریقی داخل وریدی
CLEMASTINE,کلماستین,تزریقی,1 mg/1mL 2 mL,پرنترال 
PROGESTERONE,کرینون,ژل,8 % 22.5 g,واژینال 
LEVODOPA / BENSERAZIDE,ماینوپار,قرص,100 mg/25 mg,خوراکی 
ACETAMINOPHEN / CODEINE PHOSPHATE,استامینوفن/کدئین مینو,قرص,300 mg/20 mg,خوراکی 
PEGASPARGASE,همسیل,محلول,750 [iU]/1mL 5 [iU],تزریقی پرنترال
NAPROXEN,ناپروکسن سها,قرص,250 mg,خوراکی 
SIMETHICONE (DIMETHICONE ACTIVATED),سایمتیکون-حکیم,کپسول,125 mg,حاوی مایع خوراکی
SIMETHICONE (DIMETHICONE ACTIVATED),دایمکت,قرص,125 mg,جویدنی خوراکی
LETROZOLE,فماتی,قرص,2.5 mg,خوراکی 
FLUCONAZOLE,آوی فلوزول,قرص,150 mg,خوراکی 
TRIAMTERENE / HYDROCHLOROTHIAZIDE,تریامترن-اچ,قرص,50 mg/25 mg,خوراکی 
METFORMIN HYDROCHLORIDE,ریوفاژ,قرص,500 mg,خوراکی 
COAGULATION FACTOR VIII (RECOMBINANT),کوآگیت,پودر,1000 [iU] [iU],لئوفیلیزه برای تهیه محلول تزریقی پرنترال
CHLORAMPHENICOL,رافیکول,"محلول،",0.5 % 10 mL,قطره چشمی
SILODOSIN,سیلادر,کپسول,8 mg,خوراکی 
BISMUTH SUBCITRATE EQU. TO BISMUTH OXIDE,بیسمانتین,قرص,120 mg,خوراکی 
METOCLOPRAMIDE (AS HYDROCHLORIDE),متوپامید,تزریقی,5 mg/1mL 2 mL,پرنترال 
NOREPINEPHRINE (AS BITARTRATE),نوراپی نفرین,محلول,1 mg/1mL 4 mL,غلیظ تزریقی پرنترال
EXPECTORANT CODEINE,موکورانت-سی,شربت,100 mg/30 mg/10 mg/5 mL 60 mL,خوراکی 
BROMHEXINE HYDROCHLORIDE,برم هگزین سوفارما,تزریقی,2 mg/1mL 2 mL,پرنترال 
PIROXICAM,پیروکسیکام عماد,ژل,0.5 g/100g 60 g,موضعی 
MIRTAZAPINE,رپیزاپین,قرص,45 mg,خوراکی 
LIDOCAINE / HYDROCORTISONE ACETATE,لیدوکائین اچ-عماد,,5 %/0.5 % 15 g,پماد مقعدی
BISOPROLOL FUMARATE / HYDROCHLOROTHIAZIDE,پروفام-اچ,قرص,2.5 mg/6.25 mg,خوراکی 
ASA (ACETYLSALICYLIC ACID),آ اس آ-جالینوس,قرص,100 mg,جویدنی خوراکی
CHLORDIAZEPOXIDE,پوکساکیم,قرص,5 mg,خوراکی 
GABAPENTIN,گاباپنتین آریا,کپسول,100 mg,خوراکی 
RIVAROXABAN,زاریوان,قرص,20 mg,خوراکی 
BETAMETHASONE (AS VALERATE),بتاژیل,پماد,0.1 % 15 g,موضعی 
IOHEXOL,امنی گرف,تزریقی,300 mg/1mL 50 mg,پرنترال 
ACICLOVIR,آوی سیکلوویر,قرص,200 mg,خوراکی 
ADULT COLD PREPARATIONS (4-1),کلد استاپ,قرص,500 mg/5 mg/25 mg,خوراکی 
APIXABAN,آپیکساتد,قرص,2.5 mg,خوراکی 
LEVODOPA / BENSERAZIDE,تادوبن,قرص,200 mg/50 mg,خوراکی 
BISOPROLOL FUMARATE,زبرال,قرص,10 mg,خوراکی 
GOSERELIN (AS ACETATE),رسلیگو,ایمپلنت,10.8 mg,پرنترال 
MESALAZINE,مزالون,شیاف,500 mg,مقعدی 
LORATADINE,لوراتکس,قرص,10 mg,خوراکی 
MODAFINIL,پروفینیل,قرص,100 mg,خوراکی 
IBUPROFEN (AS LYSINE),ایبوپروفن لایزین,,400 mg,قرص خوراکی
MIRABEGRON,میرابگرون,قرص,25 mg,پیوسته رهش خوراکی
BORTEZOMIB,ولبورت,پودر,2.5 mg mg,برای تهیه فرآورده تزریقی پرنترال
SUMATRIPTAN (AS SUCCINATE),بایوتریپتان,قرص,100 mg,خوراکی 
KETOCONAZOLE,ساپو-کتوکونازول,شامپو,2 % 100 mL,موضعی 
KETOCONAZOLE,کتوکونازول سها,قرص,200 mg,خوراکی 
FLUOCINOLONE ACETONIDE,فلوسینولون,کرم,0.025 % 15 g,موضعی 
POVIDONE IODINE,پوویدون آیداین,محلول,10 % 1000 mL,موضعی 
BISOPROLOL FUMARATE,پروفام,قرص,10 mg,خوراکی 
ITRACONAZOLE,ایتراکس,کپسول,100 mg,خوراکی 
FLUOXETINE (AS HYDROCHLORIDE),میراسر,قرص,10 mg,خوراکی 
CLOTRIMAZOLE,آفی تریمازول,کرم,1 % 15 g,موضعی 
QUETIAPINE (AS FUMARATE),سروتیاپین,قرص,100 mg,خوراکی 
FINERENONE,کورنو,قرص,20 mg,خوراکی 
HEMODIALYSIS CONCENTRATED III ACIDIC,محلول همودیالیز اسیدی غلیظ سه,محلول,3710 meq/35 meq/105 meq/87.5 meq/3902.5 meq/122.5 meq/70 g 4920 mL,غلیظ همودیالیز
APOMORPHINE HYDROCHLORIDE,داسپتون,تزریقی,5 mg/1mL 20 mg,پرنترال 
SPIRONOLACTONE,اسپیداکتون,قرص,100 mg,خوراکی 
OXYCODONE HYDROCHLORIDE,اکسی کدون,قرص,30 mg,خوراکی 
CEFIXIME,زاکسیم,قرص,200 mg,خوراکی 
PEMETREXED (AS DISODIUM),پمکسد,پودر,500 mg mg,لئوفیلیزه برای تهیه محلول تزریقی پرنترال
FENOFIBRATE,سبانتیل,کپسول,200 mg,خوراکی 
PERPHENAZINE,پرفنازین,قرص,4 mg,خوراکی 
GADOBUTROL,گادوویست,تزریقی,604.72 mg/1mL 15 mL,پرنترال 
URSODEOXYCHOLIC ACID,اورسودئوکسی کولیک اسید,قرص,500 mg,خوراکی 
BISOPROLOL FUMARATE,بیسوتا,قرص,2.5 mg,خوراکی 
VALGANCICLOVIR (AS HYDROCHLORIDE),گاناوال,قرص,450 mg,خوراکی 
RINGER LACTATE,رینگر لاکتات,محلول,500 L,تزریقی داخل وریدی
COLISTIMETHATE SODIUM,کولیمیت,پودر,2000000 [iU] [iU],برای تهیه محلول تزریقی پرنترال
BETAMETHASONE (AS DISODIUM PHOSPHATE),بتامتازون-ناژو,پماد,0.1 % 3 g,چشمی 
SIMPLE EYE,لوبراتکس,پماد,3.5 g,چشمی 
ACETAMINOPHEN,آمیفن,قرص,125 mg,بازشونده در دهان خوراکی
EPOETIN,پی دی پویتین,تزریقی,20000 [iU]/1mL 0.5 [iU],پرنترال 
ADULT COLD PREPARATIONS (4-4),کلد آوت,قرص,325 mg/10 mg/25 mg,خوراکی 
LACOSAMIDE,اپیلامید,قرص,200 mg,خوراکی 
BEMPEDOIC ACID,بمپکس,قرص,180 mg,خوراکی 
TRASTUZUMAB EMTANSINE,کدسایلا,پودر,100 mg mg,لئوفیلیزه برای تهیه محلول تزریقی پرنترال
DESLORATADINE,لورکستادین,قرص,5 mg,خوراکی 
GALANTAMINE (AS HYDROBROMIDE),آلزامین,قرص,4 mg,خوراکی 
POVIDONE IODINE,پوویدون آیداین-دارو درمان,محلول,10 % 1000 mL,موضعی 
WARFARIN SODIUM,وارکلات,قرص,5 mg,خوراکی 
PRIMIDONE,لیسکانتین سافت,سوسپانسیون,125 mg/5mL 250 g,خوراکی 
DEXTROSE / SODIUM CHLORIDE,دکستروز / سدیم کلراید,محلول,3.33 %/0.3 % 500 mL,تزریقی داخل وریدی
TORSEMIDE,تورزماید,قرص,5 mg,خوراکی 
OXALIPLATIN,اکسالی پلاتین اکویدا,محلول,5 mg/1mL 20 mg,غلیظ تزریقی پرنترال
LEVODOPA / CARBIDOPA FORTE,لوودوپا-سی فورت جالینوس,قرص,250 mg/25 mg,خوراکی 
EXEMESTANE,اگزمستان نورمون,قرص,25 mg,خوراکی 
COAGULATION FACTOR VIII (RECOMBINANT),کوآگیت,پودر,500 [iU] [iU],لئوفیلیزه برای تهیه محلول تزریقی پرنترال
DACTINOMYCIN,داکتوما,پودر,0.5 mg mg,برای تهیه محلول تزریقی پرنترال
DAPOXETINE (AS HYDROCHLORIDE),داپیکو,قرص,30 mg,خوراکی 
FEXOFENADINE HYDROCHLORIDE,فکسوفنادین,قرص,60 mg,خوراکی 
BUDESONIDE,بودزوناید,اسپری,64 ug/1{dose} 120 mL,از راه بینی
MONTELUKAST (AS SODIUM),مونته لوکاست,قرص,10 mg,خوراکی 
FLUPENTHIXOL DECANOATE,میتیکسول,تزریقی,20 mg/1mL 1 mg,پرنترال 
CLINDAMYCIN (AS PHOSPHATE),کلیندامایسین-ناژو,کرم,2 % 40 g,واژینال 
RISPERIDONE,رسپیروز,قرص,2 mg,خوراکی 
VALPROATE SODIUM,والپروات سدیم,شربت,200 mg/5mL 120 mL,خوراکی 
CLINDAMYCIN (AS PHOSPHATE),کلیندامایسین,تزریقی,150 mg/1mL 4 mL,پرنترال 
TRIFLUOPERAZINE,تری فلوئوپرازین,,5 mg,قرص خوراکی
FINERENONE,کینرین,قرص,10 mg,خوراکی 
BRIVARACETAM,بریواکین,قرص,100 mg,خوراکی 
MEGESTROL ACETATE,برندوکر,قرص,20 mg,خوراکی 
ACETAMINOPHEN,استامینوفن بهسا,,120 mg/5mL 60 mL,محلول خوراکی
ADULT COLD PREPARATIONS (4-7),مگافن سینوس کلد,قرص,500 mg/10 mg/25 mg,خوراکی 
BUDESONIDE,یوسناید,قرص,9 mg,پیوسته رهش خوراکی
EMPAGLIFLOZIN / METFORMIN HYDROCHLORIDE,امپاور پلاس,قرص,12.5 mg/1000 mg,خوراکی 
CARBOPLATIN,ابکاربو,محلول,10 mg/1mL 15 mg,غلیظ تزریقی داخل وریدی
ONDANSETRON (AS HYDROCHLORIDE),ومترال,تزریقی,2 mg/1 mL 2 mL,پرنترال 
PROPYLTHIOURACIL,پرواوراسیل,قرص,50 mg,خوراکی 
BORTEZOMIB,بورتزومیب,پودر,3.5 mg mg,لئوفیلیزه برای تهیه محلول تزریقی پرنترال
ABIRATERONE ACETATE,ابیراترون,قرص,500 mg,خوراکی 
CALCITRIOL,اف دی تی کلسیتوژل,کپسول,0.25 ug,حاوی مایع خوراکی
DAPAGLIFLOZIN (AS PROPANEDIOL) / METFORMIN HYDROCHLORIDE,فاکسیبت پلاس,قرص,5 mg/500 mg,پیوسته رهش خوراکی
LIDOCAINE HYDROCHLORIDE,لیدوکائین هیدروکلراید,محلول,4 % 5 mL,تزریقی پرنترال
BICALUTAMIDE,بیکالومید,قرص,50 mg,خوراکی 
RIVAROXABAN,زارکسا,قرص,10 mg,خوراکی 
DICLOFENAC SODIUM,دیکلوفناک سدیم,قرص,50 mg,انتریک کوتد خوراکی
LOSARTAN POTASSIUM / HYDROCHLOROTHIAZIDE,هیزارید,قرص,50 mg/12.5 mg,خوراکی 
LEVOFLOXACIN,لینوکین,قرص,500 mg,خوراکی 
CEFUROXIME (AS AXETIL),فارینات,قرص,500 mg,خوراکی 
PROCARBAZINE (AS HYDROCHLORIDE),ناتولان,کپسول,50 mg,خوراکی 
CARBOPLATIN,کربوپلات,محلول,10 mg/1mL 5 mL,غلیظ تزریقی داخل وریدی
TENOFOVIR DISOPROXIL FUMARATE,تدووین,قرص,300 mg,خوراکی 
SELEGILINE HYDROCHLORIDE,سلژیلین,قرص,5 mg,خوراکی 
TESTOSTERONE ENANTHATE,تستوسترون انانتات,تزریقی,100 mg/1mL mL,پرنترال 
BENDAMUSTINE HYDROCHLORIDE,بندانیت,پودر,25 mg mg,برای تهیه محلول تزریقی پرنترال
METHYLPREDNISOLONE (AS SODIUM SUCCINATE),سولو-مدرول,پودر,500 mg mg,برای تهیه محلول تزریقی پرنترال
ACETAMINOPHEN / CAFFEINE / CODEINE PHOSPHATE,کدافئین,قرص,300 mg/15 mg/15 mg,خوراکی 
SERTRALINE (AS HYDROCHLORIDE),آسنترا,قرص,50 mg,خوراکی 
APIXABAN,الاکوئیت,قرص,5 mg,خوراکی 
VITAMIN B1 / VITAMIN B6 / VITAMIN B12,اکتوبیون,تزریقی,100 mg/100 mg/1000 ug/3mL mL,پرنترال 
HYDRALAZINE HYDROCHLORIDE,آپو-هیدرالازین,قرص,10 mg,خوراکی 
TRIAMCINOLONE ACETONIDE,تریامسینولون,کرم,0.1 % 15 g,موضعی 
ARTIFICIAL TEARS,تیرلوز,"محلول،",0.3 % 10 mL,قطره چشمی
ACETAMINOPHEN / DIPHENHYDRAMINE / PHENYLEPHRINE,ستادین-دی,شربت,160 mg/12.5 mg/2.5 mg/5mL 200 mL,خوراکی 
CICLOSPORIN,سیکلوفیل می,کپسول,25 mg,حاوی مایع خوراکی
OZANIMOD (AS HYDROCHLORIDE),ولوسیا,کپسول,0.92 mg,خوراکی 
IMATINIB (AS MESYLATE),ایماتینیب,قرص,400 mg,خوراکی 
RIVAROXABAN,زارکسا,قرص,20 mg,خوراکی 
VITAMIN B1 / VITAMIN B6 / VITAMIN B12,دی پی تریویت,تزریقی,100 mg/100 mg/1000 ug/3mL mL,پرنترال 
CLARITHROMYCIN,کلاریترومایسین,قرص,500 mg,خوراکی 
AMLODIPINE (AS BESILATE),نوروین,قرص,5 mg,خوراکی 
CO-AMOXICLAV,فارمنتین بی دی,پودر,200 mg/28.5 mg/5 mL 100 mL,برای تهیه سوسپانسیون خوراکی
GLATIRAMER ACETATE,اکتیرامر,محلول,40 mg/1mL mg,تزریقی پرنترال
ELTROMBOPAG (AS OLAMINE),پلیتی پگ,قرص,50 mg,خوراکی 
INSULIN GLARGINE,پرسیتوس دی پی,تزریقی,100 [iU]/1mL 3 [iU],پرنترال 
BROMHEXINE HYDROCHLORIDE,برم هگزین هیدروکلراید,محلول,4 mg/5mL 60 mL,خوراکی 
TRIAMCINOLONE NN,تریامسینولون ان ان-عماد,پماد,1 mg/2.5 mg/100000 [iU]/1g 15 g,موضعی 
FUSIDIC ACID / HYDROCORTISONE ACETATE,فوزیسید-اچ,کرم,2 %/1 % 15 g,موضعی 
BISOPROLOL FUMARATE / HYDROCHLOROTHIAZIDE,بیسوتا اچ سی تی,قرص,5 mg/12.5 mg,خوراکی 
CLOTRIMAZOLE,کلو-ژین,شیاف,100 mg,واژینال 
ACETAMINOPHEN,استاپرل,کپسول,500 mg,با روکش ژلاتین خوراکی
IRON (AS SUCROSE),هماتوفر,تزریقی,20 mg/1mL 5 mL,داخل وریدی
GUAIFENESIN,گایافنزین-عماد,شربت,100 mg/5mL 60 mL,خوراکی 
CLARITHROMYCIN,کلاریسین,قرص,250 mg,خوراکی 
DULOXETINE,دلوکسیما,کپسول,30 mg,انتریک کوتد خوراکی
AMLODIPINE (AS BESILATE),آملوژین,قرص,5 mg,خوراکی 
EMPAGLIFLOZIN / METFORMIN HYDROCHLORIDE,جاردی پلاس,قرص,5 mg/1000 mg,خوراکی 
HYDRALAZINE HYDROCHLORIDE,وانا هیدرالازین,قرص,25 mg,خوراکی 
FINERENONE,فینرنال,قرص,10 mg,خوراکی 
VALSARTAN / HYDROCHLOROTHIAZIDE,پانامیکس,قرص,80 mg/12.5 mg,خوراکی 
OMEPRAZOLE,رزاپرازول,کپسول,) 20 mg,(پلت های انتریک کوتد خوراکی
GUAIFENESIN,جی-ماکس,شربت,100 mg/5mL 60 mL,خوراکی 
VONOPRAZAN (AS FUMARATE),فورایز,قرص,10 mg,خوراکی 
DESLORATADINE,آوه تادین,قرص,5 mg,خوراکی 
ALBUMIN (HUMAN),آلبومین,محلول,20 % 50 mL,تزریقی پرنترال
BRIMONIDINE TARTRATE,بریموگان,"محلول،",0.2 % 5 mL,قطره چشمی
IPRATROPIUM BROMIDE,ایپرانازال,اسپری,21 ug/1{Puff} 25 {dose},با دوز اندازه گیری شده از راه بینی
LEVETIRACETAM,لوسیژر,قرص,500 mg,خوراکی 
TRIFLUOPERAZINE,تری فلوئوپرازین,,2 mg,قرص خوراکی
IBUPROFEN,ایبو پروفن,قرص,800 mg,پیوسته رهش خوراکی
LORATADINE,لوراپرل,کپسول,10 mg,حاوی مایع خوراکی
ALUMINIUM HYDROXIDE / MAGNESIUM HYDROXIDE / SIMETHICONE,آدی ژل-اس,سوسپانسیون,225 mg/200 mg/25 mg/5mL 10 mL,خوراکی 
FILGRASTIM,تیناگراست,تزریقی,600 ug/1mL 0.5 mL,پرنترال 
ALBENDAZOLE,کینگازول,قرص,400 mg,جویدنی خوراکی
ATOMOXETINE HYDROCHLORIDE,استراتین,کپسول,10 mg,خوراکی 
ACICLOVIR,زوویرامین,پودر,200 mg/5mL 120 g,برای تهیه سوسپانسیون خوراکی
GLYCERIN,گلیسرین-بهوزان,شیاف,2 g,مقعدی 
EPLERENONE,اپرونا,قرص,50 mg,خوراکی 
TIZANIDINE,تیزانیدین,قرص,4 mg,خوراکی 
HYDROCORTISONE ACETATE,هیدروکورتیزون-ناژو,پماد,1 % 15 g,موضعی 
PANTOPRAZOLE (AS SODIUM SESQUIHYDRATE),پنزول,قرص,40 mg,انتریک کوتد خوراکی
SAPROPTERIN DIHYDROCHLORIDE,تیراوا,قرص,100 mg,حل شونده خوراکی
AMLODIPINE (AS BESILATE) / BISOPROLOL FUMARATE,آملودیپین/بیزوپرولول,قرص,10 mg/10 mg,خوراکی 
INDOMETHACIN,ایندوکیم,کپسول,25 mg,خوراکی 
FENOFIBRATE,تریرول,کپسول,200 mg,خوراکی 
ESOMEPRAZOLE,نکسیتور,کپسول,40 mg,انتریک کوتد خوراکی
METHYLTESTOSTERONE,متیل تستوسترون,,25 mg,قرص خوراکی
GABAPENTIN,گاباسد,کپسول,300 mg,خوراکی 
SACUBITRIL / VALSARTAN,اسکادیا,قرص,97 mg/103 mg,خوراکی 
SODIUM CHLORIDE,دی بی-سالین,اسپری,0.65 % 20 mL,از راه بینی
ZONISAMIDE,زونیساماید,کپسول,100 mg,خوراکی 
LIDOCAINE,لیدوکائین نیکسادا,اسپری,10 mg/1{dose} 50 mL,موضعی 
HYDROXYUREA,مداروکسی,کپسول,500 mg,خوراکی 
MOMETASONE FUROATE,مومتازون-بهوزان,پماد,0.1 % 30 g,موضعی 
EVEROLIMUS,سرتیکان,قرص,0.75 mg,خوراکی 
POVIDONE IODINE,فارمادین,محلول,10 % 60 mL,موضعی 
ASA (ACETYLSALICYLIC ACID),آ.اس.آ-حکیم,قرص,81 mg,انتریک کوتد خوراکی
LOTEPREDNOL ETABONATE,لوتویژن-پی بی ای,"سوسپانسیون،",0.5 % 5 mL,قطره چشمی
ESOMEPRAZOLE (AS MAGNESIUM),اس امپرازول - ثنامد,کپسول,40 mg,انتریک کوتد خوراکی
PREGABALIN,نورفیبکس,کپسول,50 mg,خوراکی 
BOSENTAN,فارانتان,قرص,125 mg,خوراکی 
ACETAMINOPHEN,استامینوفن-حکیم,قرص,325 mg,خوراکی 
MEMANTINE HYDROCHLORIDE,آلزانتین,قرص,5 mg,خوراکی 
ESTRADIOL (AS HEMIHYDRATE),جیناتی,قرص,10 ug,واژینال 
MESALAZINE,آفیلازین,شیاف,500 mg,مقعدی 
CAPTOPRIL,کاپتوپریل-اکسیر,قرص,50 mg,خوراکی 
THEOPHYLLINE / GUAIFENESIN,تئوزین,محلول,50 mg/30 mg/5mL 120 mL,خوراکی 
HEPATITIS B IMMUNE GLOBULIN,ایمونو اچ بی اس,تزریقی,180 [iU]/1mL 1 [iU],پرنترال 
METOPROLOL TARTRATE,متوتار,قرص,50 mg,خوراکی 
GLYCERIN,لاکسرین,شیاف,1 g,مقعدی 
IBUPROFEN,جالیفن,کپسول,200 mg,حاوی مایع خوراکی
TRANYLCYPROMINE,تریون,قرص,10 mg,خوراکی 
ARIPIPRAZOLE,آریپیپرازول,قرص,10 mg,خوراکی 
METRONIDAZOLE,آمیزول,قرص,250 mg,خوراکی 
DAPAGLIFLOZIN (AS PROPANEDIOL) / METFORMIN HYDROCHLORIDE,گلوکسیگا-ام,قرص,5 mg/1000 mg,پیوسته رهش خوراکی
RINGERS,رینگر,,500 mL,محلول تزریقی داخل وریدی
ACETAMINOPHEN,استاگروفن,قرص,500 mg,خوراکی 
ROSUVASTATIN (AS CALCIUM),لیپروز,,5 mg,قرص خوراکی
DOCETAXEL,الوتر,محلول,20 mg/1mL 8 mg,تزریقی داخل وریدی
MIDAZOLAM,میداماکس,تزریقی,5 mg/1mL 3 mL,پرنترال 
FLUTICASONE PROPIONATE,کاتوسین,اینهالر,250 ug/1{dose} 120 {Puff},استنشاقی 
TOPIRAMATE,توپیرامات,قرص,50 mg,خوراکی 
BETAMETHASONE LA (BETAMETHASONE AS DISODIUM PHOSPHATE / BETAMETHASONE ACETATE),بکلومر,سوسپانسیون,3 mg/3 mg/1mL mg,تزریقی پیوسته رهش پرنترال
ADENOSINE,آدنوکا,تزریقی,3 mg/1mL 2 mL,پرنترال 
REPAGLINIDE,رپاگین,قرص,1 mg,خوراکی 
POVIDONE IODINE,پوویدون آیداین-دارو درمان,محلول,10 % 1000 mL,موضعی 
LEVETIRACETAM,الپرا,قرص,500 mg,خوراکی 
TOBRAMYCIN,توبامیست,,60 mg/1mL 5 mL,محلول استنشاقی
TADALAFIL,تاداکیم,قرص,20 mg,خوراکی 
TRIFLUOPERAZINE,تری فلوزیک,تزریقی,1 mg/1mL 1 mL,عضلانی 
PIOGLITAZONE,پیوگلیتازون - ثنامد,قرص,15 mg,خوراکی 
BISOPROLOL FUMARATE / HYDROCHLOROTHIAZIDE,بیسوتا اچ سی تی,قرص,2.5 mg/6.25 mg,خوراکی 
SACUBITRIL / VALSARTAN,ساکوبیتریل / والسارتان,قرص,97 mg/103 mg,خوراکی 
ISOTRETINOIN,آکنوترن,کپسول,20 mg,حاوی مایع خوراکی
PANCREATIN,پانگرول,کپسول,) 25000 [iU],(پلت های انتریک کوتد خوراکی
SORAFENIB (AS TOSYLATE),نکسوفنیب,قرص,200 mg,خوراکی 
HYOSCINE-N-BUTYL BROMIDE,هیوسین-ان- بوتیل بروماید,تزریقی,20 mg/1mL mL,پرنترال 
BISOPROLOL FUMARATE,بتالکو,قرص,5 mg,خوراکی 
TRIAMCINOLONE NN,تریامسینولون ان ان-ناژو,پماد,1 mg/2.5 mg/100000 [iU]/1g 15 g,موضعی 
DUTASTERIDE / TAMSULOSIN,آولوسین,کپسول,0.5 mg/0.4 mg,خوراکی 
ACETAMINOPHEN,ولوتیل,"محلول،",100 mg/1mL 15 mL,قطره خوراکی
ERYTHROMYCIN,اریترومایسین-سپیداج,محلول,4 % 60 mL,موضعی 
PREGABALIN,رایپیکا,کپسول,150 mg,خوراکی 
SALMETEROL (AS XINAFOATE) / FLUTICASONE PROPIONATE,فلوتیکورت پلاس,آئروسل,25 ug/250 ug/1{dose} 120 {dose},با دوز اندازه گیری شده استنشاقی
DICLOFENAC SODIUM,لوفدیک,شیاف,100 mg,مقعدی 
BUSPIRONE HYDROCHLORIDE,بروین,قرص,5 mg,خوراکی 
VALSARTAN,آدوان,قرص,40 mg,خوراکی 
FLUOROURACIL,نسیل,تزریقی,50 mg/1mL 5 mL,پرنترال 
AZITHROMYCIN,آزپین,قرص,500 mg,خوراکی 
BORTEZOMIB,بورتزومیب,پودر,3.5 mg mg,لئوفیلیزه برای تهیه محلول تزریقی پرنترال
DAPAGLIFLOZIN (AS PROPANEDIOL) / METFORMIN HYDROCHLORIDE,گلوداپلاس,قرص,5 mg/850 mg,خوراکی 
CHLORDIAZEPOXIDE,للوکساید,قرص,5 mg,خوراکی 
ARIPIPRAZOLE,سروزول,قرص,10 mg,خوراکی 
CLOBETASOL PROPIONATE,کلوبتازول-ناژو,پماد,0.05 % 15 g,موضعی 
MINOXIDIL,ماینوکسیدیل-ناژو,محلول,20 mg/1mL 60 mL,موضعی 
LORATADINE,لودیمین,قرص,10 mg,خوراکی 
COLISTIMETHATE SODIUM,کلوونت,پودر,4500000 [iU] [iU],برای تهیه محلول تزریقی پرنترال
VITAMIN B1 (THIAMINE),تیام ویت,قرص,100 mg,خوراکی 
ALBUMIN (HUMAN),آلبونورم,محلول,20 % 50 g,تزریقی پرنترال
PRAMIPEXOLE (AS DIHYDROCHLORIDE),رستین,قرص,0.18 mg,خوراکی 
LOSARTAN POTASSIUM,لوزاتن,قرص,25 mg,خوراکی 
ACETAMINOPHEN / CAFFEINE / CODEINE PHOSPHATE,استامینوفن/کافئین/کدئین,قرص,300 mg/15 mg/15 mg,خوراکی 
DICLOFENAC SODIUM,لوفدیک,شیاف,50 mg,مقعدی 
TRIMIPRAMINE (AS MALEATE),تریمیپرامین,"محلول،",4 % 30 mL,قطره خوراکی
SALBUTAMOL (AS SULFATE),سالبوتامول,قرص,2 mg,خوراکی 
CLONAZEPAM,کلونازپام آریا,قرص,2 mg,خوراکی 
QUETIAPINE (AS FUMARATE),ترانکوپین,قرص,100 mg,خوراکی 
AMLODIPINE (AS BESILATE) / VALSARTAN,اکتوور والوسپ,قرص,5 mg/160 mg,خوراکی 
EMPAGLIFLOZIN / METFORMIN HYDROCHLORIDE,پگلیمت,قرص,5 mg/1000 mg,پیوسته رهش خوراکی
PREGABALIN,گاباپرل,کپسول,300 mg,خوراکی 
LOTEPREDNOL ETABONATE,لوتمکس,پماد,0.5 % 3.5 g,چشمی 
TELMISARTAN / HYDROCHLOROTHIAZIDE,تلمیک-اچ,قرص,80 mg/12.5 mg,خوراکی 
AMLODIPINE (AS BESILATE) / BISOPROLOL FUMARATE,آملودیپین/بیزوپرولول,قرص,5 mg/5 mg,خوراکی 
VALACYCLOVIR,ویرالیپ,قرص,500 mg,خوراکی 
PRILOCAINE / FELYPRESSIN,دنتانست,تزریقی,30 mg/0.54 ug/1mL 1.8 mL,پرنترال 
PROTAMINE SULFATE,پروتامین,تزریقی,10 mg/1mL 5 [iU],پرنترال 
OMEPRAZOLE (AS SODIUM),امپیتکس,پودر,40 mg mg,برای تهیه محلول تزریقی پرنترال
DAPAGLIFLOZIN (AS PROPANEDIOL),داکسلا,قرص,5 mg,خوراکی 
PROPRANOLOL HYDROCHLORIDE,روزانول,قرص,20 mg,خوراکی 
IRON (AS SUCROSE),آیرون سوکروز,تزریقی,20 mg/1mL 5 mL,داخل وریدی
IBUPROFEN / METHOCARBAMOL,روباکوفن,قرص,200 mg/500 mg,خوراکی 
INSULIN REGULAR,لانسولین آر,تزریقی,100 [iU]/1mL 3 mL,پرنترال 
SIMETHICONE (DIMETHICONE ACTIVATED),دایمتیکون,"سوسپانسیون،",40 mg/1mL 30 mL,قطره خوراکی
METRONIDAZOLE,فلاژیکس,قرص,500 mg,خوراکی 
FLUOCINOLONE / HYDROQUINONE / TRETINOIN,ژانولوما,کرم,0.01 %/4 %/0.05 % 15 g,موضعی 
CONJUGATED ESTROGENS,استرین,کرم,0.625 mg/1g 42.5 g,واژینال 
CEFALEXIN,آفالکس,کپسول,500 mg,خوراکی 
ATENOLOL,آتنولول-سبحان,قرص,100 mg,خوراکی 
INTERFERON BETA-1A,آونکس,تزریقی,12000000 [iU]/1mL 0.5 ug,پرنترال 
CEFTAZIDIME,زاک زیدیم,پودر,1 g g,برای تهیه محلول تزریقی پرنترال
RALOXIFENE HYDROCHLORIDE,رالوفن,قرص,60 mg,خوراکی 
ACETAMINOPHEN / CAFFEINE / IBUPROFEN,تری نوپین,کپسول,325 mg/40 mg/200 mg,خوراکی 
ARIPIPRAZOLE,آریپیفای,قرص,10 mg,خوراکی 
SALMETEROL (AS XINAFOATE) / FLUTICASONE PROPIONATE,ساتیکا,کپسول,50 ug/100 ug/1{dose},استنشاقی 
VENLAFAXINE,دپریلکس,کپسول,37.5 mg,پیوسته رهش خوراکی
TOFACITINIB (AS CITRATE),توفازا,قرص,10 mg,خوراکی 
PROPOFOL,پروپوفول ام سی تی,امولسیون,10 mg/1mL 20 mg,تزریقی پرنترال
ACICLOVIR,روویرو,پودر,250 mg mg,لئوفیلیزه برای تهیه محلول تزریقی پرنترال
AZITHROMYCIN,آزيترومايسين,کپسول,500 mg,خوراکی 
IOPAMIDOL,آیوپامیدول,تزریقی,370 mg/1mL 50 mL,پرنترال 
ETANERCEPT,انبرل,محلول,25 mg/0.5mL mL,تزریقی زیر جلدی
GUAIFENESIN / CHLORPHENIRAMINE / PHENYLEPHRINE,کوفکس,شربت,100 mg/2 mg/5 mg/5mL 60 mL,خوراکی 
LOSARTAN POTASSIUM,لوزاژین,قرص,50 mg,خوراکی 
DOMPERIDONE,دومتیدون,سوسپانسیون,1 mg/1 mL 120 mL,خوراکی 
LINEZOLID,لینووکس,قرص,600 mg,خوراکی 
TRETINOIN,وزانویید,کپسول,10 mg,خوراکی 
CETIRIZINE HYDROCHLORIDE,سیترازم,شربت,1 mg/1mL 60 mL,خوراکی 
ENOXAPARIN SODIUM,انوکسیر,تزریقی,100 mg/1mL 0.4 mL,پرنترال 
EVEROLIMUS,اورولیموس آکویدا,قرص,10 mg,خوراکی 
TAMOXIFEN,تاموکسیفن,قرص,20 mg,خوراکی 
AMOROLFINE (AS HYDROCHLORIDE),آمورونیک,لاک,50 mg/1mL 5 mL,ناخن موضعی
GEMCITABINE HYDROCHLORIDE,جمسدال,محلول,38 mg/1 mL 26.3 mg,غلیظ تزریقی پرنترال
FOSCARNET SODIUM,وُکاروی,محلول,24 mg/1mL 250 mL,تزریقی پرنترال
EMPAGLIFLOZIN / METFORMIN HYDROCHLORIDE,امپاگلیفلوزین / متفورمین,قرص,12.5 mg/1000 mg,خوراکی 
SUFENTANIL (AS CITRATE),سوفنتانیل,تزریقی,5 ug/1mL 10 mm,پرنترال 
ATRACURIUM BESYLATE,نئوکوریوم,تزریقی,10 mg/1mL 5 mg,پرنترال 
METRONIDAZOLE,متروماکس,قرص,250 mg,خوراکی 
SEVOFLURANE,سووفلوران,اینهالر,250 mL mL,استنشاقی 
VITAMIN A / VITAMIN D,پی.آ.د,,850 [iU]/85 [iU]/1g 30 g,پماد موضعی
L-CARNITINE,ال-کارنیتین,محلول,100 mg/1mL 120 mL,خوراکی 
QUETIAPINE (AS FUMARATE),آرو-کوئتیاپین,قرص,200 mg,خوراکی 
FIBRINOGEN,هاموکومپلتان پی,پودر,1 g g,برای تهیه محلول تزریقی پرنترال
PEDIATRIC GRIPPE,کیدی گریپ,شربت,0.67 mg/10 mg/5mL 120 mL,خوراکی 
SALBUTAMOL (AS SULFATE),بوتو-اسما,اسپری,100 ug/1{dose} 200 mg,با دوز اندازه گیری شده استنشاقی
PAZOPANIB (AS HYDROCHLORIDE),پازوتری,قرص,200 mg,خوراکی 
ACETAMINOPHEN,آمیفن,"محلول،",100 mg/1mL 15 mL,قطره خوراکی
CO-AMOXICLAV,کو-آموکسی کلاو,پودر,125 mg/31.25 mg/5mL 100 mL,برای تهیه سوسپانسیون خوراکی
ALBUMIN (HUMAN),آلبومینا باکسالتا,محلول,20 % 50 g,تزریقی پرنترال
ACETAMINOPHEN / CAFFEINE,توژزیک,قرص,500 mg/65 mg,خوراکی 
TRIENTINE DIHYDROCHLORIDE,زیستین,کپسول,300 mg,خوراکی 
CLOZAPINE,کلوزاپین مینو,قرص,100 mg,خوراکی 
ITRACONAZOLE,ایترانکس,کپسول,100 mg,خوراکی 
MULTIVITAMIN,زولی میکس,پودر,0.25 mg/0.36 mg/0.4 mg/0.5 ug/4 mg/1.5 mg/6 ug/10 mg/40 ug/1mL 10 mg,لئوفیلیزه برای تهیه محلول تزریقی پرنترال
RIVAROXABAN,زابیتا,قرص,20 mg,خوراکی 
VITAMIN B1 / VITAMIN B6 / VITAMIN B12,نوروویم,تزریقی,100 mg/100 mg/1000 ug/3mL mL,پرنترال 
FEXOFENADINE HYDROCHLORIDE,آلگزافن,قرص,180 mg,خوراکی 
GABAPENTIN,گاباکس,کپسول,300 mg,خوراکی 
NYSTATIN,نیستات,پودر,100000 [iU]/1mL mL,برای تهیه سوسپانسیون خوراکی
CYCLOPHOSPHAMIDE,سیکلو اسپال-پی,پودر,1 g mg,برای تهیه محلول تزریقی پرنترال
MEBEVERINE HYDROCHLORIDE,مبورین,قرص,135 mg,خوراکی 
EMPAGLIFLOZIN / LINAGLIPTIN,امپاگلیفلوزین/لیناگلیپتین,قرص,25 mg/5 mg,خوراکی 
KETOTIFEN (AS FUMARATE),پریتیفن,شربت,1 mg/5mL 60 mL,خوراکی 
CELECOXIB,سلکوکسیر,کپسول,200 mg,خوراکی 
IBUPROFEN,اکتوپین,قرص,400 mg,خوراکی 
BOSENTAN,سنتوبایوکس,قرص,62.5 mg,خوراکی 
OCTREOTIDE (AS ACETATE),ساندوستاتین,پودر,20 mg mg,برای تهیه سوسپانسیون تزریقی پیوسته رهش پرنترال
DAPOXETINE (AS HYDROCHLORIDE),دوراکست,قرص,60 mg,خوراکی 
BUDESONIDE,یوسناید,کپسول,3 mg,پیوسته رهش خوراکی
FEXOFENADINE HYDROCHLORIDE,فنوفکسین,قرص,180 mg,خوراکی 
INSULIN ASPART,ویتاسپالن میکس,سوسپانسیون,100 [iU]/1mL 3 [iU],تزریقی پرنترال
ARIPIPRAZOLE,ابیلیزول,قرص,5 mg,خوراکی 
VALPROATE SODIUM,دپاکین کرونو,قرص,333 mg/145 mg,پیوسته رهش خوراکی
LOSARTAN POTASSIUM / HYDROCHLOROTHIAZIDE,هیدروزار,قرص,50 mg/12.5 mg,خوراکی 
TOLTERODINE TARTRATE,تولرین,قرص,2 mg,خوراکی 
PYRIMETHAMINE,پیریمتامین,قرص,25 mg,خوراکی 
CLINDAMYCIN (AS HYDROCHLORIDE),دالاکپ,کپسول,150 mg,خوراکی 
SODIUM PICOSULFATE,پیکودراپ,"محلول،",7.5 mg/1mL 15 mL,قطره خوراکی
OXYCODONE HYDROCHLORIDE,فاروکسی,قرص,20 mg,پیوسته رهش خوراکی
HYOSCINE-N-BUTYL BROMIDE,هیوسین ان-بوتیل بروماید,قرص,10 mg,خوراکی 
GLYCERIN,لاکسرین,شیاف,2 g,مقعدی 
BEVACIZUMAB,اواسیم,محلول,25 mg/1mL 16 mL,غلیظ تزریقی پرنترال
TETRABENAZINE,آکورا,قرص,25 mg,خوراکی 
PROGESTERONE,سیکلوژست,شیاف,400 mg,واژینال 
LEVETIRACETAM,الپرا,قرص,750 mg,خوراکی 
BETAMETHASONE (AS DISODIUM PHOSPHATE),بتازونیت,پماد,0.1 % 3 g,چشمی 
DIPYRIDAMOLE,دی پیریدامول,تزریقی,5 mg/1mL 2 mg,پرنترال 
DEXTROSE,دکستروز,محلول,50 % 50 mL,غلیظ تزریقی داخل وریدی
TRIFLUOPERAZINE,فلوریکس,قرص,2 mg,خوراکی 
SERTACONAZOLE NITRATE,سرتاکونازول عماد,کرم,2 % 30 g,موضعی 
CINNARIZINE,سینازین,قرص,75 mg,خوراکی 
LORAZEPAM,لورازپام,قرص,1 mg,خوراکی 
METFORMIN HYDROCHLORIDE,رهامت,قرص,1000 mg,خوراکی 
TEMOZOLOMIDE,تمودال,کپسول,100 mg,خوراکی 
LEVETIRACETAM,مت اور,قرص,500 mg,خوراکی 
VITAMIN B1 / VITAMIN B6 / VITAMIN B12,نوروتریویت,تزریقی,100 mg/100 mg/1000 ug/3mL mL,پرنترال 
GABAPENTIN,گاباروکس,کپسول,100 mg,خوراکی 
CONTRACEPTIVE DE,دزولست,قرص,0.15 mg/30 ug,خوراکی 
ADULT COLD PREPARATIONS (4-3),رلیکول,قرص,325 mg/5 mg/2 mg,خوراکی 
NAPROXEN,ناپرون,قرص,250 mg,خوراکی 
TRIPTORELIN (AS ACETATE),دکارلین,تزریقی,95.6 ug mg,پرنترال 
AMLODIPINE (AS BESILATE) / VALSARTAN,آملودیپین/ والسارتان - حکیم,قرص,5 mg/80 mg,خوراکی 
LISDEXAMFETAMINE MESILATE,ویاس,کپسول,30 mg,خوراکی 
VINCRISTINE SULFATE,وینکریستین,تزریقی,1 mg/1mL 1 mL,پرنترال 
HYDROCORTISONE ACETATE,هیدروکورتیزون بهسا,پماد,1 % 15 g,موضعی 
LIDOCAINE,لیدوفورت,کرم,4 % 15 g,موضعی 
BEVACIZUMAB,اواستین,محلول,25 mg/1mL 4 mg,غلیظ تزریقی پرنترال
ROSUVASTATIN (AS CALCIUM),آریستاتین,قرص,20 mg,خوراکی 
BRENTUXIMAB VEDOTIN,برنتوکسیمب,پودر,50 mg mg,برای تهیه محلول تزریقی پرنترال
CARBAMAZEPINE,تگربان,قرص,200 mg,خوراکی 
POTASSIUM CITRATE,اوروسیترا,قرص,5 meq,خوراکی 
ACETAMINOPHEN,تایلوفن,محلول,150 mg/1mL 6.7 mL,غلیظ تزریقی داخل وریدی
IODIXANOL,ویزیپک,تزریقی,320 mg/1mL 50 mL,پرنترال 
METOPROLOL TARTRATE,متورال,تزریقی,1 mg/1mL 5 mL,پرنترال 
HYDROXOCOBALAMIN,هیدروکسوکوبالامین,تزریقی,5 mg/1mL 2 mL,پرنترال 
METHOXSALEN,ملادینین,قرص,10 mg,خوراکی 
ONDANSETRON (AS HYDROCHLORIDE),اندانیل,قرص,4 mg,خوراکی 
MELPHALAN,آلکران,قرص,2 mg,خوراکی 
CROMOLYN SODIUM,مولینوز,اسپری,20 mg/1mL 20 mL,از راه بینی
BENZOYL PEROXIDE,پنژل,ژل,10 % 30 g,موضعی 
VITAMIN B6,ویبسیکس,تزریقی,50 mg/1mL 2 mL,پرنترال 
LEVETIRACETAM,الپرا,قرص,1000 mg,خوراکی 
TIRZEPATIDE,اسپارتینا,محلول,10 mg/0.6 mL mL,تزریقی پرنترال
GLICLAZIDE,گلی کلازید,قرص,80 mg,خوراکی 
TACROLIMUS,پروگرف,محلول,5 mg/1mL mg,غلیظ تزریقی پرنترال
TAMSULOSIN HYDROCHLORIDE,یوریهنس,کپسول,0.4 mg,پیوسته رهش خوراکی
METFORMIN HYDROCHLORIDE,نودیاکس,قرص,1000 mg,خوراکی 
LIDOCAINE,لیدوکائین,کرم,4 % 30 g,موضعی 
AZITHROMYCIN,زیتروبان,قرص,250 mg,خوراکی 
CLOBETASOL PROPIONATE,کورتام,لوسیون,0.05 % 25 mL,موضعی 
BUDESONIDE,بودزوناید,سوسپانسیون,0.25 mg/1mL 2 mL,استنشاقی 
METFORMIN HYDROCHLORIDE,آنیفورمین,قرص,500 mg,پیوسته رهش خوراکی
ACITRETIN,آسیرت,کپسول,10 mg,خوراکی 
PERITONEAL DIALYSIS II,دیالیز صفاقی II,,22.7 g/1025.67 meq/3.5 meq/1.5 meq/35 meq/132 meq/1000 mL 2 L,محلول داخل صفاقی
DAPAGLIFLOZIN (AS PROPANEDIOL),داپاگلیفلوزین,قرص,10 mg,خوراکی 
AMLODIPINE (AS BESILATE) / TELMISARTAN,آملو تلمیک,قرص,5 mg/40 mg,خوراکی 
HYDRALAZINE HYDROCHLORIDE,هیدراستات,قرص,25 mg,خوراکی 
VALSARTAN,سووالتان,قرص,80 mg,خوراکی 
SUNITINIB (AS MALATE),سونیتینیب اکویدا,کپسول,12.5 mg,خوراکی 
VINORELBINE (AS TARTRATE),نولبین,کپسول,20 mg,حاوی مایع خوراکی
ZINC OXIDE,تاپی زینک,پماد,25 % 30 g,موضعی 
BISOPROLOL FUMARATE,بیزوفار,قرص,2.5 mg,خوراکی 
LAMOTRIGINE,لاموبیوژین,قرص,50 mg,خوراکی 
ERYTHROMYCIN,اریتروتاپ,محلول,4 % 60 mL,موضعی 
ARIPIPRAZOLE,آریزوور,قرص,5 mg,خوراکی 
ONDANSETRON (AS HYDROCHLORIDE),اوندیوام,تزریقی,2 mg/1 mL 2 mg,پرنترال 
CEFUROXIME (AS AXETIL),سفوروکسیم نورمون,قرص,250 mg,خوراکی 
GUSELKUMAB,ترمفیا,محلول,100 mg/1mL 1 mg,تزریقی پرنترال
CEFTAZIDIME,زاک زیدیم,پودر,2 g g,برای تهیه محلول تزریقی پرنترال
TOFACITINIB (AS CITRATE),توفاکسل,قرص,11 mg,پیوسته رهش خوراکی
HUMAN PAPILLOMAVIRUS VACCINE (BIVALENT),پاپیلوگارد2,تزریقی,0.5 mL mL,پرنترال 
SITAGLIPTIN (AS PHOSPHATE) / METFORMIN HYDROCHLORIDE,سیگومت,قرص,50 mg/500 mg,خوراکی 
TRIFLUOPERAZINE,تری فلوئوپرازین,تزریقی,1 mg/1mL 1 mL,عضلانی 
MACITENTAN,آپسیتنتان,قرص,10 mg,خوراکی 
ACARBOSE,آکارماکس,قرص,100 mg,خوراکی 
NITROGLYCERIN,نیتروگلیسرین سها,قرص,6.4 mg,پیوسته رهش خوراکی
SUMATRIPTAN (AS SUCCINATE),میگراکیم,قرص,100 mg,خوراکی 
BECLOMETHASONE DIPROPIONATE,بی زون,آئروسل,250 ug/1{dose} 200 {Puff},با دوز اندازه گیری شده استنشاقی
NEOSTIGMINE METHYLSULFATE,نئوستیگمین,تزریقی,0.5 mg/1mL 1 mL,پرنترال 
FLECAINIDE ACETATE,وانا فلکائینید,قرص,100 mg,خوراکی 
LEVETIRACETAM,کپرا,قرص,500 mg,خوراکی 
CO-AMOXICLAV,کو-آموکسی کلاو,پودر,400 mg/57 mg/5 mL 100 mL,برای تهیه سوسپانسیون خوراکی
PANTOPRAZOLE (AS SODIUM SESQUIHYDRATE),نولپازا,قرص,40 mg,انتریک کوتد خوراکی
CONTRACEPTIVE LD,لویتود,قرص,30 ug/0.15 mg,خوراکی 
ACETAMINOPHEN / CAFFEINE / IBUPROFEN,آسیفن,کپسول,325 mg/40 mg/200 mg,خوراکی 
RIFAXIMIN,ریفاکسیلان,قرص,550 mg,خوراکی 
CLARITHROMYCIN,کلاریسین,قرص,500 mg,خوراکی 
VALSARTAN,والسارتان-حکیم,قرص,80 mg,خوراکی 
ENZALUTAMIDE,تنزالا,قرص,40 mg,خوراکی 
CARVEDILOL,کارودیلول-جالینوس,قرص,12.5 mg,خوراکی 
INSULIN ISOPHANE,لانسولین ان,تزریقی,100 [iU]/1mL 3 mL,پرنترال 
ANTI-D IMMUNOGLOBULIN,ایمونورو,پودر,300 ug ug,لئوفیلیزه برای تهیه سوسپانسیون تزریقی عضلانی
LEVETIRACETAM,تامیرا,محلول,100 mg/1mL 5 mg,غلیظ تزریقی پرنترال
MAGNESIUM HYDROXIDE,مینوماگ,سوسپانسیون,8 % 240 mL,خوراکی 
SERTRALINE (AS HYDROCHLORIDE),آسنترا,قرص,100 mg,خوراکی 
RIVAROXABAN,زالربان,قرص,20 mg,خوراکی 
EPOETIN,اپولی رک,تزریقی,4000 [iU]/1mL 1 [iU],پرنترال 
SACUBITRIL / VALSARTAN,ساکوفید,قرص,49 mg/51 mg,خوراکی 
ZOLPIDEM TARTRATE,زوسلیپ,قرص,5 mg,خوراکی 
VALSARTAN / HYDROCHLOROTHIAZIDE,پانامیکس,قرص,160 mg/12.5 mg,خوراکی 
IBUPROFEN,ادوینوکس,کپسول,400 mg,حاوی مایع خوراکی
LAMOTRIGINE,لاموژین,قرص,50 mg,خوراکی 
PREGABALIN,لایریور,کپسول,75 mg,خوراکی 
MELOXICAM,ملوکسیب,قرص,15 mg,خوراکی 
EMPAGLIFLOZIN / METFORMIN HYDROCHLORIDE,امپاگلیفلوزین/متفورمین سها,قرص,5 mg/500 mg,خوراکی 
SUCRALFATE,سوکرالفیت,قرص,500 mg,خوراکی 
ACETAMINOPHEN,پدیامکس,سوسپانسیون,120 mg/5mL 120 mL,خوراکی 
DOMPERIDONE,اوپریو,سوسپانسیون,1 mg/1 mL 120 mL,خوراکی 
DEFERIPRONE,آوی دفرون,قرص,500 mg,انتریک کوتد خوراکی
PROPOFOL,پروپوفول ام سی تی,امولسیون,10 mg/1mL 20 mg,تزریقی پرنترال
PREGABALIN,زافکس,کپسول,75 mg,خوراکی 
RITUXIMAB,مبترا,تزریقی,10 mg/1mL 10 mg,پرنترال 
HYOSCINE-N-BUTYL BROMIDE,هیوسین-ان-بوتیل بروماید,تزریقی,20 mg/1mL mm,پرنترال 
BUPIVACAINE HYDROCHLORIDE,مارکووار,تزریقی,0.25 % 10 mL,پرنترال 
LANSOPRAZOLE,لنسوزول,کپسول,30 mg,انتریک کوتد خوراکی
DIENOGEST,وروژست,قرص,2 mg,خوراکی 
IVERMECTIN,ایوکتا,قرص,3 mg,خوراکی 
FOLIC ACID,فولی -1,قرص,1 mg,خوراکی 
DICLOFENAC SODIUM,آفیکلوناک,شیاف,50 mg,مقعدی 
ATENOLOL,آتنولول-تدافارم,قرص,100 mg,خوراکی 
AZELASTINE HYDROCHLORIDE,آلاستینیز-پی بی ای,اسپری,137 ug/1{Puff} 15 mL,با دوز اندازه گیری شده از راه بینی
NITROGLYCERIN,نیترولینگوال,اسپری,400 ug/1{dose} 200 {dose},زیرزبانی 
EXEMESTANE,آرومازین,قرص,25 mg,خوراکی 
ZOLEDRONIC ACID,زوبیس,تزریقی,4 mg/5mL mg,پرنترال 
TEMOZOLOMIDE,آمیتزو,پودر,100 mg mg,لئوفیلیزه برای تهیه محلول تزریقی داخل وریدی
EVEROLIMUS,ایورولیا,قرص,10 mg,خوراکی 
VITAMIN B1 (THIAMINE),ویتامین ب1-ثنامد,قرص,300 mg,خوراکی 
LEVOFLOXACIN,لووفلوکساسین-حکیم,قرص,500 mg,خوراکی 
PROPOFOL,پروپوفول-لیپورو,امولسیون,20 mg/1mL 50 mg,تزریقی پرنترال
PREGABALIN,پرگابالین-حکیم,کپسول,50 mg,خوراکی 
SUMATRIPTAN (AS SUCCINATE),سومی ترکس,قرص,100 mg,خوراکی 
MUPIROCIN,موپیکا,پماد,2 % 15 g,موضعی 
SALBUTAMOL (AS SULFATE),آستالین رسپیول,محلول,2.5 mg/2.5mL mL,استنشاقی 
NITROFURANTOIN,پیلوسپتیل,سوسپانسیون,25 mg/5mL 100 mL,خوراکی 
BIMATOPROST,پروستویژن- پی بی ای,"محلول،",0.01 % 3 mL,قطره چشمی
PAROXETINE (AS HYDROCHLORIDE),پاروکستین,قرص,40 mg,خوراکی 
CEFTIZOXIME,زوکسیم,پودر,1 g g,برای تهیه محلول تزریقی پرنترال
HYDROXOCOBALAMIN,هیدروکسوکوبالامین,تزریقی,5 mg/1mL 2 mm,پرنترال 
METRONIDAZOLE (AS BENZOATE),مترونیدازول( به صورت بنزوات),سوسپانسیون,125 mg/5mL 120 mL,خوراکی 
SUMATRIPTAN (AS SUCCINATE) / NAPROXEN,سوماتریپتان / ناپروکسن,قرص,85 mg/500 mg,خوراکی 
CASPOFUNGIN ACETATE,آروفونجین,پودر,50 mg mg,برای تهیه محلول تزریقی پرنترال
ANAGRELIDE HYDROCHLORIDE,آگریپلت,کپسول,500 ug,خوراکی 
MEXILETINE,مگزیتک,کپسول,200 mg,خوراکی 
OXALIPLATIN,اکسالان,پودر,100 mg mg,لئوفیلیزه برای تهیه محلول تزریقی پرنترال
OXALIPLATIN,زوپلات,محلول,5 mg/1mL 10 mL,غلیظ تزریقی پرنترال
ARTICAINE / EPINEPHRINE,دنتاکائین,تزریقی,4 %/0.005 mg/1 mL 1.8 mL,پرنترال 
ZINC OXIDE,زینک اکسید عماد,پماد,25 % 30 g,موضعی 
INDOMETHACIN,ایندومتاسین,کپسول,25 mg,خوراکی 
METHYLPHENIDATE HYDROCHLORIDE,متیل فنیدات,,10 mg,قرص خوراکی
OLOPATADINE HYDROCHLORIDE,اولانتین,اسپری,0.6 % 20 mL,از راه بینی
MUPIROCIN,آفیروسین,پماد,2 % 15 g,موضعی 
CEFALEXIN,سفالکسین,پودر,125 mg/5mL 100 mL,برای تهیه سوسپانسیون خوراکی
VITAMIN B1 (THIAMINE),تیاماکس,قرص,300 mg,خوراکی 
POVIDONE IODINE,بهسادین  اسکراب,محلول,7.5 % 1 L,موضعی 
REGORAFENIB,استیوارگا,قرص,40 mg,خوراکی 
CETRORELIX,سترورلیکس,پودر,250 ug ug,برای تهیه محلول تزریقی پرنترال
CASPOFUNGIN ACETATE,لتوکان,پودر,50 mg mg,برای تهیه محلول تزریقی پرنترال
SODIUM PICOSULFATE / MAGNESIUM OXIDE / CITRIC ACID,نوناپیک,پودر,10 mg/3.5 g/12 g g,برای تهیه محلول خوراکی
CARBOPLATIN,کربوپلات,محلول,10 mg/1mL 5 mL,غلیظ تزریقی داخل وریدی
DONEPEZIL HYDROCHLORIDE,آلپزیل,قرص,10 mg,خوراکی 
SODIUM TETRADECYL SULFATE,فیبرووین,تزریقی,3 % 2 mL,پرنترال 
LEVODOPA / CARBIDOPA,پارکین-سی,قرص,100 mg/10 mg,خوراکی 
OXCARBAZEPINE,اکس کارپین,قرص,150 mg,خوراکی 
EPIRUBICIN HYDROCHLORIDE,اپی روبین,محلول,2 mg/1mL 25 mL,غلیظ تزریقی پرنترال
LIOTHYRONINE SODIUM,لیوتیرونین,قرص,25 ug,خوراکی 
TEMOZOLOMIDE,آمیتزو,کپسول,250 mg,خوراکی 
TADALAFIL,پروسیال,قرص,5 mg,خوراکی 
PERMETHRIN,نیکسامل,کرم,1 % 60 g,موضعی 
SACUBITRIL / VALSARTAN,زیوالس,قرص,97 mg/103 mg,خوراکی 
AMOXICILLIN,آفاموکس,کپسول,250 mg,خوراکی 
ENOXAPARIN SODIUM,انوکسیر,تزریقی,100 mg/1mL 0.6 mL,پرنترال 
IBUPROFEN / OXYCODONE HYDROCHLORIDE,ادویکودون,قرص,400 mg/5 mg,خوراکی 
NALTREXONE,اگزوپیو,پودر,380 mg mg,برای تهیه سوسپانسیون تزریقی پیوسته رهش پرنترال
GLICLAZIDE,گلیکوور,قرص,60 mg,پیوسته رهش خوراکی
MESALAZINE,مزالون,قرص,500 mg,انتریک کوتد خوراکی
VALSARTAN / HYDROCHLOROTHIAZIDE,پانامیکس,قرص,80 mg/12.5 mg,خوراکی 
TERIFLUNOMIDE,تبازیو,قرص,14 mg,خوراکی 
TOPIRAMATE,توپیرامات,قرص,25 mg,خوراکی 
TRIPTORELIN (AS ACETATE),میکرورلین,پودر,3.75 mg mg,لئوفیلیزه برای تهیه سوسپانسیون تزریقی پیوسته رهش پرنترال
CLINDAMYCIN (AS PHOSPHATE),دالادیک,تزریقی,150 mg/1mL 2 mL,پرنترال 
CLOTRIMAZOLE,کانازول,کرم,2 % 50 g,واژینال 
LEVETIRACETAM,لوکین,قرص,500 mg,خوراکی 
DIENOGEST,اندورین-آی اچ,قرص,2 mg,خوراکی 
PEDIATRIC GRIPPE,اگزاکید,شربت,0.67 mg/10 mg/5mL 60 mL,خوراکی 
SODIUM CHLORIDE,سدیم کلراید,محلول,0.9 % 100 mL,تزریقی پرنترال
ESOMEPRAZOLE (AS MAGNESIUM),اموزکت,کپسول,40 mg,انتریک کوتد خوراکی
MESALAZINE,مزاکتال,انما,4 g/100mL mL,مقعدی 
TRIAMCINOLONE ACETONIDE,تریمیزان,پماد,0.1 % 15 g,موضعی 
AZITHROMYCIN,بهزیترو,قرص,500 mg,خوراکی 
DAPOXETINE (AS HYDROCHLORIDE),دیلی پوکس,قرص,30 mg,خوراکی 
CALCIUM FOLINATE,کلسیم فولینات,قرص,15 mg,خوراکی 
RISPERIDONE,ریسبریکس,قرص,4 mg,خوراکی 
TAMSULOSIN HYDROCHLORIDE,تاموسین,کپسول,0.4 mg,پیوسته رهش خوراکی
CYCLOPHOSPHAMIDE,سیکلوسدال,پودر,500 mg mg,برای تهیه محلول تزریقی پرنترال
URSODEOXYCHOLIC ACID,بایلدکس,سوسپانسیون,250 mg/5mL 250 mL,خوراکی 
NILOTINIB,بانولیب,کپسول,150 mg,خوراکی 
MESALAZINE,مزالوور,گرانول,2 g g,پیوسته رهش خوراکی
SUNITINIB (AS MALATE),تایسونا,کپسول,25 mg,خوراکی 
GOSERELIN (AS ACETATE),زولادکس,ایمپلنت,3.6 mg mg,پرنترال 
SERTRALINE (AS HYDROCHLORIDE),سرترابایول,قرص,100 mg,خوراکی 
ACETAMINOPHEN / CAFFEINE / IBUPROFEN,مگافن پین,کپسول,325 mg/40 mg/200 mg,خوراکی 
BISOPROLOL FUMARATE,پروفام,قرص,10 mg,خوراکی 
DICLOFENAC SODIUM,دیکلوکیم,قرص,25 mg,انتریک کوتد خوراکی
CEFIXIME,سفیکسیم,پودر,100 mg/5 mL 50 mL,برای تهیه سوسپانسیون خوراکی
LEVOTHYROXINE SODIUM,لووکسین,قرص,100 ug,خوراکی 
IBUPROFEN,فنوفن,تزریقی,100 mg/1mL 4 mL,پرنترال 
MOMETASONE FUROATE,مگاکورت,لوسیون,0.1 % 20 mL,موضعی 
ESCITALOPRAM (AS OXALATE),اس سیتالوپرام,,10 mg,قرص خوراکی
ONDANSETRON (AS HYDROCHLORIDE),اندانسترون بهسا,محلول,4 mg/5mL 60 mL,خوراکی 
AZITHROMYCIN,زیتروسد,کپسول,500 mg,خوراکی 
AZITHROMYCIN,آزیتروکی,پودر,100 mg/5mL 30 g,برای تهیه سوسپانسیون خوراکی
NALOXONE HYDROCHLORIDE,نالوکسون,تزریقی,0.4 mg/1mL mL,پرنترال 
INSULIN ASPART,نوومیکس فلکس پن,سوسپانسیون,100 [iU]/1mL 3 mL,تزریقی پرنترال
DORZOLAMIDE (AS HYDROCHLORIDE) / TIMOLOL (AS MALEATE),تیموزوپت,"محلول،",2 %/0.5 % 5 mL,قطره چشمی
CEFALEXIN,سفلکس,پودر,125 mg/5mL 100 mL,برای تهیه سوسپانسیون خوراکی
CABERGOLINE,دوپاگولین,قرص,0.5 mg,خوراکی 
PRIMIDONE,پری لپس,قرص,50 mg,خوراکی 
,,,, 
,,,, 
,,,, 
,,,, 
,,,, 
,,,, 
,,,, 
,,,, 
,,,, 
,,,, 
,,,, 
,,,, 
,,,, 
,,,, 
,,,, 
,,,, 
,,,, 
,,,, 
,,,, 
,,,, 
,,,, 
,,,, 
,,,, 
,,,, 
,,,, 
,,,, 
,,,, 
,,,, 
,,,, 
,,,, 
,,,, 
,,,, 
,,,, 
,,,, 
,,,, 
,,,, 
,,,, 
,,,, 
,,,, 
,,,, 
,,,, 
,,,, 
,,,, 
,,,, 
,,,, 
,,,, 
